user_id,membership_type
U00001,Free
U00002,Premium
U00003,Free
U00004,Free
U00005,Premium
U00006,Free
U00007,Free
U00008,Premium
U00009,Free
U00010,Free
U00011,Premium
U00012,Free
U00013,Free
U00014,Premium
U00015,Premium
U00016,Free
U00017,Free
U00018,Free
U00019,Premium
U00020,Premium
U00021,Premium
U00022,Free
U00023,Free
U00024,Free
U00025,Free
U00026,Free
U00027,Free
U00028,Premium
U00029,Premium
U00030,Premium
U00031,Premium
U00032,Free
U00033,Free
U00034,Free
U00035,Free
U00036,Premium
U00037,Premium
U00038,Free
U00039,Free
U00040,Free
U00041,Free
U00042,Free
U00043,Premium
U00044,Free
U00045,Premium
U00046,Free
U00047,Free
U00048,Premium
U00049,Free
U00050,Free
U00051,Free
U00052,Premium
U00053,Premium
U00054,Free
U00055,Premium
U00056,Free
U00057,Free
U00058,Free
U00059,Premium
U00060,Free
U00061,Premium
U00062,Free
U00063,Free
U00064,Free
U00065,Free
U00066,Free
U00067,Premium
U00068,Free
U00069,Premium
U00070,Free
U00071,Premium
U00072,Free
U00073,Free
U00074,Free
U00075,Free
U00076,Free
U00077,Free
U00078,Premium
U00079,Free
U00080,Free
U00081,Free
U00082,Premium
U00083,Premium
U00084,Free
U00085,Premium
U00086,Free
U00087,Premium
U00088,Premium
U00089,Premium
U00090,Free
U00091,Free
U00092,Free
U00093,Free
U00094,Free
U00095,Free
U00096,Free
U00097,Free
U00098,Free
U00099,Free
U00100,Free
U00101,Free
U00102,Premium
U00103,Premium
U00104,Free
U00105,Free
U00106,Premium
U00107,Free
U00108,Free
U00109,Free
U00110,Premium
U00111,Free
U00112,Premium
U00113,Free
U00114,Premium
U00115,Free
U00116,Premium
U00117,Premium
U00118,Premium
U00119,Premium
U00120,Free
U00121,Premium
U00122,Free
U00123,Free
U00124,Free
U00125,Premium
U00126,Free
U00127,Premium
U00128,Free
U00129,Free
U00130,Free
U00131,Free
U00132,Free
U00133,Premium
U00134,Premium
U00135,Free
U00136,Free
U00137,Free
U00138,Premium
U00139,Free
U00140,Free
U00141,Premium
U00142,Premium
U00143,Free
U00144,Free
U00145,Free
U00146,Free
U00147,Premium
U00148,Free
U00149,Free
U00150,Free
U00151,Free
U00152,Free
U00153,Free
U00154,Premium
U00155,Free
U00156,Free
U00157,Premium
U00158,Free
U00159,Premium
U00160,Premium
U00161,Free
U00162,Free
U00163,Free
U00164,Free
U00165,Free
U00166,Premium
U00167,Premium
U00168,Free
U00169,Free
U00170,Free
U00171,Free
U00172,Free
U00173,Free
U00174,Premium
U00175,Free
U00176,Free
U00177,Free
U00178,Premium
U00179,Premium
U00180,Premium
U00181,Premium
U00182,Free
U00183,Free
U00184,Free
U00185,Free
U00186,Free
U00187,Premium
U00188,Premium
U00189,Premium
U00190,Free
U00191,Free
U00192,Free
U00193,Free
U00194,Free
U00195,Free
U00196,Free
U00197,Premium
U00198,Free
U00199,Premium
U00200,Free
U00201,Free
U00202,Free
U00203,Free
U00204,Free
U00205,Premium
U00206,Premium
U00207,Free
U00208,Premium
U00209,Free
U00210,Free
U00211,Free
U00212,Free
U00213,Free
U00214,Free
U00215,Free
U00216,Premium
U00217,Free
U00218,Free
U00219,Free
U00220,Free
U00221,Premium
U00222,Free
U00223,Free
U00224,Premium
U00225,Premium
U00226,Premium
U00227,Free
U00228,Free
U00229,Free
U00230,Free
U00231,Free
U00232,Free
U00233,Premium
U00234,Premium
U00235,Free
U00236,Free
U00237,Premium
U00238,Premium
U00239,Premium
U00240,Free
U00241,Free
U00242,Free
U00243,Free
U00244,Free
U00245,Free
U00246,Free
U00247,Free
U00248,Premium
U00249,Free
U00250,Free
U00251,Premium
U00252,Free
U00253,Free
U00254,Premium
U00255,Free
U00256,Free
U00257,Free
U00258,Free
U00259,Premium
U00260,Premium
U00261,Free
U00262,Free
U00263,Free
U00264,Free
U00265,Free
U00266,Free
U00267,Free
U00268,Free
U00269,Free
U00270,Premium
U00271,Free
U00272,Premium
U00273,Free
U00274,Free
U00275,Free
U00276,Premium
U00277,Premium
U00278,Free
U00279,Premium
U00280,Free
U00281,Free
U00282,Free
U00283,Premium
U00284,Free
U00285,Free
U00286,Free
U00287,Premium
U00288,Free
U00289,Free
U00290,Premium
U00291,Free
U00292,Free
U00293,Premium
U00294,Free
U00295,Free
U00296,Premium
U00297,Free
U00298,Free
U00299,Free
U00300,Free
U00301,Free
U00302,Premium
U00303,Premium
U00304,Free
U00305,Free
U00306,Premium
U00307,Free
U00308,Free
U00309,Free
U00310,Premium
U00311,Premium
U00312,Free
U00313,Free
U00314,Free
U00315,Free
U00316,Premium
U00317,Premium
U00318,Premium
U00319,Premium
U00320,Free
U00321,Free
U00322,Premium
U00323,Free
U00324,Free
U00325,Premium
U00326,Free
U00327,Free
U00328,Free
U00329,Free
U00330,Premium
U00331,Free
U00332,Free
U00333,Free
U00334,Premium
U00335,Premium
U00336,Free
U00337,Free
U00338,Free
U00339,Free
U00340,Free
U00341,Free
U00342,Free
U00343,Premium
U00344,Free
U00345,Free
U00346,Free
U00347,Free
U00348,Free
U00349,Premium
U00350,Premium
U00351,Premium
U00352,Free
U00353,Free
U00354,Free
U00355,Free
U00356,Free
U00357,Free
U00358,Premium
U00359,Free
U00360,Free
U00361,Premium
U00362,Free
U00363,Free
U00364,Free
U00365,Free
U00366,Free
U00367,Premium
U00368,Free
U00369,Free
U00370,Free
U00371,Free
U00372,Free
U00373,Free
U00374,Free
U00375,Free
U00376,Free
U00377,Free
U00378,Free
U00379,Premium
U00380,Free
U00381,Free
U00382,Free
U00383,Premium
U00384,Free
U00385,Free
U00386,Free
U00387,Free
U00388,Free
U00389,Premium
U00390,Free
U00391,Premium
U00392,Premium
U00393,Premium
U00394,Free
U00395,Premium
U00396,Premium
U00397,Premium
U00398,Free
U00399,Free
U00400,Free
U00401,Free
U00402,Premium
U00403,Premium
U00404,Premium
U00405,Free
U00406,Free
U00407,Premium
U00408,Free
U00409,Free
U00410,Premium
U00411,Premium
U00412,Free
U00413,Premium
U00414,Free
U00415,Free
U00416,Free
U00417,Free
U00418,Premium
U00419,Premium
U00420,Premium
U00421,Free
U00422,Free
U00423,Free
U00424,Free
U00425,Free
U00426,Free
U00427,Premium
U00428,Free
U00429,Premium
U00430,Premium
U00431,Premium
U00432,Free
U00433,Free
U00434,Premium
U00435,Free
U00436,Premium
U00437,Free
U00438,Free
U00439,Free
U00440,Free
U00441,Free
U00442,Free
U00443,Free
U00444,Free
U00445,Free
U00446,Premium
U00447,Free
U00448,Premium
U00449,Free
U00450,Free
U00451,Premium
U00452,Free
U00453,Free
U00454,Free
U00455,Premium
U00456,Free
U00457,Free
U00458,Premium
U00459,Free
U00460,Free
U00461,Free
U00462,Free
U00463,Free
U00464,Free
U00465,Free
U00466,Free
U00467,Free
U00468,Free
U00469,Free
U00470,Premium
U00471,Premium
U00472,Free
U00473,Premium
U00474,Premium
U00475,Free
U00476,Free
U00477,Free
U00478,Premium
U00479,Premium
U00480,Free
U00481,Free
U00482,Free
U00483,Free
U00484,Free
U00485,Premium
U00486,Free
U00487,Premium
U00488,Premium
U00489,Free
U00490,Premium
U00491,Free
U00492,Free
U00493,Free
U00494,Free
U00495,Free
U00496,Free
U00497,Free
U00498,Free
U00499,Free
U00500,Free
U00501,Free
U00502,Free
U00503,Free
U00504,Premium
U00505,Free
U00506,Free
U00507,Free
U00508,Premium
U00509,Free
U00510,Premium
U00511,Free
U00512,Free
U00513,Free
U00514,Free
U00515,Premium
U00516,Free
U00517,Premium
U00518,Free
U00519,Free
U00520,Premium
U00521,Free
U00522,Free
U00523,Premium
U00524,Free
U00525,Free
U00526,Premium
U00527,Premium
U00528,Free
U00529,Free
U00530,Premium
U00531,Premium
U00532,Free
U00533,Free
U00534,Premium
U00535,Free
U00536,Free
U00537,Free
U00538,Free
U00539,Free
U00540,Premium
U00541,Premium
U00542,Free
U00543,Free
U00544,Free
U00545,Premium
U00546,Free
U00547,Free
U00548,Free
U00549,Free
U00550,Premium
U00551,Free
U00552,Free
U00553,Free
U00554,Premium
U00555,Free
U00556,Premium
U00557,Premium
U00558,Premium
U00559,Premium
U00560,Free
U00561,Free
U00562,Free
U00563,Premium
U00564,Premium
U00565,Free
U00566,Premium
U00567,Premium
U00568,Premium
U00569,Free
U00570,Free
U00571,Free
U00572,Free
U00573,Free
U00574,Free
U00575,Premium
U00576,Free
U00577,Premium
U00578,Free
U00579,Premium
U00580,Free
U00581,Free
U00582,Free
U00583,Free
U00584,Free
U00585,Free
U00586,Premium
U00587,Free
U00588,Premium
U00589,Free
U00590,Free
U00591,Free
U00592,Free
U00593,Free
U00594,Free
U00595,Free
U00596,Free
U00597,Free
U00598,Free
U00599,Free
U00600,Free
U00601,Free
U00602,Free
U00603,Free
U00604,Free
U00605,Free
U00606,Free
U00607,Premium
U00608,Free
U00609,Free
U00610,Premium
U00611,Free
U00612,Free
U00613,Free
U00614,Free
U00615,Premium
U00616,Premium
U00617,Free
U00618,Premium
U00619,Premium
U00620,Free
U00621,Free
U00622,Free
U00623,Premium
U00624,Premium
U00625,Free
U00626,Free
U00627,Free
U00628,Free
U00629,Free
U00630,Free
U00631,Free
U00632,Free
U00633,Free
U00634,Free
U00635,Free
U00636,Premium
U00637,Free
U00638,Premium
U00639,Free
U00640,Free
U00641,Premium
U00642,Free
U00643,Premium
U00644,Free
U00645,Free
U00646,Free
U00647,Free
U00648,Free
U00649,Premium
U00650,Free
U00651,Free
U00652,Free
U00653,Free
U00654,Premium
U00655,Premium
U00656,Free
U00657,Premium
U00658,Free
U00659,Free
U00660,Free
U00661,Premium
U00662,Free
U00663,Premium
U00664,Free
U00665,Free
U00666,Premium
U00667,Premium
U00668,Premium
U00669,Free
U00670,Free
U00671,Free
U00672,Free
U00673,Free
U00674,Premium
U00675,Premium
U00676,Free
U00677,Premium
U00678,Free
U00679,Premium
U00680,Free
U00681,Free
U00682,Free
U00683,Free
U00684,Free
U00685,Free
U00686,Premium
U00687,Free
U00688,Premium
U00689,Premium
U00690,Free
U00691,Free
U00692,Free
U00693,Free
U00694,Free
U00695,Free
U00696,Free
U00697,Free
U00698,Premium
U00699,Free
U00700,Free
U00701,Premium
U00702,Free
U00703,Free
U00704,Premium
U00705,Free
U00706,Premium
U00707,Free
U00708,Free
U00709,Premium
U00710,Premium
U00711,Premium
U00712,Premium
U00713,Free
U00714,Free
U00715,Premium
U00716,Free
U00717,Free
U00718,Premium
U00719,Free
U00720,Free
U00721,Premium
U00722,Free
U00723,Free
U00724,Premium
U00725,Free
U00726,Free
U00727,Premium
U00728,Free
U00729,Premium
U00730,Free
U00731,Premium
U00732,Free
U00733,Free
U00734,Free
U00735,Premium
U00736,Free
U00737,Premium
U00738,Free
U00739,Premium
U00740,Free
U00741,Premium
U00742,Free
U00743,Free
U00744,Free
U00745,Free
U00746,Free
U00747,Free
U00748,Free
U00749,Free
U00750,Free
U00751,Free
U00752,Free
U00753,Premium
U00754,Free
U00755,Free
U00756,Free
U00757,Free
U00758,Free
U00759,Free
U00760,Free
U00761,Premium
U00762,Premium
U00763,Free
U00764,Free
U00765,Free
U00766,Premium
U00767,Premium
U00768,Free
U00769,Free
U00770,Premium
U00771,Free
U00772,Premium
U00773,Premium
U00774,Premium
U00775,Free
U00776,Free
U00777,Premium
U00778,Premium
U00779,Free
U00780,Free
U00781,Premium
U00782,Free
U00783,Premium
U00784,Premium
U00785,Free
U00786,Free
U00787,Free
U00788,Free
U00789,Free
U00790,Free
U00791,Premium
U00792,Premium
U00793,Free
U00794,Free
U00795,Free
U00796,Free
U00797,Free
U00798,Free
U00799,Premium
U00800,Free
U00801,Free
U00802,Free
U00803,Premium
U00804,Free
U00805,Free
U00806,Premium
U00807,Premium
U00808,Premium
U00809,Free
U00810,Free
U00811,Premium
U00812,Free
U00813,Free
U00814,Premium
U00815,Free
U00816,Free
U00817,Free
U00818,Premium
U00819,Premium
U00820,Premium
U00821,Free
U00822,Free
U00823,Premium
U00824,Free
U00825,Free
U00826,Free
U00827,Premium
U00828,Free
U00829,Free
U00830,Free
U00831,Free
U00832,Premium
U00833,Free
U00834,Free
U00835,Free
U00836,Premium
U00837,Premium
U00838,Free
U00839,Free
U00840,Free
U00841,Free
U00842,Free
U00843,Free
U00844,Free
U00845,Free
U00846,Free
U00847,Free
U00848,Free
U00849,Premium
U00850,Free
U00851,Premium
U00852,Free
U00853,Free
U00854,Free
U00855,Free
U00856,Free
U00857,Free
U00858,Premium
U00859,Free
U00860,Free
U00861,Free
U00862,Free
U00863,Free
U00864,Free
U00865,Free
U00866,Free
U00867,Free
U00868,Premium
U00869,Free
U00870,Premium
U00871,Free
U00872,Premium
U00873,Free
U00874,Free
U00875,Free
U00876,Free
U00877,Free
U00878,Free
U00879,Free
U00880,Free
U00881,Free
U00882,Free
U00883,Premium
U00884,Premium
U00885,Premium
U00886,Free
U00887,Free
U00888,Free
U00889,Free
U00890,Free
U00891,Free
U00892,Free
U00893,Premium
U00894,Free
U00895,Free
U00896,Premium
U00897,Premium
U00898,Free
U00899,Free
U00900,Free
U00901,Free
U00902,Free
U00903,Premium
U00904,Premium
U00905,Free
U00906,Free
U00907,Free
U00908,Premium
U00909,Premium
U00910,Premium
U00911,Free
U00912,Free
U00913,Premium
U00914,Premium
U00915,Premium
U00916,Free
U00917,Free
U00918,Premium
U00919,Free
U00920,Free
U00921,Free
U00922,Free
U00923,Free
U00924,Free
U00925,Premium
U00926,Free
U00927,Free
U00928,Free
U00929,Free
U00930,Free
U00931,Free
U00932,Free
U00933,Free
U00934,Free
U00935,Free
U00936,Free
U00937,Free
U00938,Free
U00939,Free
U00940,Free
U00941,Free
U00942,Free
U00943,Free
U00944,Premium
U00945,Free
U00946,Premium
U00947,Premium
U00948,Free
U00949,Free
U00950,Premium
U00951,Free
U00952,Free
U00953,Free
U00954,Free
U00955,Free
U00956,Free
U00957,Free
U00958,Premium
U00959,Free
U00960,Premium
U00961,Free
U00962,Premium
U00963,Premium
U00964,Free
U00965,Free
U00966,Free
U00967,Premium
U00968,Free
U00969,Premium
U00970,Premium
U00971,Premium
U00972,Free
U00973,Premium
U00974,Free
U00975,Free
U00976,Premium
U00977,Free
U00978,Free
U00979,Free
U00980,Free
U00981,Free
U00982,Free
U00983,Free
U00984,Free
U00985,Premium
U00986,Free
U00987,Free
U00988,Free
U00989,Free
U00990,Free
U00991,Free
U00992,Free
U00993,Free
U00994,Premium
U00995,Free
U00996,Free
U00997,Premium
U00998,Free
U00999,Free
U01000,Premium
U01001,Free
U01002,Free
U01003,Free
U01004,Free
U01005,Premium
U01006,Free
U01007,Free
U01008,Free
U01009,Free
U01010,Free
U01011,Free
U01012,Premium
U01013,Free
U01014,Premium
U01015,Free
U01016,Free
U01017,Free
U01018,Free
U01019,Free
U01020,Free
U01021,Free
U01022,Free
U01023,Free
U01024,Free
U01025,Premium
U01026,Free
U01027,Free
U01028,Premium
U01029,Free
U01030,Free
U01031,Free
U01032,Premium
U01033,Free
U01034,Free
U01035,Free
U01036,Free
U01037,Free
U01038,Free
U01039,Free
U01040,Free
U01041,Premium
U01042,Free
U01043,Free
U01044,Free
U01045,Premium
U01046,Free
U01047,Free
U01048,Free
U01049,Free
U01050,Premium
U01051,Free
U01052,Free
U01053,Free
U01054,Premium
U01055,Premium
U01056,Free
U01057,Premium
U01058,Free
U01059,Free
U01060,Free
U01061,Free
U01062,Free
U01063,Free
U01064,Premium
U01065,Free
U01066,Free
U01067,Free
U01068,Free
U01069,Premium
U01070,Free
U01071,Free
U01072,Free
U01073,Free
U01074,Premium
U01075,Premium
U01076,Premium
U01077,Premium
U01078,Premium
U01079,Free
U01080,Free
U01081,Free
U01082,Premium
U01083,Free
U01084,Free
U01085,Free
U01086,Free
U01087,Free
U01088,Premium
U01089,Free
U01090,Premium
U01091,Free
U01092,Free
U01093,Free
U01094,Free
U01095,Premium
U01096,Free
U01097,Free
U01098,Free
U01099,Free
U01100,Free
U01101,Premium
U01102,Premium
U01103,Premium
U01104,Free
U01105,Free
U01106,Free
U01107,Premium
U01108,Free
U01109,Premium
U01110,Free
U01111,Premium
U01112,Free
U01113,Free
U01114,Premium
U01115,Premium
U01116,Free
U01117,Premium
U01118,Free
U01119,Free
U01120,Free
U01121,Free
U01122,Free
U01123,Free
U01124,Free
U01125,Premium
U01126,Free
U01127,Free
U01128,Free
U01129,Premium
U01130,Premium
U01131,Premium
U01132,Free
U01133,Free
U01134,Free
U01135,Premium
U01136,Premium
U01137,Premium
U01138,Free
U01139,Free
U01140,Free
U01141,Free
U01142,Premium
U01143,Free
U01144,Free
U01145,Premium
U01146,Premium
U01147,Free
U01148,Premium
U01149,Free
U01150,Free
U01151,Free
U01152,Free
U01153,Premium
U01154,Premium
U01155,Free
U01156,Free
U01157,Free
U01158,Free
U01159,Free
U01160,Premium
U01161,Free
U01162,Free
U01163,Free
U01164,Free
U01165,Premium
U01166,Premium
U01167,Free
U01168,Free
U01169,Free
U01170,Free
U01171,Free
U01172,Premium
U01173,Free
U01174,Premium
U01175,Free
U01176,Free
U01177,Premium
U01178,Free
U01179,Free
U01180,Premium
U01181,Free
U01182,Premium
U01183,Free
U01184,Premium
U01185,Free
U01186,Free
U01187,Free
U01188,Free
U01189,Premium
U01190,Premium
U01191,Free
U01192,Free
U01193,Free
U01194,Free
U01195,Free
U01196,Free
U01197,Premium
U01198,Premium
U01199,Free
U01200,Free
U01201,Premium
U01202,Premium
U01203,Free
U01204,Premium
U01205,Free
U01206,Premium
U01207,Premium
U01208,Free
U01209,Free
U01210,Free
U01211,Free
U01212,Premium
U01213,Free
U01214,Premium
U01215,Free
U01216,Free
U01217,Premium
U01218,Premium
U01219,Free
U01220,Free
U01221,Free
U01222,Premium
U01223,Free
U01224,Premium
U01225,Premium
U01226,Free
U01227,Free
U01228,Free
U01229,Free
U01230,Free
U01231,Free
U01232,Free
U01233,Free
U01234,Free
U01235,Free
U01236,Free
U01237,Free
U01238,Premium
U01239,Premium
U01240,Free
U01241,Free
U01242,Free
U01243,Premium
U01244,Free
U01245,Premium
U01246,Free
U01247,Premium
U01248,Free
U01249,Premium
U01250,Free
U01251,Free
U01252,Free
U01253,Premium
U01254,Premium
U01255,Free
U01256,Free
U01257,Free
U01258,Premium
U01259,Free
U01260,Free
U01261,Free
U01262,Free
U01263,Free
U01264,Free
U01265,Free
U01266,Free
U01267,Free
U01268,Premium
U01269,Free
U01270,Free
U01271,Free
U01272,Free
U01273,Premium
U01274,Free
U01275,Free
U01276,Free
U01277,Premium
U01278,Free
U01279,Free
U01280,Free
U01281,Free
U01282,Premium
U01283,Premium
U01284,Free
U01285,Free
U01286,Premium
U01287,Free
U01288,Free
U01289,Free
U01290,Premium
U01291,Free
U01292,Free
U01293,Free
U01294,Free
U01295,Free
U01296,Free
U01297,Premium
U01298,Free
U01299,Premium
U01300,Free
U01301,Free
U01302,Free
U01303,Premium
U01304,Premium
U01305,Free
U01306,Free
U01307,Premium
U01308,Free
U01309,Premium
U01310,Premium
U01311,Premium
U01312,Free
U01313,Premium
U01314,Premium
U01315,Premium
U01316,Free
U01317,Free
U01318,Premium
U01319,Free
U01320,Premium
U01321,Free
U01322,Premium
U01323,Premium
U01324,Premium
U01325,Premium
U01326,Free
U01327,Free
U01328,Free
U01329,Premium
U01330,Free
U01331,Premium
U01332,Free
U01333,Free
U01334,Free
U01335,Premium
U01336,Free
U01337,Premium
U01338,Premium
U01339,Premium
U01340,Premium
U01341,Free
U01342,Free
U01343,Free
U01344,Free
U01345,Premium
U01346,Premium
U01347,Free
U01348,Free
U01349,Premium
U01350,Free
U01351,Free
U01352,Free
U01353,Free
U01354,Free
U01355,Free
U01356,Free
U01357,Premium
U01358,Free
U01359,Free
U01360,Free
U01361,Free
U01362,Free
U01363,Premium
U01364,Free
U01365,Free
U01366,Premium
U01367,Premium
U01368,Free
U01369,Free
U01370,Free
U01371,Free
U01372,Free
U01373,Premium
U01374,Free
U01375,Free
U01376,Free
U01377,Premium
U01378,Free
U01379,Free
U01380,Free
U01381,Free
U01382,Free
U01383,Free
U01384,Free
U01385,Premium
U01386,Free
U01387,Free
U01388,Premium
U01389,Free
U01390,Premium
U01391,Premium
U01392,Free
U01393,Free
U01394,Free
U01395,Free
U01396,Premium
U01397,Premium
U01398,Free
U01399,Free
U01400,Premium
U01401,Free
U01402,Free
U01403,Free
U01404,Free
U01405,Premium
U01406,Premium
U01407,Free
U01408,Free
U01409,Premium
U01410,Free
U01411,Free
U01412,Premium
U01413,Free
U01414,Premium
U01415,Free
U01416,Free
U01417,Premium
U01418,Premium
U01419,Free
U01420,Free
U01421,Free
U01422,Premium
U01423,Free
U01424,Free
U01425,Premium
U01426,Free
U01427,Free
U01428,Free
U01429,Premium
U01430,Premium
U01431,Free
U01432,Free
U01433,Free
U01434,Free
U01435,Free
U01436,Premium
U01437,Premium
U01438,Free
U01439,Free
U01440,Free
U01441,Free
U01442,Free
U01443,Free
U01444,Free
U01445,Free
U01446,Free
U01447,Premium
U01448,Free
U01449,Free
U01450,Free
U01451,Free
U01452,Free
U01453,Free
U01454,Free
U01455,Free
U01456,Premium
U01457,Premium
U01458,Free
U01459,Free
U01460,Free
U01461,Free
U01462,Free
U01463,Free
U01464,Free
U01465,Premium
U01466,Premium
U01467,Free
U01468,Premium
U01469,Premium
U01470,Free
U01471,Premium
U01472,Free
U01473,Premium
U01474,Free
U01475,Free
U01476,Free
U01477,Free
U01478,Free
U01479,Free
U01480,Premium
U01481,Free
U01482,Free
U01483,Free
U01484,Free
U01485,Premium
U01486,Premium
U01487,Premium
U01488,Free
U01489,Free
U01490,Free
U01491,Premium
U01492,Premium
U01493,Free
U01494,Free
U01495,Free
U01496,Free
U01497,Free
U01498,Free
U01499,Free
U01500,Free
U01501,Free
U01502,Free
U01503,Premium
U01504,Free
U01505,Free
U01506,Free
U01507,Free
U01508,Premium
U01509,Free
U01510,Free
U01511,Free
U01512,Free
U01513,Free
U01514,Premium
U01515,Premium
U01516,Free
U01517,Free
U01518,Premium
U01519,Free
U01520,Free
U01521,Premium
U01522,Premium
U01523,Free
U01524,Premium
U01525,Premium
U01526,Premium
U01527,Premium
U01528,Free
U01529,Free
U01530,Free
U01531,Free
U01532,Free
U01533,Free
U01534,Free
U01535,Free
U01536,Free
U01537,Free
U01538,Free
U01539,Premium
U01540,Free
U01541,Premium
U01542,Premium
U01543,Free
U01544,Free
U01545,Free
U01546,Free
U01547,Free
U01548,Free
U01549,Free
U01550,Free
U01551,Free
U01552,Free
U01553,Free
U01554,Free
U01555,Free
U01556,Free
U01557,Free
U01558,Free
U01559,Free
U01560,Free
U01561,Free
U01562,Premium
U01563,Free
U01564,Free
U01565,Free
U01566,Premium
U01567,Premium
U01568,Free
U01569,Free
U01570,Free
U01571,Free
U01572,Free
U01573,Premium
U01574,Free
U01575,Premium
U01576,Free
U01577,Free
U01578,Free
U01579,Free
U01580,Free
U01581,Free
U01582,Premium
U01583,Free
U01584,Premium
U01585,Free
U01586,Premium
U01587,Premium
U01588,Free
U01589,Premium
U01590,Premium
U01591,Free
U01592,Free
U01593,Premium
U01594,Free
U01595,Free
U01596,Free
U01597,Free
U01598,Premium
U01599,Free
U01600,Premium
U01601,Premium
U01602,Free
U01603,Free
U01604,Free
U01605,Free
U01606,Free
U01607,Premium
U01608,Premium
U01609,Free
U01610,Premium
U01611,Free
U01612,Free
U01613,Free
U01614,Free
U01615,Free
U01616,Free
U01617,Premium
U01618,Premium
U01619,Free
U01620,Premium
U01621,Free
U01622,Premium
U01623,Premium
U01624,Premium
U01625,Free
U01626,Premium
U01627,Premium
U01628,Free
U01629,Free
U01630,Free
U01631,Free
U01632,Premium
U01633,Premium
U01634,Free
U01635,Free
U01636,Free
U01637,Premium
U01638,Free
U01639,Free
U01640,Free
U01641,Premium
U01642,Free
U01643,Premium
U01644,Premium
U01645,Free
U01646,Premium
U01647,Free
U01648,Free
U01649,Free
U01650,Free
U01651,Premium
U01652,Premium
U01653,Free
U01654,Free
U01655,Free
U01656,Free
U01657,Free
U01658,Premium
U01659,Free
U01660,Free
U01661,Free
U01662,Free
U01663,Premium
U01664,Free
U01665,Free
U01666,Premium
U01667,Free
U01668,Premium
U01669,Free
U01670,Free
U01671,Free
U01672,Free
U01673,Premium
U01674,Premium
U01675,Free
U01676,Free
U01677,Free
U01678,Free
U01679,Free
U01680,Free
U01681,Free
U01682,Free
U01683,Free
U01684,Free
U01685,Free
U01686,Free
U01687,Free
U01688,Free
U01689,Premium
U01690,Free
U01691,Free
U01692,Free
U01693,Free
U01694,Free
U01695,Free
U01696,Free
U01697,Premium
U01698,Free
U01699,Premium
U01700,Premium
U01701,Premium
U01702,Free
U01703,Premium
U01704,Free
U01705,Free
U01706,Free
U01707,Premium
U01708,Premium
U01709,Free
U01710,Free
U01711,Premium
U01712,Free
U01713,Premium
U01714,Free
U01715,Premium
U01716,Free
U01717,Free
U01718,Free
U01719,Free
U01720,Premium
U01721,Free
U01722,Free
U01723,Premium
U01724,Premium
U01725,Free
U01726,Premium
U01727,Free
U01728,Free
U01729,Free
U01730,Premium
U01731,Free
U01732,Premium
U01733,Premium
U01734,Free
U01735,Free
U01736,Premium
U01737,Premium
U01738,Free
U01739,Free
U01740,Free
U01741,Free
U01742,Free
U01743,Free
U01744,Free
U01745,Free
U01746,Premium
U01747,Free
U01748,Free
U01749,Premium
U01750,Free
U01751,Free
U01752,Free
U01753,Free
U01754,Free
U01755,Free
U01756,Premium
U01757,Premium
U01758,Premium
U01759,Free
U01760,Premium
U01761,Premium
U01762,Free
U01763,Free
U01764,Free
U01765,Free
U01766,Free
U01767,Free
U01768,Free
U01769,Free
U01770,Free
U01771,Premium
U01772,Free
U01773,Free
U01774,Free
U01775,Free
U01776,Free
U01777,Free
U01778,Free
U01779,Free
U01780,Premium
U01781,Free
U01782,Free
U01783,Free
U01784,Free
U01785,Premium
U01786,Free
U01787,Premium
U01788,Free
U01789,Free
U01790,Free
U01791,Premium
U01792,Free
U01793,Free
U01794,Free
U01795,Free
U01796,Free
U01797,Free
U01798,Free
U01799,Free
U01800,Free
U01801,Free
U01802,Premium
U01803,Free
U01804,Premium
U01805,Premium
U01806,Free
U01807,Free
U01808,Premium
U01809,Free
U01810,Free
U01811,Free
U01812,Free
U01813,Premium
U01814,Premium
U01815,Premium
U01816,Premium
U01817,Free
U01818,Free
U01819,Free
U01820,Free
U01821,Free
U01822,Free
U01823,Free
U01824,Free
U01825,Premium
U01826,Premium
U01827,Free
U01828,Free
U01829,Free
U01830,Free
U01831,Free
U01832,Premium
U01833,Free
U01834,Free
U01835,Free
U01836,Free
U01837,Free
U01838,Free
U01839,Free
U01840,Free
U01841,Free
U01842,Premium
U01843,Free
U01844,Premium
U01845,Free
U01846,Premium
U01847,Free
U01848,Free
U01849,Free
U01850,Free
U01851,Free
U01852,Premium
U01853,Free
U01854,Free
U01855,Free
U01856,Free
U01857,Premium
U01858,Free
U01859,Free
U01860,Premium
U01861,Free
U01862,Free
U01863,Premium
U01864,Free
U01865,Free
U01866,Free
U01867,Free
U01868,Free
U01869,Free
U01870,Free
U01871,Free
U01872,Free
U01873,Free
U01874,Free
U01875,Premium
U01876,Free
U01877,Free
U01878,Free
U01879,Free
U01880,Free
U01881,Free
U01882,Premium
U01883,Free
U01884,Free
U01885,Free
U01886,Free
U01887,Premium
U01888,Free
U01889,Free
U01890,Free
U01891,Free
U01892,Free
U01893,Premium
U01894,Premium
U01895,Premium
U01896,Free
U01897,Premium
U01898,Free
U01899,Free
U01900,Free
U01901,Free
U01902,Free
U01903,Free
U01904,Free
U01905,Free
U01906,Free
U01907,Free
U01908,Free
U01909,Free
U01910,Free
U01911,Free
U01912,Free
U01913,Free
U01914,Free
U01915,Free
U01916,Free
U01917,Premium
U01918,Premium
U01919,Free
U01920,Premium
U01921,Free
U01922,Premium
U01923,Premium
U01924,Free
U01925,Free
U01926,Free
U01927,Premium
U01928,Free
U01929,Free
U01930,Free
U01931,Premium
U01932,Free
U01933,Free
U01934,Free
U01935,Free
U01936,Free
U01937,Free
U01938,Premium
U01939,Free
U01940,Premium
U01941,Free
U01942,Free
U01943,Free
U01944,Free
U01945,Free
U01946,Free
U01947,Free
U01948,Premium
U01949,Free
U01950,Free
U01951,Premium
U01952,Free
U01953,Premium
U01954,Premium
U01955,Free
U01956,Free
U01957,Free
U01958,Free
U01959,Premium
U01960,Free
U01961,Free
U01962,Free
U01963,Premium
U01964,Premium
U01965,Free
U01966,Free
U01967,Free
U01968,Premium
U01969,Free
U01970,Free
U01971,Free
U01972,Premium
U01973,Premium
U01974,Free
U01975,Premium
U01976,Free
U01977,Free
U01978,Free
U01979,Free
U01980,Free
U01981,Premium
U01982,Premium
U01983,Free
U01984,Premium
U01985,Premium
U01986,Free
U01987,Free
U01988,Free
U01989,Free
U01990,Premium
U01991,Premium
U01992,Free
U01993,Premium
U01994,Premium
U01995,Free
U01996,Free
U01997,Premium
U01998,Free
U01999,Free
U02000,Free
U02001,Premium
U02002,Free
U02003,Free
U02004,Premium
U02005,Free
U02006,Free
U02007,Free
U02008,Free
U02009,Free
U02010,Free
U02011,Free
U02012,Premium
U02013,Premium
U02014,Free
U02015,Free
U02016,Premium
U02017,Free
U02018,Premium
U02019,Free
U02020,Free
U02021,Premium
U02022,Free
U02023,Free
U02024,Premium
U02025,Free
U02026,Free
U02027,Free
U02028,Premium
U02029,Free
U02030,Free
U02031,Free
U02032,Free
U02033,Free
U02034,Premium
U02035,Premium
U02036,Premium
U02037,Free
U02038,Premium
U02039,Free
U02040,Free
U02041,Free
U02042,Free
U02043,Free
U02044,Free
U02045,Free
U02046,Premium
U02047,Premium
U02048,Premium
U02049,Free
U02050,Free
U02051,Premium
U02052,Premium
U02053,Free
U02054,Premium
U02055,Free
U02056,Premium
U02057,Free
U02058,Free
U02059,Free
U02060,Premium
U02061,Premium
U02062,Free
U02063,Free
U02064,Free
U02065,Free
U02066,Premium
U02067,Free
U02068,Free
U02069,Free
U02070,Free
U02071,Premium
U02072,Free
U02073,Free
U02074,Free
U02075,Premium
U02076,Free
U02077,Premium
U02078,Free
U02079,Premium
U02080,Free
U02081,Free
U02082,Premium
U02083,Free
U02084,Free
U02085,Free
U02086,Premium
U02087,Free
U02088,Free
U02089,Free
U02090,Free
U02091,Premium
U02092,Free
U02093,Free
U02094,Free
U02095,Free
U02096,Free
U02097,Free
U02098,Free
U02099,Free
U02100,Free
U02101,Free
U02102,Free
U02103,Premium
U02104,Free
U02105,Free
U02106,Free
U02107,Premium
U02108,Premium
U02109,Premium
U02110,Free
U02111,Premium
U02112,Free
U02113,Free
U02114,Free
U02115,Premium
U02116,Free
U02117,Free
U02118,Premium
U02119,Free
U02120,Free
U02121,Free
U02122,Free
U02123,Premium
U02124,Free
U02125,Free
U02126,Free
U02127,Free
U02128,Premium
U02129,Premium
U02130,Premium
U02131,Premium
U02132,Premium
U02133,Free
U02134,Free
U02135,Free
U02136,Free
U02137,Free
U02138,Free
U02139,Premium
U02140,Free
U02141,Premium
U02142,Premium
U02143,Free
U02144,Free
U02145,Free
U02146,Free
U02147,Premium
U02148,Free
U02149,Premium
U02150,Premium
U02151,Premium
U02152,Free
U02153,Free
U02154,Free
U02155,Free
U02156,Free
U02157,Free
U02158,Free
U02159,Free
U02160,Free
U02161,Free
U02162,Free
U02163,Free
U02164,Free
U02165,Free
U02166,Free
U02167,Free
U02168,Premium
U02169,Free
U02170,Free
U02171,Premium
U02172,Free
U02173,Free
U02174,Premium
U02175,Premium
U02176,Free
U02177,Free
U02178,Premium
U02179,Free
U02180,Free
U02181,Free
U02182,Free
U02183,Premium
U02184,Free
U02185,Free
U02186,Free
U02187,Free
U02188,Premium
U02189,Premium
U02190,Premium
U02191,Premium
U02192,Free
U02193,Free
U02194,Premium
U02195,Premium
U02196,Premium
U02197,Free
U02198,Free
U02199,Free
U02200,Free
U02201,Free
U02202,Premium
U02203,Free
U02204,Free
U02205,Free
U02206,Free
U02207,Free
U02208,Premium
U02209,Premium
U02210,Free
U02211,Premium
U02212,Premium
U02213,Free
U02214,Free
U02215,Free
U02216,Premium
U02217,Premium
U02218,Free
U02219,Free
U02220,Free
U02221,Free
U02222,Free
U02223,Premium
U02224,Premium
U02225,Premium
U02226,Free
U02227,Premium
U02228,Free
U02229,Free
U02230,Premium
U02231,Free
U02232,Free
U02233,Free
U02234,Free
U02235,Premium
U02236,Free
U02237,Premium
U02238,Free
U02239,Free
U02240,Free
U02241,Premium
U02242,Free
U02243,Free
U02244,Free
U02245,Premium
U02246,Free
U02247,Premium
U02248,Premium
U02249,Free
U02250,Premium
U02251,Free
U02252,Free
U02253,Free
U02254,Premium
U02255,Premium
U02256,Premium
U02257,Premium
U02258,Free
U02259,Free
U02260,Free
U02261,Free
U02262,Premium
U02263,Premium
U02264,Free
U02265,Free
U02266,Free
U02267,Premium
U02268,Premium
U02269,Premium
U02270,Free
U02271,Premium
U02272,Free
U02273,Free
U02274,Free
U02275,Premium
U02276,Free
U02277,Premium
U02278,Free
U02279,Premium
U02280,Premium
U02281,Free
U02282,Free
U02283,Premium
U02284,Free
U02285,Premium
U02286,Premium
U02287,Free
U02288,Premium
U02289,Free
U02290,Free
U02291,Free
U02292,Premium
U02293,Free
U02294,Free
U02295,Free
U02296,Premium
U02297,Free
U02298,Free
U02299,Free
U02300,Free
U02301,Free
U02302,Premium
U02303,Premium
U02304,Premium
U02305,Premium
U02306,Free
U02307,Free
U02308,Free
U02309,Free
U02310,Free
U02311,Premium
U02312,Free
U02313,Free
U02314,Free
U02315,Free
U02316,Free
U02317,Free
U02318,Free
U02319,Premium
U02320,Premium
U02321,Free
U02322,Free
U02323,Premium
U02324,Free
U02325,Free
U02326,Free
U02327,Free
U02328,Free
U02329,Free
U02330,Premium
U02331,Free
U02332,Premium
U02333,Premium
U02334,Free
U02335,Free
U02336,Free
U02337,Premium
U02338,Free
U02339,Premium
U02340,Premium
U02341,Free
U02342,Free
U02343,Free
U02344,Free
U02345,Free
U02346,Premium
U02347,Premium
U02348,Free
U02349,Free
U02350,Free
U02351,Premium
U02352,Free
U02353,Premium
U02354,Free
U02355,Free
U02356,Premium
U02357,Free
U02358,Free
U02359,Free
U02360,Free
U02361,Free
U02362,Free
U02363,Free
U02364,Premium
U02365,Premium
U02366,Premium
U02367,Free
U02368,Free
U02369,Free
U02370,Premium
U02371,Free
U02372,Free
U02373,Premium
U02374,Free
U02375,Free
U02376,Free
U02377,Free
U02378,Free
U02379,Free
U02380,Premium
U02381,Free
U02382,Free
U02383,Free
U02384,Premium
U02385,Free
U02386,Free
U02387,Premium
U02388,Free
U02389,Free
U02390,Free
U02391,Free
U02392,Premium
U02393,Free
U02394,Free
U02395,Free
U02396,Premium
U02397,Free
U02398,Free
U02399,Free
U02400,Free
U02401,Free
U02402,Free
U02403,Free
U02404,Premium
U02405,Free
U02406,Free
U02407,Free
U02408,Free
U02409,Premium
U02410,Premium
U02411,Free
U02412,Premium
U02413,Premium
U02414,Free
U02415,Free
U02416,Premium
U02417,Premium
U02418,Premium
U02419,Free
U02420,Free
U02421,Premium
U02422,Free
U02423,Premium
U02424,Premium
U02425,Free
U02426,Premium
U02427,Free
U02428,Free
U02429,Premium
U02430,Free
U02431,Free
U02432,Free
U02433,Free
U02434,Free
U02435,Premium
U02436,Free
U02437,Premium
U02438,Premium
U02439,Free
U02440,Premium
U02441,Premium
U02442,Free
U02443,Free
U02444,Premium
U02445,Premium
U02446,Premium
U02447,Premium
U02448,Free
U02449,Free
U02450,Free
U02451,Free
U02452,Free
U02453,Free
U02454,Free
U02455,Free
U02456,Free
U02457,Free
U02458,Free
U02459,Free
U02460,Premium
U02461,Free
U02462,Free
U02463,Free
U02464,Free
U02465,Free
U02466,Premium
U02467,Free
U02468,Free
U02469,Free
U02470,Premium
U02471,Premium
U02472,Free
U02473,Free
U02474,Free
U02475,Premium
U02476,Premium
U02477,Premium
U02478,Premium
U02479,Premium
U02480,Free
U02481,Free
U02482,Free
U02483,Free
U02484,Free
U02485,Free
U02486,Premium
U02487,Free
U02488,Free
U02489,Free
U02490,Free
U02491,Premium
U02492,Free
U02493,Free
U02494,Premium
U02495,Free
U02496,Free
U02497,Premium
U02498,Premium
U02499,Free
U02500,Free
U02501,Premium
U02502,Free
U02503,Free
U02504,Free
U02505,Free
U02506,Free
U02507,Free
U02508,Premium
U02509,Premium
U02510,Free
U02511,Premium
U02512,Free
U02513,Free
U02514,Premium
U02515,Free
U02516,Free
U02517,Free
U02518,Premium
U02519,Premium
U02520,Free
U02521,Free
U02522,Free
U02523,Free
U02524,Free
U02525,Free
U02526,Free
U02527,Premium
U02528,Free
U02529,Premium
U02530,Free
U02531,Premium
U02532,Free
U02533,Free
U02534,Free
U02535,Free
U02536,Free
U02537,Premium
U02538,Free
U02539,Free
U02540,Free
U02541,Free
U02542,Free
U02543,Premium
U02544,Premium
U02545,Free
U02546,Free
U02547,Premium
U02548,Premium
U02549,Premium
U02550,Premium
U02551,Free
U02552,Free
U02553,Free
U02554,Premium
U02555,Free
U02556,Premium
U02557,Free
U02558,Free
U02559,Free
U02560,Premium
U02561,Premium
U02562,Free
U02563,Premium
U02564,Free
U02565,Free
U02566,Free
U02567,Free
U02568,Premium
U02569,Free
U02570,Premium
U02571,Premium
U02572,Free
U02573,Premium
U02574,Premium
U02575,Free
U02576,Free
U02577,Free
U02578,Free
U02579,Free
U02580,Free
U02581,Free
U02582,Premium
U02583,Free
U02584,Free
U02585,Premium
U02586,Premium
U02587,Free
U02588,Free
U02589,Free
U02590,Free
U02591,Free
U02592,Free
U02593,Free
U02594,Free
U02595,Premium
U02596,Free
U02597,Free
U02598,Free
U02599,Premium
U02600,Free
U02601,Premium
U02602,Free
U02603,Free
U02604,Free
U02605,Free
U02606,Free
U02607,Free
U02608,Free
U02609,Free
U02610,Free
U02611,Premium
U02612,Free
U02613,Free
U02614,Premium
U02615,Premium
U02616,Premium
U02617,Free
U02618,Free
U02619,Free
U02620,Free
U02621,Free
U02622,Free
U02623,Free
U02624,Premium
U02625,Free
U02626,Free
U02627,Free
U02628,Free
U02629,Free
U02630,Free
U02631,Free
U02632,Premium
U02633,Free
U02634,Free
U02635,Free
U02636,Free
U02637,Premium
U02638,Premium
U02639,Free
U02640,Premium
U02641,Premium
U02642,Free
U02643,Premium
U02644,Premium
U02645,Free
U02646,Premium
U02647,Premium
U02648,Premium
U02649,Free
U02650,Free
U02651,Premium
U02652,Premium
U02653,Free
U02654,Premium
U02655,Free
U02656,Free
U02657,Premium
U02658,Free
U02659,Free
U02660,Premium
U02661,Free
U02662,Free
U02663,Premium
U02664,Free
U02665,Premium
U02666,Free
U02667,Free
U02668,Premium
U02669,Free
U02670,Free
U02671,Free
U02672,Free
U02673,Free
U02674,Free
U02675,Premium
U02676,Free
U02677,Free
U02678,Free
U02679,Free
U02680,Free
U02681,Premium
U02682,Free
U02683,Premium
U02684,Free
U02685,Premium
U02686,Premium
U02687,Free
U02688,Free
U02689,Free
U02690,Free
U02691,Free
U02692,Free
U02693,Free
U02694,Free
U02695,Free
U02696,Free
U02697,Free
U02698,Free
U02699,Free
U02700,Free
U02701,Premium
U02702,Free
U02703,Free
U02704,Premium
U02705,Premium
U02706,Free
U02707,Free
U02708,Free
U02709,Premium
U02710,Premium
U02711,Free
U02712,Premium
U02713,Free
U02714,Premium
U02715,Free
U02716,Premium
U02717,Free
U02718,Free
U02719,Free
U02720,Premium
U02721,Premium
U02722,Premium
U02723,Free
U02724,Free
U02725,Free
U02726,Premium
U02727,Free
U02728,Free
U02729,Free
U02730,Free
U02731,Premium
U02732,Free
U02733,Free
U02734,Free
U02735,Free
U02736,Premium
U02737,Free
U02738,Premium
U02739,Premium
U02740,Free
U02741,Free
U02742,Premium
U02743,Premium
U02744,Free
U02745,Premium
U02746,Free
U02747,Premium
U02748,Premium
U02749,Free
U02750,Free
U02751,Free
U02752,Free
U02753,Premium
U02754,Free
U02755,Free
U02756,Free
U02757,Free
U02758,Premium
U02759,Premium
U02760,Free
U02761,Premium
U02762,Free
U02763,Premium
U02764,Free
U02765,Premium
U02766,Premium
U02767,Free
U02768,Free
U02769,Free
U02770,Premium
U02771,Free
U02772,Free
U02773,Free
U02774,Premium
U02775,Free
U02776,Free
U02777,Free
U02778,Premium
U02779,Free
U02780,Premium
U02781,Free
U02782,Free
U02783,Free
U02784,Free
U02785,Premium
U02786,Free
U02787,Free
U02788,Free
U02789,Free
U02790,Free
U02791,Free
U02792,Free
U02793,Free
U02794,Free
U02795,Free
U02796,Free
U02797,Premium
U02798,Premium
U02799,Premium
U02800,Free
U02801,Free
U02802,Premium
U02803,Free
U02804,Premium
U02805,Free
U02806,Free
U02807,Free
U02808,Premium
U02809,Free
U02810,Free
U02811,Free
U02812,Free
U02813,Free
U02814,Free
U02815,Free
U02816,Free
U02817,Premium
U02818,Free
U02819,Free
U02820,Free
U02821,Free
U02822,Free
U02823,Free
U02824,Free
U02825,Free
U02826,Premium
U02827,Free
U02828,Free
U02829,Free
U02830,Premium
U02831,Free
U02832,Premium
U02833,Premium
U02834,Free
U02835,Premium
U02836,Free
U02837,Free
U02838,Premium
U02839,Free
U02840,Premium
U02841,Free
U02842,Premium
U02843,Premium
U02844,Free
U02845,Free
U02846,Free
U02847,Premium
U02848,Premium
U02849,Free
U02850,Free
U02851,Free
U02852,Free
U02853,Premium
U02854,Premium
U02855,Free
U02856,Premium
U02857,Premium
U02858,Premium
U02859,Free
U02860,Premium
U02861,Free
U02862,Free
U02863,Premium
U02864,Free
U02865,Free
U02866,Free
U02867,Premium
U02868,Premium
U02869,Free
U02870,Free
U02871,Premium
U02872,Free
U02873,Free
U02874,Premium
U02875,Free
U02876,Premium
U02877,Free
U02878,Premium
U02879,Free
U02880,Premium
U02881,Free
U02882,Premium
U02883,Free
U02884,Premium
U02885,Premium
U02886,Premium
U02887,Premium
U02888,Free
U02889,Free
U02890,Free
U02891,Free
U02892,Premium
U02893,Premium
U02894,Free
U02895,Free
U02896,Free
U02897,Free
U02898,Premium
U02899,Premium
U02900,Free
U02901,Free
U02902,Premium
U02903,Free
U02904,Free
U02905,Free
U02906,Free
U02907,Premium
U02908,Free
U02909,Free
U02910,Free
U02911,Premium
U02912,Free
U02913,Premium
U02914,Premium
U02915,Free
U02916,Free
U02917,Free
U02918,Free
U02919,Free
U02920,Free
U02921,Free
U02922,Free
U02923,Free
U02924,Free
U02925,Free
U02926,Free
U02927,Free
U02928,Free
U02929,Free
U02930,Free
U02931,Free
U02932,Premium
U02933,Premium
U02934,Free
U02935,Premium
U02936,Free
U02937,Free
U02938,Free
U02939,Premium
U02940,Free
U02941,Free
U02942,Free
U02943,Free
U02944,Free
U02945,Free
U02946,Free
U02947,Free
U02948,Free
U02949,Free
U02950,Free
U02951,Free
U02952,Premium
U02953,Free
U02954,Free
U02955,Free
U02956,Premium
U02957,Premium
U02958,Free
U02959,Free
U02960,Premium
U02961,Free
U02962,Free
U02963,Free
U02964,Free
U02965,Premium
U02966,Free
U02967,Free
U02968,Free
U02969,Premium
U02970,Free
U02971,Premium
U02972,Free
U02973,Free
U02974,Free
U02975,Premium
U02976,Free
U02977,Free
U02978,Free
U02979,Premium
U02980,Premium
U02981,Premium
U02982,Free
U02983,Free
U02984,Premium
U02985,Free
U02986,Free
U02987,Free
U02988,Free
U02989,Free
U02990,Free
U02991,Free
U02992,Free
U02993,Free
U02994,Free
U02995,Free
U02996,Free
U02997,Free
U02998,Free
U02999,Free
U03000,Premium
U03001,Free
U03002,Free
U03003,Free
U03004,Premium
U03005,Free
U03006,Premium
U03007,Free
U03008,Premium
U03009,Free
U03010,Free
U03011,Free
U03012,Free
U03013,Premium
U03014,Free
U03015,Free
U03016,Premium
U03017,Free
U03018,Free
U03019,Premium
U03020,Premium
U03021,Premium
U03022,Free
U03023,Premium
U03024,Premium
U03025,Free
U03026,Free
U03027,Free
U03028,Free
U03029,Premium
U03030,Premium
U03031,Premium
U03032,Free
U03033,Free
U03034,Free
U03035,Free
U03036,Free
U03037,Free
U03038,Free
U03039,Free
U03040,Free
U03041,Free
U03042,Free
U03043,Free
U03044,Premium
U03045,Premium
U03046,Free
U03047,Free
U03048,Free
U03049,Free
U03050,Free
U03051,Premium
U03052,Free
U03053,Free
U03054,Free
U03055,Premium
U03056,Free
U03057,Free
U03058,Premium
U03059,Free
U03060,Free
U03061,Free
U03062,Free
U03063,Premium
U03064,Premium
U03065,Free
U03066,Premium
U03067,Free
U03068,Free
U03069,Free
U03070,Free
U03071,Premium
U03072,Free
U03073,Free
U03074,Free
U03075,Free
U03076,Premium
U03077,Premium
U03078,Free
U03079,Free
U03080,Premium
U03081,Free
U03082,Free
U03083,Free
U03084,Premium
U03085,Free
U03086,Premium
U03087,Free
U03088,Premium
U03089,Free
U03090,Free
U03091,Free
U03092,Free
U03093,Premium
U03094,Free
U03095,Free
U03096,Premium
U03097,Free
U03098,Free
U03099,Free
U03100,Free
U03101,Premium
U03102,Free
U03103,Free
U03104,Premium
U03105,Free
U03106,Free
U03107,Premium
U03108,Free
U03109,Free
U03110,Free
U03111,Premium
U03112,Free
U03113,Premium
U03114,Free
U03115,Free
U03116,Free
U03117,Free
U03118,Free
U03119,Free
U03120,Free
U03121,Free
U03122,Free
U03123,Free
U03124,Free
U03125,Free
U03126,Free
U03127,Premium
U03128,Free
U03129,Free
U03130,Free
U03131,Free
U03132,Premium
U03133,Premium
U03134,Free
U03135,Premium
U03136,Premium
U03137,Free
U03138,Free
U03139,Free
U03140,Free
U03141,Premium
U03142,Free
U03143,Premium
U03144,Premium
U03145,Free
U03146,Premium
U03147,Free
U03148,Free
U03149,Premium
U03150,Free
U03151,Free
U03152,Free
U03153,Free
U03154,Premium
U03155,Free
U03156,Free
U03157,Free
U03158,Free
U03159,Free
U03160,Premium
U03161,Free
U03162,Free
U03163,Free
U03164,Free
U03165,Free
U03166,Premium
U03167,Free
U03168,Free
U03169,Premium
U03170,Premium
U03171,Free
U03172,Free
U03173,Free
U03174,Premium
U03175,Free
U03176,Free
U03177,Free
U03178,Free
U03179,Free
U03180,Free
U03181,Free
U03182,Free
U03183,Free
U03184,Free
U03185,Free
U03186,Free
U03187,Free
U03188,Free
U03189,Free
U03190,Free
U03191,Free
U03192,Free
U03193,Premium
U03194,Free
U03195,Free
U03196,Free
U03197,Premium
U03198,Free
U03199,Free
U03200,Free
U03201,Free
U03202,Premium
U03203,Premium
U03204,Free
U03205,Free
U03206,Free
U03207,Free
U03208,Free
U03209,Premium
U03210,Free
U03211,Free
U03212,Free
U03213,Premium
U03214,Premium
U03215,Premium
U03216,Free
U03217,Free
U03218,Free
U03219,Premium
U03220,Premium
U03221,Free
U03222,Free
U03223,Free
U03224,Premium
U03225,Free
U03226,Free
U03227,Premium
U03228,Free
U03229,Premium
U03230,Premium
U03231,Free
U03232,Free
U03233,Free
U03234,Free
U03235,Free
U03236,Premium
U03237,Premium
U03238,Free
U03239,Premium
U03240,Free
U03241,Free
U03242,Premium
U03243,Free
U03244,Premium
U03245,Premium
U03246,Premium
U03247,Free
U03248,Free
U03249,Free
U03250,Free
U03251,Premium
U03252,Free
U03253,Free
U03254,Premium
U03255,Premium
U03256,Free
U03257,Free
U03258,Free
U03259,Premium
U03260,Free
U03261,Free
U03262,Free
U03263,Premium
U03264,Free
U03265,Free
U03266,Free
U03267,Free
U03268,Free
U03269,Premium
U03270,Free
U03271,Premium
U03272,Premium
U03273,Free
U03274,Free
U03275,Premium
U03276,Free
U03277,Free
U03278,Free
U03279,Premium
U03280,Free
U03281,Premium
U03282,Premium
U03283,Free
U03284,Free
U03285,Premium
U03286,Free
U03287,Premium
U03288,Premium
U03289,Free
U03290,Free
U03291,Free
U03292,Free
U03293,Free
U03294,Free
U03295,Premium
U03296,Premium
U03297,Free
U03298,Free
U03299,Free
U03300,Premium
U03301,Free
U03302,Free
U03303,Free
U03304,Free
U03305,Premium
U03306,Premium
U03307,Premium
U03308,Free
U03309,Free
U03310,Free
U03311,Free
U03312,Free
U03313,Free
U03314,Free
U03315,Premium
U03316,Free
U03317,Premium
U03318,Free
U03319,Free
U03320,Premium
U03321,Premium
U03322,Premium
U03323,Free
U03324,Premium
U03325,Free
U03326,Free
U03327,Free
U03328,Premium
U03329,Free
U03330,Free
U03331,Free
U03332,Free
U03333,Free
U03334,Premium
U03335,Free
U03336,Free
U03337,Free
U03338,Premium
U03339,Premium
U03340,Free
U03341,Premium
U03342,Free
U03343,Premium
U03344,Free
U03345,Free
U03346,Free
U03347,Free
U03348,Premium
U03349,Premium
U03350,Free
U03351,Free
U03352,Free
U03353,Premium
U03354,Free
U03355,Premium
U03356,Free
U03357,Free
U03358,Free
U03359,Free
U03360,Premium
U03361,Free
U03362,Premium
U03363,Free
U03364,Free
U03365,Premium
U03366,Free
U03367,Free
U03368,Free
U03369,Free
U03370,Free
U03371,Free
U03372,Free
U03373,Free
U03374,Premium
U03375,Premium
U03376,Premium
U03377,Premium
U03378,Premium
U03379,Free
U03380,Premium
U03381,Free
U03382,Free
U03383,Free
U03384,Free
U03385,Premium
U03386,Free
U03387,Free
U03388,Free
U03389,Premium
U03390,Free
U03391,Free
U03392,Free
U03393,Premium
U03394,Free
U03395,Free
U03396,Free
U03397,Free
U03398,Premium
U03399,Premium
U03400,Premium
U03401,Premium
U03402,Premium
U03403,Premium
U03404,Premium
U03405,Free
U03406,Free
U03407,Free
U03408,Free
U03409,Free
U03410,Free
U03411,Premium
U03412,Free
U03413,Free
U03414,Free
U03415,Free
U03416,Free
U03417,Free
U03418,Free
U03419,Free
U03420,Free
U03421,Free
U03422,Premium
U03423,Free
U03424,Free
U03425,Free
U03426,Premium
U03427,Premium
U03428,Free
U03429,Free
U03430,Free
U03431,Free
U03432,Premium
U03433,Free
U03434,Free
U03435,Free
U03436,Free
U03437,Free
U03438,Premium
U03439,Free
U03440,Premium
U03441,Premium
U03442,Premium
U03443,Free
U03444,Free
U03445,Free
U03446,Free
U03447,Premium
U03448,Free
U03449,Free
U03450,Premium
U03451,Free
U03452,Free
U03453,Free
U03454,Free
U03455,Premium
U03456,Premium
U03457,Free
U03458,Premium
U03459,Free
U03460,Free
U03461,Premium
U03462,Free
U03463,Premium
U03464,Premium
U03465,Free
U03466,Free
U03467,Free
U03468,Premium
U03469,Premium
U03470,Free
U03471,Free
U03472,Free
U03473,Free
U03474,Free
U03475,Premium
U03476,Premium
U03477,Premium
U03478,Free
U03479,Free
U03480,Premium
U03481,Premium
U03482,Free
U03483,Free
U03484,Free
U03485,Premium
U03486,Free
U03487,Free
U03488,Premium
U03489,Free
U03490,Free
U03491,Premium
U03492,Free
U03493,Free
U03494,Free
U03495,Premium
U03496,Free
U03497,Premium
U03498,Premium
U03499,Free
U03500,Free
U03501,Premium
U03502,Free
U03503,Premium
U03504,Free
U03505,Free
U03506,Free
U03507,Free
U03508,Premium
U03509,Free
U03510,Free
U03511,Premium
U03512,Free
U03513,Free
U03514,Free
U03515,Free
U03516,Free
U03517,Premium
U03518,Free
U03519,Free
U03520,Free
U03521,Free
U03522,Premium
U03523,Free
U03524,Premium
U03525,Free
U03526,Premium
U03527,Free
U03528,Free
U03529,Free
U03530,Premium
U03531,Free
U03532,Free
U03533,Free
U03534,Premium
U03535,Free
U03536,Free
U03537,Free
U03538,Free
U03539,Premium
U03540,Free
U03541,Free
U03542,Free
U03543,Free
U03544,Premium
U03545,Free
U03546,Free
U03547,Premium
U03548,Premium
U03549,Free
U03550,Free
U03551,Free
U03552,Free
U03553,Free
U03554,Free
U03555,Free
U03556,Premium
U03557,Premium
U03558,Free
U03559,Free
U03560,Free
U03561,Free
U03562,Premium
U03563,Free
U03564,Premium
U03565,Free
U03566,Free
U03567,Premium
U03568,Free
U03569,Free
U03570,Free
U03571,Free
U03572,Free
U03573,Free
U03574,Free
U03575,Free
U03576,Free
U03577,Free
U03578,Free
U03579,Free
U03580,Premium
U03581,Premium
U03582,Premium
U03583,Premium
U03584,Premium
U03585,Free
U03586,Premium
U03587,Free
U03588,Free
U03589,Free
U03590,Free
U03591,Premium
U03592,Free
U03593,Free
U03594,Free
U03595,Free
U03596,Premium
U03597,Premium
U03598,Free
U03599,Free
U03600,Free
U03601,Premium
U03602,Free
U03603,Premium
U03604,Free
U03605,Free
U03606,Premium
U03607,Premium
U03608,Free
U03609,Premium
U03610,Free
U03611,Free
U03612,Premium
U03613,Premium
U03614,Free
U03615,Free
U03616,Free
U03617,Premium
U03618,Premium
U03619,Free
U03620,Free
U03621,Premium
U03622,Premium
U03623,Free
U03624,Free
U03625,Premium
U03626,Free
U03627,Premium
U03628,Free
U03629,Free
U03630,Free
U03631,Premium
U03632,Premium
U03633,Premium
U03634,Free
U03635,Premium
U03636,Premium
U03637,Premium
U03638,Free
U03639,Free
U03640,Premium
U03641,Free
U03642,Premium
U03643,Free
U03644,Premium
U03645,Premium
U03646,Free
U03647,Free
U03648,Free
U03649,Free
U03650,Premium
U03651,Premium
U03652,Free
U03653,Free
U03654,Free
U03655,Free
U03656,Free
U03657,Free
U03658,Free
U03659,Free
U03660,Premium
U03661,Premium
U03662,Premium
U03663,Free
U03664,Free
U03665,Free
U03666,Free
U03667,Free
U03668,Premium
U03669,Free
U03670,Free
U03671,Free
U03672,Premium
U03673,Premium
U03674,Free
U03675,Free
U03676,Free
U03677,Free
U03678,Free
U03679,Premium
U03680,Free
U03681,Free
U03682,Premium
U03683,Premium
U03684,Free
U03685,Free
U03686,Free
U03687,Premium
U03688,Free
U03689,Free
U03690,Free
U03691,Premium
U03692,Free
U03693,Premium
U03694,Free
U03695,Premium
U03696,Premium
U03697,Free
U03698,Free
U03699,Premium
U03700,Premium
U03701,Free
U03702,Premium
U03703,Premium
U03704,Premium
U03705,Free
U03706,Premium
U03707,Free
U03708,Free
U03709,Free
U03710,Premium
U03711,Free
U03712,Free
U03713,Free
U03714,Free
U03715,Premium
U03716,Free
U03717,Premium
U03718,Free
U03719,Free
U03720,Premium
U03721,Premium
U03722,Premium
U03723,Free
U03724,Free
U03725,Free
U03726,Free
U03727,Premium
U03728,Premium
U03729,Premium
U03730,Free
U03731,Free
U03732,Free
U03733,Free
U03734,Free
U03735,Premium
U03736,Premium
U03737,Premium
U03738,Free
U03739,Free
U03740,Premium
U03741,Free
U03742,Free
U03743,Premium
U03744,Free
U03745,Free
U03746,Premium
U03747,Free
U03748,Premium
U03749,Free
U03750,Free
U03751,Free
U03752,Premium
U03753,Free
U03754,Premium
U03755,Premium
U03756,Free
U03757,Premium
U03758,Premium
U03759,Free
U03760,Free
U03761,Premium
U03762,Free
U03763,Free
U03764,Premium
U03765,Free
U03766,Free
U03767,Free
U03768,Premium
U03769,Premium
U03770,Free
U03771,Free
U03772,Free
U03773,Free
U03774,Free
U03775,Free
U03776,Free
U03777,Free
U03778,Premium
U03779,Free
U03780,Premium
U03781,Premium
U03782,Free
U03783,Free
U03784,Premium
U03785,Free
U03786,Free
U03787,Free
U03788,Free
U03789,Free
U03790,Premium
U03791,Premium
U03792,Free
U03793,Free
U03794,Free
U03795,Free
U03796,Premium
U03797,Free
U03798,Premium
U03799,Free
U03800,Premium
U03801,Free
U03802,Premium
U03803,Free
U03804,Free
U03805,Premium
U03806,Free
U03807,Free
U03808,Free
U03809,Premium
U03810,Free
U03811,Premium
U03812,Premium
U03813,Free
U03814,Premium
U03815,Free
U03816,Free
U03817,Premium
U03818,Premium
U03819,Free
U03820,Free
U03821,Free
U03822,Free
U03823,Free
U03824,Premium
U03825,Free
U03826,Premium
U03827,Free
U03828,Premium
U03829,Free
U03830,Premium
U03831,Free
U03832,Free
U03833,Free
U03834,Free
U03835,Free
U03836,Premium
U03837,Free
U03838,Free
U03839,Premium
U03840,Free
U03841,Free
U03842,Free
U03843,Premium
U03844,Free
U03845,Free
U03846,Free
U03847,Free
U03848,Free
U03849,Free
U03850,Premium
U03851,Free
U03852,Free
U03853,Premium
U03854,Free
U03855,Premium
U03856,Free
U03857,Free
U03858,Free
U03859,Premium
U03860,Free
U03861,Free
U03862,Free
U03863,Free
U03864,Free
U03865,Free
U03866,Premium
U03867,Free
U03868,Free
U03869,Free
U03870,Free
U03871,Free
U03872,Free
U03873,Free
U03874,Free
U03875,Free
U03876,Free
U03877,Free
U03878,Free
U03879,Premium
U03880,Premium
U03881,Premium
U03882,Free
U03883,Free
U03884,Premium
U03885,Free
U03886,Free
U03887,Free
U03888,Free
U03889,Free
U03890,Premium
U03891,Premium
U03892,Free
U03893,Free
U03894,Premium
U03895,Premium
U03896,Free
U03897,Free
U03898,Free
U03899,Premium
U03900,Free
U03901,Free
U03902,Free
U03903,Free
U03904,Free
U03905,Free
U03906,Free
U03907,Premium
U03908,Free
U03909,Free
U03910,Free
U03911,Free
U03912,Free
U03913,Free
U03914,Premium
U03915,Free
U03916,Free
U03917,Premium
U03918,Free
U03919,Premium
U03920,Free
U03921,Free
U03922,Premium
U03923,Free
U03924,Free
U03925,Premium
U03926,Free
U03927,Free
U03928,Premium
U03929,Free
U03930,Premium
U03931,Premium
U03932,Premium
U03933,Premium
U03934,Free
U03935,Free
U03936,Premium
U03937,Premium
U03938,Premium
U03939,Free
U03940,Free
U03941,Free
U03942,Premium
U03943,Free
U03944,Free
U03945,Free
U03946,Free
U03947,Free
U03948,Free
U03949,Premium
U03950,Free
U03951,Free
U03952,Premium
U03953,Free
U03954,Free
U03955,Free
U03956,Free
U03957,Free
U03958,Free
U03959,Free
U03960,Free
U03961,Free
U03962,Premium
U03963,Free
U03964,Premium
U03965,Free
U03966,Premium
U03967,Premium
U03968,Free
U03969,Free
U03970,Free
U03971,Free
U03972,Free
U03973,Free
U03974,Free
U03975,Premium
U03976,Free
U03977,Free
U03978,Free
U03979,Free
U03980,Free
U03981,Premium
U03982,Free
U03983,Free
U03984,Premium
U03985,Free
U03986,Premium
U03987,Premium
U03988,Free
U03989,Free
U03990,Free
U03991,Free
U03992,Free
U03993,Free
U03994,Free
U03995,Free
U03996,Premium
U03997,Free
U03998,Free
U03999,Free
U04000,Free
U04001,Free
U04002,Free
U04003,Premium
U04004,Premium
U04005,Premium
U04006,Premium
U04007,Premium
U04008,Free
U04009,Free
U04010,Free
U04011,Free
U04012,Free
U04013,Premium
U04014,Free
U04015,Free
U04016,Free
U04017,Free
U04018,Premium
U04019,Free
U04020,Free
U04021,Free
U04022,Premium
U04023,Premium
U04024,Premium
U04025,Premium
U04026,Premium
U04027,Premium
U04028,Free
U04029,Free
U04030,Free
U04031,Free
U04032,Free
U04033,Free
U04034,Premium
U04035,Free
U04036,Free
U04037,Free
U04038,Premium
U04039,Free
U04040,Free
U04041,Premium
U04042,Premium
U04043,Free
U04044,Free
U04045,Free
U04046,Premium
U04047,Free
U04048,Premium
U04049,Premium
U04050,Free
U04051,Premium
U04052,Premium
U04053,Free
U04054,Premium
U04055,Premium
U04056,Free
U04057,Free
U04058,Free
U04059,Free
U04060,Free
U04061,Free
U04062,Free
U04063,Free
U04064,Free
U04065,Free
U04066,Free
U04067,Free
U04068,Free
U04069,Free
U04070,Premium
U04071,Premium
U04072,Free
U04073,Free
U04074,Free
U04075,Free
U04076,Free
U04077,Premium
U04078,Free
U04079,Free
U04080,Free
U04081,Free
U04082,Free
U04083,Free
U04084,Free
U04085,Free
U04086,Free
U04087,Free
U04088,Free
U04089,Free
U04090,Free
U04091,Free
U04092,Free
U04093,Free
U04094,Premium
U04095,Premium
U04096,Premium
U04097,Premium
U04098,Free
U04099,Free
U04100,Free
U04101,Premium
U04102,Free
U04103,Free
U04104,Free
U04105,Free
U04106,Premium
U04107,Premium
U04108,Free
U04109,Free
U04110,Free
U04111,Free
U04112,Premium
U04113,Free
U04114,Free
U04115,Free
U04116,Free
U04117,Premium
U04118,Free
U04119,Free
U04120,Premium
U04121,Premium
U04122,Free
U04123,Free
U04124,Free
U04125,Premium
U04126,Free
U04127,Premium
U04128,Premium
U04129,Free
U04130,Free
U04131,Free
U04132,Premium
U04133,Free
U04134,Free
U04135,Free
U04136,Free
U04137,Premium
U04138,Premium
U04139,Free
U04140,Free
U04141,Free
U04142,Free
U04143,Free
U04144,Free
U04145,Free
U04146,Premium
U04147,Free
U04148,Free
U04149,Premium
U04150,Free
U04151,Free
U04152,Free
U04153,Premium
U04154,Free
U04155,Premium
U04156,Free
U04157,Premium
U04158,Free
U04159,Free
U04160,Free
U04161,Premium
U04162,Free
U04163,Free
U04164,Free
U04165,Free
U04166,Free
U04167,Free
U04168,Free
U04169,Free
U04170,Free
U04171,Free
U04172,Free
U04173,Premium
U04174,Free
U04175,Free
U04176,Premium
U04177,Free
U04178,Premium
U04179,Free
U04180,Free
U04181,Free
U04182,Free
U04183,Free
U04184,Free
U04185,Free
U04186,Free
U04187,Free
U04188,Free
U04189,Free
U04190,Free
U04191,Free
U04192,Free
U04193,Premium
U04194,Free
U04195,Free
U04196,Free
U04197,Free
U04198,Free
U04199,Free
U04200,Free
U04201,Premium
U04202,Premium
U04203,Free
U04204,Premium
U04205,Premium
U04206,Free
U04207,Premium
U04208,Premium
U04209,Free
U04210,Free
U04211,Free
U04212,Free
U04213,Free
U04214,Premium
U04215,Free
U04216,Free
U04217,Free
U04218,Free
U04219,Free
U04220,Free
U04221,Free
U04222,Free
U04223,Free
U04224,Free
U04225,Free
U04226,Premium
U04227,Free
U04228,Premium
U04229,Premium
U04230,Free
U04231,Free
U04232,Free
U04233,Free
U04234,Premium
U04235,Free
U04236,Free
U04237,Free
U04238,Free
U04239,Free
U04240,Free
U04241,Free
U04242,Premium
U04243,Free
U04244,Free
U04245,Free
U04246,Free
U04247,Free
U04248,Free
U04249,Free
U04250,Free
U04251,Free
U04252,Premium
U04253,Free
U04254,Premium
U04255,Premium
U04256,Free
U04257,Free
U04258,Free
U04259,Premium
U04260,Free
U04261,Free
U04262,Free
U04263,Free
U04264,Free
U04265,Premium
U04266,Free
U04267,Free
U04268,Free
U04269,Free
U04270,Free
U04271,Free
U04272,Free
U04273,Premium
U04274,Premium
U04275,Free
U04276,Premium
U04277,Premium
U04278,Free
U04279,Premium
U04280,Free
U04281,Free
U04282,Free
U04283,Free
U04284,Free
U04285,Free
U04286,Free
U04287,Free
U04288,Free
U04289,Free
U04290,Free
U04291,Free
U04292,Free
U04293,Free
U04294,Free
U04295,Premium
U04296,Free
U04297,Premium
U04298,Free
U04299,Free
U04300,Premium
U04301,Free
U04302,Premium
U04303,Free
U04304,Free
U04305,Premium
U04306,Free
U04307,Free
U04308,Free
U04309,Free
U04310,Free
U04311,Premium
U04312,Free
U04313,Premium
U04314,Free
U04315,Premium
U04316,Free
U04317,Premium
U04318,Free
U04319,Free
U04320,Free
U04321,Free
U04322,Free
U04323,Premium
U04324,Free
U04325,Free
U04326,Premium
U04327,Free
U04328,Free
U04329,Premium
U04330,Premium
U04331,Free
U04332,Free
U04333,Free
U04334,Free
U04335,Premium
U04336,Free
U04337,Free
U04338,Premium
U04339,Premium
U04340,Free
U04341,Premium
U04342,Free
U04343,Free
U04344,Free
U04345,Free
U04346,Premium
U04347,Free
U04348,Free
U04349,Free
U04350,Free
U04351,Free
U04352,Premium
U04353,Free
U04354,Free
U04355,Free
U04356,Free
U04357,Free
U04358,Free
U04359,Premium
U04360,Free
U04361,Premium
U04362,Free
U04363,Free
U04364,Premium
U04365,Premium
U04366,Free
U04367,Premium
U04368,Free
U04369,Premium
U04370,Premium
U04371,Free
U04372,Free
U04373,Free
U04374,Free
U04375,Free
U04376,Free
U04377,Premium
U04378,Premium
U04379,Premium
U04380,Free
U04381,Free
U04382,Free
U04383,Free
U04384,Free
U04385,Free
U04386,Premium
U04387,Free
U04388,Free
U04389,Free
U04390,Free
U04391,Free
U04392,Free
U04393,Free
U04394,Free
U04395,Free
U04396,Free
U04397,Free
U04398,Free
U04399,Free
U04400,Free
U04401,Premium
U04402,Free
U04403,Premium
U04404,Free
U04405,Free
U04406,Premium
U04407,Free
U04408,Free
U04409,Free
U04410,Free
U04411,Free
U04412,Free
U04413,Free
U04414,Free
U04415,Free
U04416,Free
U04417,Free
U04418,Free
U04419,Free
U04420,Free
U04421,Free
U04422,Free
U04423,Premium
U04424,Free
U04425,Premium
U04426,Free
U04427,Free
U04428,Free
U04429,Free
U04430,Free
U04431,Premium
U04432,Free
U04433,Premium
U04434,Free
U04435,Free
U04436,Free
U04437,Free
U04438,Free
U04439,Free
U04440,Free
U04441,Premium
U04442,Premium
U04443,Free
U04444,Free
U04445,Premium
U04446,Free
U04447,Free
U04448,Free
U04449,Free
U04450,Free
U04451,Free
U04452,Premium
U04453,Premium
U04454,Free
U04455,Free
U04456,Free
U04457,Premium
U04458,Free
U04459,Premium
U04460,Free
U04461,Premium
U04462,Free
U04463,Premium
U04464,Free
U04465,Premium
U04466,Premium
U04467,Premium
U04468,Free
U04469,Free
U04470,Free
U04471,Premium
U04472,Premium
U04473,Free
U04474,Free
U04475,Premium
U04476,Free
U04477,Free
U04478,Free
U04479,Free
U04480,Premium
U04481,Premium
U04482,Free
U04483,Premium
U04484,Premium
U04485,Free
U04486,Free
U04487,Free
U04488,Free
U04489,Free
U04490,Free
U04491,Premium
U04492,Free
U04493,Premium
U04494,Premium
U04495,Free
U04496,Free
U04497,Premium
U04498,Free
U04499,Free
U04500,Free
U04501,Free
U04502,Free
U04503,Free
U04504,Free
U04505,Free
U04506,Free
U04507,Free
U04508,Free
U04509,Free
U04510,Premium
U04511,Free
U04512,Free
U04513,Free
U04514,Premium
U04515,Free
U04516,Free
U04517,Free
U04518,Free
U04519,Premium
U04520,Free
U04521,Premium
U04522,Free
U04523,Free
U04524,Free
U04525,Free
U04526,Free
U04527,Free
U04528,Free
U04529,Free
U04530,Free
U04531,Free
U04532,Premium
U04533,Free
U04534,Premium
U04535,Free
U04536,Free
U04537,Premium
U04538,Free
U04539,Free
U04540,Free
U04541,Premium
U04542,Free
U04543,Free
U04544,Premium
U04545,Free
U04546,Free
U04547,Free
U04548,Free
U04549,Free
U04550,Premium
U04551,Free
U04552,Free
U04553,Free
U04554,Premium
U04555,Free
U04556,Free
U04557,Free
U04558,Free
U04559,Premium
U04560,Free
U04561,Free
U04562,Free
U04563,Premium
U04564,Free
U04565,Premium
U04566,Free
U04567,Premium
U04568,Free
U04569,Free
U04570,Premium
U04571,Premium
U04572,Free
U04573,Free
U04574,Free
U04575,Premium
U04576,Free
U04577,Premium
U04578,Free
U04579,Free
U04580,Free
U04581,Free
U04582,Free
U04583,Premium
U04584,Free
U04585,Free
U04586,Premium
U04587,Premium
U04588,Premium
U04589,Premium
U04590,Free
U04591,Free
U04592,Free
U04593,Premium
U04594,Free
U04595,Free
U04596,Premium
U04597,Free
U04598,Free
U04599,Free
U04600,Free
U04601,Free
U04602,Free
U04603,Premium
U04604,Premium
U04605,Free
U04606,Free
U04607,Free
U04608,Premium
U04609,Free
U04610,Free
U04611,Free
U04612,Premium
U04613,Free
U04614,Free
U04615,Free
U04616,Free
U04617,Free
U04618,Premium
U04619,Free
U04620,Free
U04621,Premium
U04622,Premium
U04623,Free
U04624,Free
U04625,Free
U04626,Premium
U04627,Free
U04628,Free
U04629,Free
U04630,Free
U04631,Free
U04632,Premium
U04633,Free
U04634,Free
U04635,Premium
U04636,Free
U04637,Premium
U04638,Free
U04639,Free
U04640,Free
U04641,Free
U04642,Free
U04643,Free
U04644,Free
U04645,Free
U04646,Free
U04647,Free
U04648,Free
U04649,Free
U04650,Premium
U04651,Free
U04652,Premium
U04653,Free
U04654,Premium
U04655,Premium
U04656,Free
U04657,Free
U04658,Free
U04659,Premium
U04660,Free
U04661,Premium
U04662,Free
U04663,Free
U04664,Premium
U04665,Free
U04666,Free
U04667,Free
U04668,Premium
U04669,Free
U04670,Free
U04671,Free
U04672,Free
U04673,Premium
U04674,Free
U04675,Premium
U04676,Free
U04677,Free
U04678,Free
U04679,Free
U04680,Free
U04681,Premium
U04682,Free
U04683,Free
U04684,Free
U04685,Premium
U04686,Free
U04687,Free
U04688,Premium
U04689,Free
U04690,Free
U04691,Premium
U04692,Premium
U04693,Free
U04694,Free
U04695,Free
U04696,Free
U04697,Premium
U04698,Premium
U04699,Free
U04700,Premium
U04701,Free
U04702,Free
U04703,Free
U04704,Premium
U04705,Free
U04706,Free
U04707,Premium
U04708,Premium
U04709,Free
U04710,Free
U04711,Free
U04712,Free
U04713,Free
U04714,Free
U04715,Free
U04716,Free
U04717,Premium
U04718,Free
U04719,Free
U04720,Premium
U04721,Premium
U04722,Premium
U04723,Free
U04724,Premium
U04725,Free
U04726,Free
U04727,Free
U04728,Free
U04729,Free
U04730,Free
U04731,Free
U04732,Free
U04733,Premium
U04734,Premium
U04735,Free
U04736,Free
U04737,Premium
U04738,Premium
U04739,Free
U04740,Free
U04741,Free
U04742,Premium
U04743,Free
U04744,Free
U04745,Premium
U04746,Free
U04747,Free
U04748,Free
U04749,Free
U04750,Free
U04751,Free
U04752,Premium
U04753,Free
U04754,Premium
U04755,Premium
U04756,Free
U04757,Premium
U04758,Free
U04759,Free
U04760,Free
U04761,Premium
U04762,Premium
U04763,Free
U04764,Free
U04765,Premium
U04766,Free
U04767,Free
U04768,Premium
U04769,Free
U04770,Free
U04771,Free
U04772,Premium
U04773,Free
U04774,Free
U04775,Free
U04776,Free
U04777,Premium
U04778,Free
U04779,Free
U04780,Free
U04781,Premium
U04782,Premium
U04783,Free
U04784,Premium
U04785,Free
U04786,Free
U04787,Free
U04788,Premium
U04789,Free
U04790,Free
U04791,Free
U04792,Free
U04793,Premium
U04794,Free
U04795,Free
U04796,Free
U04797,Free
U04798,Premium
U04799,Free
U04800,Free
U04801,Premium
U04802,Free
U04803,Free
U04804,Free
U04805,Free
U04806,Free
U04807,Free
U04808,Free
U04809,Free
U04810,Free
U04811,Free
U04812,Premium
U04813,Premium
U04814,Free
U04815,Free
U04816,Free
U04817,Free
U04818,Premium
U04819,Free
U04820,Premium
U04821,Premium
U04822,Premium
U04823,Free
U04824,Premium
U04825,Premium
U04826,Free
U04827,Premium
U04828,Premium
U04829,Free
U04830,Free
U04831,Premium
U04832,Premium
U04833,Free
U04834,Free
U04835,Premium
U04836,Premium
U04837,Free
U04838,Free
U04839,Free
U04840,Premium
U04841,Premium
U04842,Free
U04843,Free
U04844,Premium
U04845,Free
U04846,Premium
U04847,Free
U04848,Premium
U04849,Free
U04850,Free
U04851,Free
U04852,Free
U04853,Free
U04854,Free
U04855,Premium
U04856,Free
U04857,Premium
U04858,Free
U04859,Free
U04860,Premium
U04861,Free
U04862,Free
U04863,Free
U04864,Premium
U04865,Free
U04866,Free
U04867,Premium
U04868,Free
U04869,Free
U04870,Free
U04871,Free
U04872,Free
U04873,Free
U04874,Free
U04875,Premium
U04876,Free
U04877,Premium
U04878,Free
U04879,Free
U04880,Premium
U04881,Free
U04882,Free
U04883,Premium
U04884,Free
U04885,Free
U04886,Free
U04887,Premium
U04888,Premium
U04889,Premium
U04890,Premium
U04891,Free
U04892,Free
U04893,Premium
U04894,Premium
U04895,Free
U04896,Free
U04897,Free
U04898,Premium
U04899,Free
U04900,Free
U04901,Free
U04902,Free
U04903,Free
U04904,Free
U04905,Free
U04906,Free
U04907,Premium
U04908,Free
U04909,Free
U04910,Free
U04911,Free
U04912,Free
U04913,Free
U04914,Free
U04915,Free
U04916,Free
U04917,Free
U04918,Free
U04919,Free
U04920,Premium
U04921,Premium
U04922,Free
U04923,Premium
U04924,Premium
U04925,Free
U04926,Premium
U04927,Free
U04928,Premium
U04929,Premium
U04930,Free
U04931,Free
U04932,Premium
U04933,Free
U04934,Free
U04935,Free
U04936,Free
U04937,Premium
U04938,Free
U04939,Free
U04940,Premium
U04941,Free
U04942,Free
U04943,Free
U04944,Premium
U04945,Free
U04946,Free
U04947,Free
U04948,Free
U04949,Free
U04950,Premium
U04951,Free
U04952,Free
U04953,Free
U04954,Premium
U04955,Premium
U04956,Free
U04957,Premium
U04958,Free
U04959,Free
U04960,Premium
U04961,Free
U04962,Free
U04963,Free
U04964,Premium
U04965,Premium
U04966,Free
U04967,Free
U04968,Free
U04969,Premium
U04970,Premium
U04971,Free
U04972,Free
U04973,Free
U04974,Free
U04975,Premium
U04976,Free
U04977,Free
U04978,Premium
U04979,Free
U04980,Free
U04981,Premium
U04982,Free
U04983,Free
U04984,Free
U04985,Free
U04986,Free
U04987,Free
U04988,Free
U04989,Free
U04990,Premium
U04991,Free
U04992,Premium
U04993,Premium
U04994,Premium
U04995,Free
U04996,Premium
U04997,Free
U04998,Free
U04999,Free
U05000,Premium
U05001,Free
U05002,Premium
U05003,Premium
U05004,Free
U05005,Premium
U05006,Free
U05007,Free
U05008,Premium
U05009,Free
U05010,Premium
U05011,Free
U05012,Free
U05013,Premium
U05014,Free
U05015,Premium
U05016,Free
U05017,Free
U05018,Free
U05019,Free
U05020,Free
U05021,Free
U05022,Premium
U05023,Free
U05024,Free
U05025,Free
U05026,Free
U05027,Free
U05028,Free
U05029,Free
U05030,Free
U05031,Free
U05032,Premium
U05033,Free
U05034,Free
U05035,Free
U05036,Free
U05037,Free
U05038,Free
U05039,Premium
U05040,Premium
U05041,Premium
U05042,Free
U05043,Free
U05044,Premium
U05045,Premium
U05046,Free
U05047,Premium
U05048,Free
U05049,Premium
U05050,Free
U05051,Free
U05052,Free
U05053,Free
U05054,Free
U05055,Free
U05056,Free
U05057,Free
U05058,Premium
U05059,Premium
U05060,Free
U05061,Free
U05062,Free
U05063,Premium
U05064,Premium
U05065,Free
U05066,Free
U05067,Free
U05068,Premium
U05069,Free
U05070,Free
U05071,Free
U05072,Premium
U05073,Free
U05074,Free
U05075,Free
U05076,Free
U05077,Free
U05078,Premium
U05079,Free
U05080,Premium
U05081,Free
U05082,Free
U05083,Free
U05084,Free
U05085,Free
U05086,Free
U05087,Free
U05088,Premium
U05089,Premium
U05090,Free
U05091,Premium
U05092,Free
U05093,Free
U05094,Premium
U05095,Free
U05096,Free
U05097,Free
U05098,Premium
U05099,Free
U05100,Free
U05101,Free
U05102,Free
U05103,Premium
U05104,Free
U05105,Free
U05106,Premium
U05107,Premium
U05108,Premium
U05109,Free
U05110,Premium
U05111,Free
U05112,Free
U05113,Free
U05114,Free
U05115,Free
U05116,Premium
U05117,Free
U05118,Premium
U05119,Free
U05120,Free
U05121,Free
U05122,Free
U05123,Premium
U05124,Free
U05125,Free
U05126,Premium
U05127,Free
U05128,Premium
U05129,Free
U05130,Free
U05131,Premium
U05132,Free
U05133,Free
U05134,Free
U05135,Free
U05136,Free
U05137,Free
U05138,Premium
U05139,Free
U05140,Free
U05141,Free
U05142,Premium
U05143,Free
U05144,Free
U05145,Free
U05146,Free
U05147,Free
U05148,Free
U05149,Free
U05150,Free
U05151,Free
U05152,Premium
U05153,Free
U05154,Premium
U05155,Free
U05156,Free
U05157,Free
U05158,Free
U05159,Free
U05160,Free
U05161,Free
U05162,Premium
U05163,Free
U05164,Free
U05165,Free
U05166,Premium
U05167,Premium
U05168,Free
U05169,Free
U05170,Free
U05171,Premium
U05172,Premium
U05173,Premium
U05174,Premium
U05175,Free
U05176,Free
U05177,Free
U05178,Premium
U05179,Premium
U05180,Premium
U05181,Free
U05182,Free
U05183,Free
U05184,Free
U05185,Free
U05186,Free
U05187,Free
U05188,Free
U05189,Free
U05190,Premium
U05191,Free
U05192,Free
U05193,Free
U05194,Premium
U05195,Free
U05196,Free
U05197,Premium
U05198,Free
U05199,Free
U05200,Premium
U05201,Free
U05202,Free
U05203,Free
U05204,Free
U05205,Free
U05206,Free
U05207,Free
U05208,Free
U05209,Premium
U05210,Free
U05211,Premium
U05212,Free
U05213,Free
U05214,Free
U05215,Free
U05216,Premium
U05217,Premium
U05218,Free
U05219,Premium
U05220,Premium
U05221,Free
U05222,Free
U05223,Free
U05224,Premium
U05225,Free
U05226,Free
U05227,Premium
U05228,Free
U05229,Premium
U05230,Free
U05231,Free
U05232,Free
U05233,Free
U05234,Free
U05235,Free
U05236,Free
U05237,Free
U05238,Free
U05239,Premium
U05240,Free
U05241,Free
U05242,Free
U05243,Free
U05244,Free
U05245,Free
U05246,Free
U05247,Premium
U05248,Premium
U05249,Free
U05250,Premium
U05251,Premium
U05252,Premium
U05253,Free
U05254,Free
U05255,Premium
U05256,Free
U05257,Free
U05258,Free
U05259,Free
U05260,Free
U05261,Free
U05262,Premium
U05263,Free
U05264,Free
U05265,Free
U05266,Free
U05267,Free
U05268,Free
U05269,Free
U05270,Free
U05271,Free
U05272,Premium
U05273,Free
U05274,Free
U05275,Premium
U05276,Free
U05277,Premium
U05278,Free
U05279,Free
U05280,Premium
U05281,Premium
U05282,Free
U05283,Free
U05284,Free
U05285,Free
U05286,Premium
U05287,Premium
U05288,Free
U05289,Free
U05290,Free
U05291,Free
U05292,Premium
U05293,Free
U05294,Premium
U05295,Premium
U05296,Premium
U05297,Premium
U05298,Premium
U05299,Free
U05300,Free
U05301,Premium
U05302,Free
U05303,Free
U05304,Premium
U05305,Free
U05306,Premium
U05307,Premium
U05308,Free
U05309,Premium
U05310,Free
U05311,Premium
U05312,Free
U05313,Free
U05314,Premium
U05315,Free
U05316,Free
U05317,Free
U05318,Free
U05319,Free
U05320,Free
U05321,Premium
U05322,Premium
U05323,Premium
U05324,Free
U05325,Free
U05326,Premium
U05327,Premium
U05328,Premium
U05329,Premium
U05330,Free
U05331,Premium
U05332,Premium
U05333,Free
U05334,Free
U05335,Free
U05336,Free
U05337,Premium
U05338,Free
U05339,Premium
U05340,Free
U05341,Free
U05342,Free
U05343,Free
U05344,Free
U05345,Premium
U05346,Free
U05347,Free
U05348,Premium
U05349,Free
U05350,Free
U05351,Premium
U05352,Free
U05353,Free
U05354,Premium
U05355,Free
U05356,Free
U05357,Free
U05358,Free
U05359,Free
U05360,Premium
U05361,Premium
U05362,Premium
U05363,Free
U05364,Free
U05365,Free
U05366,Free
U05367,Premium
U05368,Free
U05369,Free
U05370,Free
U05371,Free
U05372,Free
U05373,Free
U05374,Free
U05375,Free
U05376,Premium
U05377,Free
U05378,Premium
U05379,Premium
U05380,Premium
U05381,Premium
U05382,Free
U05383,Free
U05384,Free
U05385,Premium
U05386,Premium
U05387,Free
U05388,Free
U05389,Free
U05390,Free
U05391,Free
U05392,Free
U05393,Free
U05394,Free
U05395,Free
U05396,Free
U05397,Free
U05398,Premium
U05399,Free
U05400,Free
U05401,Premium
U05402,Free
U05403,Free
U05404,Free
U05405,Free
U05406,Free
U05407,Free
U05408,Free
U05409,Premium
U05410,Free
U05411,Free
U05412,Free
U05413,Premium
U05414,Free
U05415,Free
U05416,Free
U05417,Premium
U05418,Premium
U05419,Free
U05420,Free
U05421,Free
U05422,Free
U05423,Free
U05424,Free
U05425,Free
U05426,Free
U05427,Premium
U05428,Premium
U05429,Free
U05430,Free
U05431,Free
U05432,Free
U05433,Free
U05434,Free
U05435,Free
U05436,Free
U05437,Free
U05438,Premium
U05439,Free
U05440,Free
U05441,Free
U05442,Free
U05443,Free
U05444,Free
U05445,Premium
U05446,Premium
U05447,Free
U05448,Free
U05449,Free
U05450,Free
U05451,Free
U05452,Premium
U05453,Free
U05454,Premium
U05455,Free
U05456,Premium
U05457,Free
U05458,Free
U05459,Premium
U05460,Free
U05461,Free
U05462,Free
U05463,Free
U05464,Free
U05465,Free
U05466,Free
U05467,Free
U05468,Free
U05469,Premium
U05470,Premium
U05471,Free
U05472,Free
U05473,Premium
U05474,Free
U05475,Premium
U05476,Free
U05477,Premium
U05478,Premium
U05479,Free
U05480,Free
U05481,Premium
U05482,Free
U05483,Free
U05484,Free
U05485,Free
U05486,Free
U05487,Premium
U05488,Premium
U05489,Free
U05490,Premium
U05491,Free
U05492,Premium
U05493,Free
U05494,Premium
U05495,Free
U05496,Free
U05497,Free
U05498,Free
U05499,Free
U05500,Free
U05501,Free
U05502,Free
U05503,Free
U05504,Premium
U05505,Premium
U05506,Free
U05507,Free
U05508,Premium
U05509,Premium
U05510,Premium
U05511,Free
U05512,Premium
U05513,Premium
U05514,Free
U05515,Free
U05516,Free
U05517,Free
U05518,Free
U05519,Free
U05520,Premium
U05521,Free
U05522,Free
U05523,Premium
U05524,Premium
U05525,Premium
U05526,Premium
U05527,Premium
U05528,Premium
U05529,Premium
U05530,Free
U05531,Premium
U05532,Free
U05533,Free
U05534,Free
U05535,Free
U05536,Free
U05537,Free
U05538,Premium
U05539,Free
U05540,Free
U05541,Premium
U05542,Free
U05543,Free
U05544,Free
U05545,Free
U05546,Premium
U05547,Premium
U05548,Premium
U05549,Free
U05550,Free
U05551,Free
U05552,Free
U05553,Premium
U05554,Premium
U05555,Free
U05556,Free
U05557,Free
U05558,Premium
U05559,Free
U05560,Free
U05561,Premium
U05562,Free
U05563,Free
U05564,Free
U05565,Free
U05566,Free
U05567,Premium
U05568,Free
U05569,Premium
U05570,Free
U05571,Free
U05572,Premium
U05573,Free
U05574,Premium
U05575,Free
U05576,Free
U05577,Premium
U05578,Premium
U05579,Free
U05580,Free
U05581,Free
U05582,Free
U05583,Free
U05584,Free
U05585,Premium
U05586,Free
U05587,Free
U05588,Free
U05589,Free
U05590,Free
U05591,Free
U05592,Free
U05593,Free
U05594,Free
U05595,Free
U05596,Premium
U05597,Free
U05598,Free
U05599,Free
U05600,Free
U05601,Premium
U05602,Free
U05603,Free
U05604,Free
U05605,Free
U05606,Premium
U05607,Free
U05608,Free
U05609,Free
U05610,Free
U05611,Premium
U05612,Premium
U05613,Free
U05614,Premium
U05615,Free
U05616,Free
U05617,Free
U05618,Free
U05619,Free
U05620,Free
U05621,Free
U05622,Premium
U05623,Premium
U05624,Free
U05625,Free
U05626,Premium
U05627,Free
U05628,Free
U05629,Free
U05630,Premium
U05631,Premium
U05632,Free
U05633,Premium
U05634,Free
U05635,Free
U05636,Free
U05637,Free
U05638,Free
U05639,Premium
U05640,Premium
U05641,Free
U05642,Free
U05643,Free
U05644,Free
U05645,Free
U05646,Premium
U05647,Free
U05648,Premium
U05649,Free
U05650,Free
U05651,Free
U05652,Free
U05653,Free
U05654,Premium
U05655,Free
U05656,Free
U05657,Free
U05658,Free
U05659,Premium
U05660,Free
U05661,Free
U05662,Free
U05663,Premium
U05664,Premium
U05665,Free
U05666,Free
U05667,Premium
U05668,Free
U05669,Free
U05670,Free
U05671,Free
U05672,Free
U05673,Premium
U05674,Free
U05675,Free
U05676,Free
U05677,Free
U05678,Premium
U05679,Premium
U05680,Free
U05681,Premium
U05682,Free
U05683,Free
U05684,Free
U05685,Free
U05686,Free
U05687,Free
U05688,Free
U05689,Free
U05690,Premium
U05691,Free
U05692,Free
U05693,Free
U05694,Free
U05695,Free
U05696,Free
U05697,Free
U05698,Premium
U05699,Premium
U05700,Premium
U05701,Free
U05702,Free
U05703,Free
U05704,Free
U05705,Free
U05706,Free
U05707,Premium
U05708,Free
U05709,Free
U05710,Premium
U05711,Free
U05712,Free
U05713,Free
U05714,Free
U05715,Free
U05716,Free
U05717,Premium
U05718,Free
U05719,Free
U05720,Free
U05721,Premium
U05722,Free
U05723,Free
U05724,Free
U05725,Free
U05726,Premium
U05727,Free
U05728,Free
U05729,Free
U05730,Free
U05731,Free
U05732,Free
U05733,Premium
U05734,Free
U05735,Free
U05736,Free
U05737,Free
U05738,Free
U05739,Free
U05740,Free
U05741,Free
U05742,Free
U05743,Free
U05744,Free
U05745,Premium
U05746,Free
U05747,Free
U05748,Free
U05749,Free
U05750,Free
U05751,Premium
U05752,Free
U05753,Free
U05754,Free
U05755,Premium
U05756,Free
U05757,Free
U05758,Free
U05759,Free
U05760,Premium
U05761,Free
U05762,Free
U05763,Free
U05764,Free
U05765,Premium
U05766,Free
U05767,Free
U05768,Free
U05769,Free
U05770,Free
U05771,Free
U05772,Free
U05773,Free
U05774,Free
U05775,Free
U05776,Free
U05777,Free
U05778,Free
U05779,Free
U05780,Premium
U05781,Premium
U05782,Premium
U05783,Free
U05784,Premium
U05785,Free
U05786,Premium
U05787,Free
U05788,Premium
U05789,Free
U05790,Free
U05791,Free
U05792,Free
U05793,Free
U05794,Premium
U05795,Premium
U05796,Premium
U05797,Premium
U05798,Premium
U05799,Free
U05800,Premium
U05801,Free
U05802,Free
U05803,Free
U05804,Premium
U05805,Free
U05806,Free
U05807,Free
U05808,Free
U05809,Free
U05810,Premium
U05811,Premium
U05812,Premium
U05813,Free
U05814,Premium
U05815,Premium
U05816,Free
U05817,Premium
U05818,Free
U05819,Free
U05820,Premium
U05821,Premium
U05822,Free
U05823,Free
U05824,Free
U05825,Free
U05826,Free
U05827,Free
U05828,Free
U05829,Free
U05830,Premium
U05831,Free
U05832,Free
U05833,Premium
U05834,Free
U05835,Free
U05836,Free
U05837,Free
U05838,Free
U05839,Free
U05840,Free
U05841,Free
U05842,Free
U05843,Free
U05844,Free
U05845,Premium
U05846,Free
U05847,Free
U05848,Free
U05849,Free
U05850,Free
U05851,Premium
U05852,Free
U05853,Free
U05854,Free
U05855,Free
U05856,Premium
U05857,Free
U05858,Free
U05859,Free
U05860,Free
U05861,Free
U05862,Free
U05863,Free
U05864,Premium
U05865,Premium
U05866,Premium
U05867,Free
U05868,Free
U05869,Premium
U05870,Free
U05871,Free
U05872,Free
U05873,Free
U05874,Premium
U05875,Premium
U05876,Free
U05877,Free
U05878,Free
U05879,Premium
U05880,Free
U05881,Free
U05882,Premium
U05883,Premium
U05884,Free
U05885,Premium
U05886,Premium
U05887,Premium
U05888,Free
U05889,Free
U05890,Premium
U05891,Free
U05892,Free
U05893,Free
U05894,Free
U05895,Free
U05896,Free
U05897,Free
U05898,Free
U05899,Premium
U05900,Free
U05901,Free
U05902,Free
U05903,Free
U05904,Premium
U05905,Premium
U05906,Free
U05907,Free
U05908,Free
U05909,Free
U05910,Free
U05911,Free
U05912,Premium
U05913,Free
U05914,Free
U05915,Free
U05916,Free
U05917,Free
U05918,Free
U05919,Premium
U05920,Premium
U05921,Free
U05922,Free
U05923,Premium
U05924,Free
U05925,Free
U05926,Free
U05927,Premium
U05928,Free
U05929,Free
U05930,Free
U05931,Free
U05932,Premium
U05933,Free
U05934,Free
U05935,Free
U05936,Free
U05937,Premium
U05938,Premium
U05939,Free
U05940,Premium
U05941,Premium
U05942,Free
U05943,Premium
U05944,Free
U05945,Free
U05946,Free
U05947,Free
U05948,Free
U05949,Premium
U05950,Premium
U05951,Premium
U05952,Free
U05953,Free
U05954,Free
U05955,Free
U05956,Free
U05957,Free
U05958,Free
U05959,Free
U05960,Free
U05961,Premium
U05962,Free
U05963,Free
U05964,Premium
U05965,Free
U05966,Premium
U05967,Premium
U05968,Free
U05969,Free
U05970,Free
U05971,Free
U05972,Free
U05973,Free
U05974,Premium
U05975,Free
U05976,Free
U05977,Free
U05978,Free
U05979,Free
U05980,Free
U05981,Free
U05982,Free
U05983,Free
U05984,Premium
U05985,Free
U05986,Free
U05987,Free
U05988,Free
U05989,Free
U05990,Free
U05991,Premium
U05992,Free
U05993,Free
U05994,Free
U05995,Premium
U05996,Free
U05997,Premium
U05998,Free
U05999,Premium
U06000,Free
U06001,Free
U06002,Free
U06003,Free
U06004,Free
U06005,Premium
U06006,Premium
U06007,Free
U06008,Premium
U06009,Premium
U06010,Free
U06011,Free
U06012,Premium
U06013,Free
U06014,Free
U06015,Premium
U06016,Free
U06017,Premium
U06018,Premium
U06019,Premium
U06020,Premium
U06021,Free
U06022,Premium
U06023,Free
U06024,Free
U06025,Free
U06026,Free
U06027,Free
U06028,Premium
U06029,Free
U06030,Free
U06031,Free
U06032,Free
U06033,Free
U06034,Premium
U06035,Free
U06036,Premium
U06037,Free
U06038,Free
U06039,Free
U06040,Premium
U06041,Free
U06042,Free
U06043,Free
U06044,Premium
U06045,Free
U06046,Free
U06047,Free
U06048,Free
U06049,Free
U06050,Premium
U06051,Free
U06052,Free
U06053,Premium
U06054,Premium
U06055,Free
U06056,Premium
U06057,Free
U06058,Premium
U06059,Premium
U06060,Free
U06061,Free
U06062,Premium
U06063,Premium
U06064,Free
U06065,Free
U06066,Free
U06067,Premium
U06068,Free
U06069,Free
U06070,Free
U06071,Premium
U06072,Premium
U06073,Free
U06074,Premium
U06075,Premium
U06076,Free
U06077,Free
U06078,Free
U06079,Free
U06080,Free
U06081,Free
U06082,Free
U06083,Free
U06084,Free
U06085,Premium
U06086,Free
U06087,Premium
U06088,Free
U06089,Free
U06090,Free
U06091,Free
U06092,Free
U06093,Premium
U06094,Free
U06095,Free
U06096,Premium
U06097,Premium
U06098,Free
U06099,Free
U06100,Premium
U06101,Premium
U06102,Free
U06103,Premium
U06104,Free
U06105,Free
U06106,Premium
U06107,Free
U06108,Free
U06109,Free
U06110,Free
U06111,Free
U06112,Free
U06113,Free
U06114,Free
U06115,Premium
U06116,Free
U06117,Free
U06118,Premium
U06119,Free
U06120,Free
U06121,Premium
U06122,Premium
U06123,Premium
U06124,Free
U06125,Free
U06126,Free
U06127,Free
U06128,Free
U06129,Free
U06130,Free
U06131,Free
U06132,Premium
U06133,Premium
U06134,Premium
U06135,Premium
U06136,Free
U06137,Free
U06138,Free
U06139,Premium
U06140,Free
U06141,Free
U06142,Free
U06143,Premium
U06144,Free
U06145,Premium
U06146,Free
U06147,Free
U06148,Free
U06149,Free
U06150,Premium
U06151,Premium
U06152,Free
U06153,Free
U06154,Premium
U06155,Free
U06156,Premium
U06157,Premium
U06158,Premium
U06159,Free
U06160,Free
U06161,Free
U06162,Premium
U06163,Premium
U06164,Free
U06165,Premium
U06166,Premium
U06167,Free
U06168,Free
U06169,Free
U06170,Premium
U06171,Free
U06172,Free
U06173,Free
U06174,Premium
U06175,Free
U06176,Free
U06177,Premium
U06178,Free
U06179,Free
U06180,Free
U06181,Premium
U06182,Premium
U06183,Free
U06184,Free
U06185,Free
U06186,Free
U06187,Free
U06188,Free
U06189,Premium
U06190,Free
U06191,Free
U06192,Premium
U06193,Premium
U06194,Premium
U06195,Free
U06196,Free
U06197,Free
U06198,Free
U06199,Free
U06200,Free
U06201,Free
U06202,Premium
U06203,Free
U06204,Free
U06205,Premium
U06206,Premium
U06207,Free
U06208,Premium
U06209,Free
U06210,Free
U06211,Premium
U06212,Free
U06213,Free
U06214,Premium
U06215,Free
U06216,Free
U06217,Premium
U06218,Premium
U06219,Free
U06220,Free
U06221,Free
U06222,Premium
U06223,Free
U06224,Premium
U06225,Free
U06226,Free
U06227,Free
U06228,Premium
U06229,Free
U06230,Premium
U06231,Premium
U06232,Free
U06233,Free
U06234,Free
U06235,Free
U06236,Free
U06237,Free
U06238,Free
U06239,Free
U06240,Free
U06241,Free
U06242,Free
U06243,Free
U06244,Premium
U06245,Premium
U06246,Free
U06247,Free
U06248,Free
U06249,Premium
U06250,Free
U06251,Premium
U06252,Free
U06253,Premium
U06254,Free
U06255,Free
U06256,Free
U06257,Free
U06258,Free
U06259,Free
U06260,Free
U06261,Free
U06262,Free
U06263,Free
U06264,Premium
U06265,Free
U06266,Free
U06267,Free
U06268,Free
U06269,Premium
U06270,Free
U06271,Free
U06272,Free
U06273,Free
U06274,Premium
U06275,Free
U06276,Free
U06277,Premium
U06278,Free
U06279,Free
U06280,Free
U06281,Premium
U06282,Free
U06283,Premium
U06284,Free
U06285,Free
U06286,Free
U06287,Free
U06288,Free
U06289,Free
U06290,Free
U06291,Free
U06292,Free
U06293,Free
U06294,Free
U06295,Free
U06296,Free
U06297,Free
U06298,Free
U06299,Free
U06300,Premium
U06301,Free
U06302,Free
U06303,Free
U06304,Free
U06305,Free
U06306,Free
U06307,Free
U06308,Premium
U06309,Free
U06310,Free
U06311,Free
U06312,Free
U06313,Free
U06314,Free
U06315,Free
U06316,Free
U06317,Free
U06318,Free
U06319,Free
U06320,Free
U06321,Free
U06322,Free
U06323,Premium
U06324,Free
U06325,Free
U06326,Free
U06327,Premium
U06328,Free
U06329,Premium
U06330,Free
U06331,Free
U06332,Premium
U06333,Premium
U06334,Free
U06335,Free
U06336,Free
U06337,Free
U06338,Free
U06339,Free
U06340,Free
U06341,Free
U06342,Premium
U06343,Free
U06344,Premium
U06345,Free
U06346,Free
U06347,Premium
U06348,Free
U06349,Free
U06350,Premium
U06351,Free
U06352,Free
U06353,Premium
U06354,Premium
U06355,Premium
U06356,Free
U06357,Premium
U06358,Premium
U06359,Free
U06360,Premium
U06361,Free
U06362,Premium
U06363,Premium
U06364,Free
U06365,Premium
U06366,Premium
U06367,Free
U06368,Premium
U06369,Free
U06370,Premium
U06371,Free
U06372,Premium
U06373,Free
U06374,Free
U06375,Free
U06376,Free
U06377,Free
U06378,Free
U06379,Free
U06380,Free
U06381,Free
U06382,Free
U06383,Free
U06384,Premium
U06385,Free
U06386,Free
U06387,Premium
U06388,Free
U06389,Free
U06390,Free
U06391,Premium
U06392,Premium
U06393,Premium
U06394,Premium
U06395,Free
U06396,Free
U06397,Free
U06398,Premium
U06399,Premium
U06400,Free
U06401,Free
U06402,Free
U06403,Free
U06404,Free
U06405,Premium
U06406,Free
U06407,Premium
U06408,Free
U06409,Free
U06410,Free
U06411,Premium
U06412,Free
U06413,Premium
U06414,Premium
U06415,Free
U06416,Free
U06417,Free
U06418,Free
U06419,Premium
U06420,Premium
U06421,Premium
U06422,Free
U06423,Free
U06424,Free
U06425,Free
U06426,Free
U06427,Free
U06428,Premium
U06429,Free
U06430,Free
U06431,Free
U06432,Premium
U06433,Premium
U06434,Free
U06435,Premium
U06436,Free
U06437,Premium
U06438,Free
U06439,Free
U06440,Free
U06441,Free
U06442,Free
U06443,Free
U06444,Free
U06445,Premium
U06446,Premium
U06447,Premium
U06448,Premium
U06449,Free
U06450,Free
U06451,Free
U06452,Premium
U06453,Free
U06454,Free
U06455,Free
U06456,Free
U06457,Free
U06458,Free
U06459,Free
U06460,Free
U06461,Free
U06462,Premium
U06463,Free
U06464,Free
U06465,Premium
U06466,Premium
U06467,Free
U06468,Free
U06469,Free
U06470,Premium
U06471,Free
U06472,Free
U06473,Free
U06474,Free
U06475,Free
U06476,Premium
U06477,Premium
U06478,Premium
U06479,Free
U06480,Free
U06481,Free
U06482,Free
U06483,Free
U06484,Premium
U06485,Premium
U06486,Free
U06487,Free
U06488,Free
U06489,Premium
U06490,Free
U06491,Free
U06492,Free
U06493,Free
U06494,Free
U06495,Free
U06496,Free
U06497,Free
U06498,Premium
U06499,Free
U06500,Free
U06501,Premium
U06502,Free
U06503,Free
U06504,Premium
U06505,Free
U06506,Premium
U06507,Free
U06508,Free
U06509,Free
U06510,Free
U06511,Free
U06512,Free
U06513,Free
U06514,Free
U06515,Premium
U06516,Free
U06517,Premium
U06518,Premium
U06519,Premium
U06520,Premium
U06521,Free
U06522,Free
U06523,Free
U06524,Free
U06525,Free
U06526,Free
U06527,Free
U06528,Premium
U06529,Free
U06530,Free
U06531,Free
U06532,Free
U06533,Free
U06534,Free
U06535,Free
U06536,Free
U06537,Free
U06538,Free
U06539,Free
U06540,Premium
U06541,Free
U06542,Free
U06543,Free
U06544,Free
U06545,Free
U06546,Free
U06547,Free
U06548,Free
U06549,Free
U06550,Premium
U06551,Free
U06552,Free
U06553,Premium
U06554,Free
U06555,Free
U06556,Premium
U06557,Free
U06558,Premium
U06559,Premium
U06560,Free
U06561,Free
U06562,Premium
U06563,Free
U06564,Premium
U06565,Premium
U06566,Premium
U06567,Premium
U06568,Free
U06569,Free
U06570,Premium
U06571,Free
U06572,Free
U06573,Free
U06574,Free
U06575,Free
U06576,Premium
U06577,Free
U06578,Premium
U06579,Premium
U06580,Free
U06581,Free
U06582,Free
U06583,Free
U06584,Free
U06585,Free
U06586,Free
U06587,Free
U06588,Free
U06589,Free
U06590,Premium
U06591,Free
U06592,Premium
U06593,Free
U06594,Premium
U06595,Free
U06596,Premium
U06597,Free
U06598,Premium
U06599,Free
U06600,Free
U06601,Premium
U06602,Free
U06603,Free
U06604,Free
U06605,Free
U06606,Premium
U06607,Free
U06608,Premium
U06609,Premium
U06610,Premium
U06611,Premium
U06612,Free
U06613,Free
U06614,Free
U06615,Free
U06616,Free
U06617,Premium
U06618,Premium
U06619,Free
U06620,Free
U06621,Free
U06622,Free
U06623,Premium
U06624,Premium
U06625,Free
U06626,Free
U06627,Free
U06628,Free
U06629,Free
U06630,Free
U06631,Premium
U06632,Free
U06633,Premium
U06634,Premium
U06635,Free
U06636,Free
U06637,Free
U06638,Premium
U06639,Free
U06640,Premium
U06641,Free
U06642,Free
U06643,Premium
U06644,Premium
U06645,Premium
U06646,Free
U06647,Free
U06648,Free
U06649,Free
U06650,Free
U06651,Free
U06652,Free
U06653,Free
U06654,Premium
U06655,Free
U06656,Free
U06657,Premium
U06658,Free
U06659,Premium
U06660,Premium
U06661,Premium
U06662,Free
U06663,Free
U06664,Premium
U06665,Premium
U06666,Free
U06667,Free
U06668,Free
U06669,Free
U06670,Free
U06671,Free
U06672,Premium
U06673,Premium
U06674,Free
U06675,Free
U06676,Free
U06677,Free
U06678,Premium
U06679,Free
U06680,Free
U06681,Free
U06682,Premium
U06683,Free
U06684,Free
U06685,Free
U06686,Free
U06687,Free
U06688,Free
U06689,Free
U06690,Free
U06691,Premium
U06692,Premium
U06693,Free
U06694,Free
U06695,Free
U06696,Premium
U06697,Premium
U06698,Free
U06699,Premium
U06700,Free
U06701,Free
U06702,Premium
U06703,Free
U06704,Free
U06705,Premium
U06706,Free
U06707,Premium
U06708,Free
U06709,Premium
U06710,Free
U06711,Free
U06712,Premium
U06713,Premium
U06714,Free
U06715,Free
U06716,Free
U06717,Premium
U06718,Free
U06719,Free
U06720,Premium
U06721,Free
U06722,Premium
U06723,Free
U06724,Free
U06725,Premium
U06726,Free
U06727,Free
U06728,Free
U06729,Premium
U06730,Premium
U06731,Free
U06732,Premium
U06733,Free
U06734,Free
U06735,Free
U06736,Free
U06737,Free
U06738,Free
U06739,Free
U06740,Premium
U06741,Premium
U06742,Premium
U06743,Free
U06744,Premium
U06745,Premium
U06746,Free
U06747,Free
U06748,Free
U06749,Free
U06750,Free
U06751,Free
U06752,Free
U06753,Free
U06754,Free
U06755,Premium
U06756,Premium
U06757,Free
U06758,Premium
U06759,Premium
U06760,Free
U06761,Premium
U06762,Free
U06763,Premium
U06764,Premium
U06765,Free
U06766,Free
U06767,Free
U06768,Free
U06769,Free
U06770,Premium
U06771,Free
U06772,Premium
U06773,Free
U06774,Premium
U06775,Premium
U06776,Free
U06777,Free
U06778,Free
U06779,Free
U06780,Premium
U06781,Premium
U06782,Free
U06783,Premium
U06784,Free
U06785,Free
U06786,Premium
U06787,Free
U06788,Free
U06789,Free
U06790,Premium
U06791,Premium
U06792,Free
U06793,Free
U06794,Free
U06795,Free
U06796,Free
U06797,Free
U06798,Premium
U06799,Free
U06800,Premium
U06801,Free
U06802,Premium
U06803,Free
U06804,Free
U06805,Premium
U06806,Free
U06807,Premium
U06808,Premium
U06809,Premium
U06810,Free
U06811,Premium
U06812,Free
U06813,Premium
U06814,Free
U06815,Free
U06816,Free
U06817,Premium
U06818,Free
U06819,Premium
U06820,Free
U06821,Free
U06822,Free
U06823,Free
U06824,Premium
U06825,Premium
U06826,Premium
U06827,Free
U06828,Premium
U06829,Free
U06830,Free
U06831,Free
U06832,Free
U06833,Free
U06834,Free
U06835,Free
U06836,Free
U06837,Free
U06838,Free
U06839,Premium
U06840,Free
U06841,Free
U06842,Free
U06843,Free
U06844,Free
U06845,Free
U06846,Premium
U06847,Free
U06848,Premium
U06849,Free
U06850,Premium
U06851,Premium
U06852,Premium
U06853,Free
U06854,Free
U06855,Free
U06856,Free
U06857,Free
U06858,Free
U06859,Free
U06860,Premium
U06861,Premium
U06862,Premium
U06863,Free
U06864,Premium
U06865,Free
U06866,Free
U06867,Premium
U06868,Free
U06869,Free
U06870,Premium
U06871,Free
U06872,Free
U06873,Free
U06874,Premium
U06875,Premium
U06876,Free
U06877,Free
U06878,Free
U06879,Free
U06880,Free
U06881,Premium
U06882,Free
U06883,Premium
U06884,Free
U06885,Free
U06886,Free
U06887,Free
U06888,Free
U06889,Premium
U06890,Free
U06891,Free
U06892,Free
U06893,Free
U06894,Premium
U06895,Free
U06896,Free
U06897,Premium
U06898,Free
U06899,Premium
U06900,Free
U06901,Free
U06902,Premium
U06903,Free
U06904,Free
U06905,Premium
U06906,Free
U06907,Free
U06908,Premium
U06909,Free
U06910,Free
U06911,Free
U06912,Premium
U06913,Free
U06914,Free
U06915,Free
U06916,Premium
U06917,Free
U06918,Premium
U06919,Free
U06920,Premium
U06921,Premium
U06922,Free
U06923,Premium
U06924,Free
U06925,Free
U06926,Free
U06927,Premium
U06928,Free
U06929,Free
U06930,Free
U06931,Free
U06932,Free
U06933,Free
U06934,Premium
U06935,Free
U06936,Free
U06937,Premium
U06938,Premium
U06939,Premium
U06940,Premium
U06941,Premium
U06942,Premium
U06943,Premium
U06944,Free
U06945,Free
U06946,Free
U06947,Free
U06948,Free
U06949,Free
U06950,Free
U06951,Premium
U06952,Free
U06953,Free
U06954,Free
U06955,Premium
U06956,Free
U06957,Premium
U06958,Free
U06959,Free
U06960,Free
U06961,Premium
U06962,Free
U06963,Premium
U06964,Premium
U06965,Free
U06966,Free
U06967,Free
U06968,Free
U06969,Premium
U06970,Free
U06971,Free
U06972,Free
U06973,Free
U06974,Free
U06975,Free
U06976,Free
U06977,Free
U06978,Free
U06979,Free
U06980,Premium
U06981,Premium
U06982,Free
U06983,Premium
U06984,Free
U06985,Free
U06986,Free
U06987,Free
U06988,Premium
U06989,Free
U06990,Premium
U06991,Free
U06992,Free
U06993,Free
U06994,Premium
U06995,Free
U06996,Premium
U06997,Free
U06998,Free
U06999,Premium
U07000,Free
U07001,Free
U07002,Free
U07003,Free
U07004,Free
U07005,Free
U07006,Free
U07007,Free
U07008,Free
U07009,Free
U07010,Free
U07011,Free
U07012,Free
U07013,Free
U07014,Free
U07015,Premium
U07016,Free
U07017,Free
U07018,Free
U07019,Free
U07020,Free
U07021,Free
U07022,Free
U07023,Free
U07024,Premium
U07025,Free
U07026,Free
U07027,Free
U07028,Free
U07029,Premium
U07030,Free
U07031,Premium
U07032,Free
U07033,Free
U07034,Premium
U07035,Free
U07036,Free
U07037,Free
U07038,Free
U07039,Free
U07040,Free
U07041,Free
U07042,Free
U07043,Free
U07044,Premium
U07045,Free
U07046,Free
U07047,Free
U07048,Premium
U07049,Premium
U07050,Free
U07051,Premium
U07052,Free
U07053,Free
U07054,Free
U07055,Premium
U07056,Free
U07057,Free
U07058,Premium
U07059,Free
U07060,Free
U07061,Free
U07062,Premium
U07063,Premium
U07064,Free
U07065,Free
U07066,Free
U07067,Premium
U07068,Free
U07069,Free
U07070,Free
U07071,Free
U07072,Free
U07073,Premium
U07074,Free
U07075,Premium
U07076,Free
U07077,Free
U07078,Free
U07079,Free
U07080,Premium
U07081,Premium
U07082,Free
U07083,Free
U07084,Free
U07085,Free
U07086,Free
U07087,Premium
U07088,Premium
U07089,Premium
U07090,Free
U07091,Free
U07092,Free
U07093,Free
U07094,Free
U07095,Free
U07096,Free
U07097,Free
U07098,Free
U07099,Free
U07100,Premium
U07101,Free
U07102,Free
U07103,Free
U07104,Premium
U07105,Premium
U07106,Premium
U07107,Premium
U07108,Free
U07109,Premium
U07110,Free
U07111,Free
U07112,Free
U07113,Premium
U07114,Free
U07115,Premium
U07116,Premium
U07117,Free
U07118,Free
U07119,Premium
U07120,Free
U07121,Premium
U07122,Free
U07123,Free
U07124,Free
U07125,Premium
U07126,Free
U07127,Free
U07128,Premium
U07129,Free
U07130,Free
U07131,Free
U07132,Free
U07133,Premium
U07134,Free
U07135,Free
U07136,Premium
U07137,Free
U07138,Free
U07139,Free
U07140,Free
U07141,Free
U07142,Premium
U07143,Premium
U07144,Free
U07145,Free
U07146,Free
U07147,Free
U07148,Free
U07149,Free
U07150,Premium
U07151,Free
U07152,Free
U07153,Free
U07154,Premium
U07155,Free
U07156,Free
U07157,Premium
U07158,Free
U07159,Free
U07160,Free
U07161,Free
U07162,Premium
U07163,Free
U07164,Premium
U07165,Free
U07166,Premium
U07167,Free
U07168,Premium
U07169,Premium
U07170,Free
U07171,Free
U07172,Free
U07173,Premium
U07174,Free
U07175,Free
U07176,Free
U07177,Free
U07178,Premium
U07179,Premium
U07180,Free
U07181,Free
U07182,Free
U07183,Free
U07184,Free
U07185,Free
U07186,Free
U07187,Free
U07188,Premium
U07189,Premium
U07190,Free
U07191,Free
U07192,Premium
U07193,Premium
U07194,Free
U07195,Free
U07196,Free
U07197,Free
U07198,Free
U07199,Free
U07200,Premium
U07201,Free
U07202,Premium
U07203,Free
U07204,Free
U07205,Premium
U07206,Premium
U07207,Premium
U07208,Free
U07209,Premium
U07210,Free
U07211,Free
U07212,Free
U07213,Free
U07214,Free
U07215,Free
U07216,Premium
U07217,Premium
U07218,Free
U07219,Free
U07220,Premium
U07221,Free
U07222,Free
U07223,Free
U07224,Free
U07225,Free
U07226,Free
U07227,Free
U07228,Free
U07229,Free
U07230,Free
U07231,Premium
U07232,Premium
U07233,Free
U07234,Free
U07235,Premium
U07236,Premium
U07237,Premium
U07238,Free
U07239,Free
U07240,Free
U07241,Free
U07242,Free
U07243,Free
U07244,Free
U07245,Free
U07246,Free
U07247,Free
U07248,Free
U07249,Free
U07250,Free
U07251,Free
U07252,Free
U07253,Free
U07254,Free
U07255,Free
U07256,Free
U07257,Premium
U07258,Premium
U07259,Free
U07260,Free
U07261,Free
U07262,Free
U07263,Free
U07264,Free
U07265,Free
U07266,Free
U07267,Premium
U07268,Free
U07269,Free
U07270,Free
U07271,Free
U07272,Free
U07273,Free
U07274,Premium
U07275,Free
U07276,Premium
U07277,Free
U07278,Free
U07279,Free
U07280,Free
U07281,Premium
U07282,Premium
U07283,Free
U07284,Free
U07285,Premium
U07286,Premium
U07287,Free
U07288,Free
U07289,Premium
U07290,Free
U07291,Free
U07292,Free
U07293,Free
U07294,Free
U07295,Free
U07296,Premium
U07297,Premium
U07298,Premium
U07299,Free
U07300,Free
U07301,Free
U07302,Free
U07303,Free
U07304,Free
U07305,Free
U07306,Premium
U07307,Free
U07308,Free
U07309,Premium
U07310,Premium
U07311,Premium
U07312,Free
U07313,Premium
U07314,Free
U07315,Free
U07316,Free
U07317,Free
U07318,Free
U07319,Free
U07320,Free
U07321,Free
U07322,Free
U07323,Free
U07324,Premium
U07325,Free
U07326,Premium
U07327,Premium
U07328,Premium
U07329,Premium
U07330,Free
U07331,Free
U07332,Free
U07333,Premium
U07334,Free
U07335,Premium
U07336,Free
U07337,Free
U07338,Premium
U07339,Free
U07340,Free
U07341,Free
U07342,Free
U07343,Free
U07344,Free
U07345,Free
U07346,Free
U07347,Free
U07348,Free
U07349,Free
U07350,Free
U07351,Free
U07352,Free
U07353,Free
U07354,Premium
U07355,Free
U07356,Free
U07357,Free
U07358,Free
U07359,Free
U07360,Free
U07361,Premium
U07362,Premium
U07363,Premium
U07364,Premium
U07365,Free
U07366,Free
U07367,Premium
U07368,Free
U07369,Free
U07370,Premium
U07371,Free
U07372,Free
U07373,Premium
U07374,Premium
U07375,Free
U07376,Free
U07377,Free
U07378,Free
U07379,Free
U07380,Free
U07381,Free
U07382,Free
U07383,Free
U07384,Premium
U07385,Free
U07386,Free
U07387,Free
U07388,Free
U07389,Premium
U07390,Premium
U07391,Free
U07392,Free
U07393,Free
U07394,Premium
U07395,Free
U07396,Premium
U07397,Free
U07398,Premium
U07399,Free
U07400,Free
U07401,Free
U07402,Free
U07403,Free
U07404,Free
U07405,Free
U07406,Free
U07407,Free
U07408,Free
U07409,Free
U07410,Premium
U07411,Free
U07412,Free
U07413,Free
U07414,Free
U07415,Free
U07416,Free
U07417,Premium
U07418,Free
U07419,Free
U07420,Free
U07421,Free
U07422,Free
U07423,Premium
U07424,Free
U07425,Free
U07426,Premium
U07427,Premium
U07428,Free
U07429,Premium
U07430,Premium
U07431,Free
U07432,Free
U07433,Free
U07434,Free
U07435,Free
U07436,Free
U07437,Free
U07438,Free
U07439,Free
U07440,Free
U07441,Free
U07442,Free
U07443,Free
U07444,Free
U07445,Free
U07446,Premium
U07447,Free
U07448,Free
U07449,Free
U07450,Free
U07451,Free
U07452,Free
U07453,Free
U07454,Free
U07455,Free
U07456,Free
U07457,Free
U07458,Free
U07459,Free
U07460,Premium
U07461,Free
U07462,Free
U07463,Free
U07464,Free
U07465,Premium
U07466,Premium
U07467,Free
U07468,Premium
U07469,Premium
U07470,Free
U07471,Free
U07472,Premium
U07473,Premium
U07474,Premium
U07475,Premium
U07476,Premium
U07477,Free
U07478,Free
U07479,Free
U07480,Free
U07481,Free
U07482,Premium
U07483,Premium
U07484,Free
U07485,Free
U07486,Premium
U07487,Premium
U07488,Free
U07489,Free
U07490,Free
U07491,Free
U07492,Premium
U07493,Premium
U07494,Free
U07495,Free
U07496,Premium
U07497,Free
U07498,Free
U07499,Premium
U07500,Free
U07501,Free
U07502,Free
U07503,Free
U07504,Premium
U07505,Free
U07506,Free
U07507,Premium
U07508,Free
U07509,Premium
U07510,Premium
U07511,Free
U07512,Premium
U07513,Free
U07514,Free
U07515,Premium
U07516,Free
U07517,Free
U07518,Free
U07519,Free
U07520,Free
U07521,Premium
U07522,Premium
U07523,Free
U07524,Premium
U07525,Free
U07526,Free
U07527,Premium
U07528,Premium
U07529,Premium
U07530,Free
U07531,Free
U07532,Premium
U07533,Premium
U07534,Free
U07535,Premium
U07536,Free
U07537,Free
U07538,Free
U07539,Free
U07540,Free
U07541,Free
U07542,Premium
U07543,Free
U07544,Free
U07545,Premium
U07546,Premium
U07547,Premium
U07548,Premium
U07549,Free
U07550,Premium
U07551,Free
U07552,Free
U07553,Free
U07554,Free
U07555,Free
U07556,Premium
U07557,Premium
U07558,Premium
U07559,Free
U07560,Premium
U07561,Free
U07562,Free
U07563,Premium
U07564,Free
U07565,Free
U07566,Free
U07567,Free
U07568,Premium
U07569,Premium
U07570,Premium
U07571,Premium
U07572,Free
U07573,Free
U07574,Premium
U07575,Premium
U07576,Free
U07577,Premium
U07578,Free
U07579,Premium
U07580,Free
U07581,Free
U07582,Free
U07583,Premium
U07584,Free
U07585,Free
U07586,Free
U07587,Free
U07588,Free
U07589,Free
U07590,Premium
U07591,Free
U07592,Free
U07593,Premium
U07594,Free
U07595,Free
U07596,Free
U07597,Free
U07598,Premium
U07599,Premium
U07600,Premium
U07601,Free
U07602,Free
U07603,Free
U07604,Free
U07605,Premium
U07606,Free
U07607,Free
U07608,Free
U07609,Free
U07610,Free
U07611,Free
U07612,Free
U07613,Free
U07614,Free
U07615,Free
U07616,Premium
U07617,Free
U07618,Premium
U07619,Premium
U07620,Premium
U07621,Free
U07622,Premium
U07623,Free
U07624,Free
U07625,Premium
U07626,Free
U07627,Premium
U07628,Premium
U07629,Free
U07630,Free
U07631,Premium
U07632,Free
U07633,Premium
U07634,Free
U07635,Premium
U07636,Free
U07637,Free
U07638,Free
U07639,Free
U07640,Free
U07641,Free
U07642,Free
U07643,Premium
U07644,Free
U07645,Premium
U07646,Free
U07647,Free
U07648,Free
U07649,Premium
U07650,Free
U07651,Premium
U07652,Premium
U07653,Premium
U07654,Premium
U07655,Free
U07656,Free
U07657,Premium
U07658,Free
U07659,Free
U07660,Free
U07661,Free
U07662,Premium
U07663,Free
U07664,Free
U07665,Free
U07666,Free
U07667,Free
U07668,Free
U07669,Free
U07670,Premium
U07671,Free
U07672,Free
U07673,Free
U07674,Premium
U07675,Premium
U07676,Premium
U07677,Premium
U07678,Premium
U07679,Premium
U07680,Premium
U07681,Free
U07682,Free
U07683,Free
U07684,Premium
U07685,Premium
U07686,Free
U07687,Premium
U07688,Free
U07689,Free
U07690,Free
U07691,Free
U07692,Free
U07693,Free
U07694,Premium
U07695,Free
U07696,Free
U07697,Free
U07698,Free
U07699,Free
U07700,Free
U07701,Free
U07702,Free
U07703,Free
U07704,Free
U07705,Free
U07706,Free
U07707,Free
U07708,Premium
U07709,Free
U07710,Premium
U07711,Free
U07712,Free
U07713,Free
U07714,Free
U07715,Free
U07716,Premium
U07717,Free
U07718,Free
U07719,Free
U07720,Free
U07721,Free
U07722,Premium
U07723,Free
U07724,Premium
U07725,Premium
U07726,Free
U07727,Free
U07728,Premium
U07729,Free
U07730,Free
U07731,Free
U07732,Free
U07733,Premium
U07734,Free
U07735,Free
U07736,Free
U07737,Free
U07738,Premium
U07739,Free
U07740,Premium
U07741,Free
U07742,Free
U07743,Free
U07744,Premium
U07745,Free
U07746,Free
U07747,Premium
U07748,Free
U07749,Free
U07750,Premium
U07751,Premium
U07752,Free
U07753,Premium
U07754,Free
U07755,Free
U07756,Free
U07757,Premium
U07758,Free
U07759,Free
U07760,Free
U07761,Free
U07762,Premium
U07763,Free
U07764,Free
U07765,Free
U07766,Premium
U07767,Premium
U07768,Free
U07769,Free
U07770,Free
U07771,Premium
U07772,Free
U07773,Free
U07774,Free
U07775,Free
U07776,Free
U07777,Free
U07778,Premium
U07779,Free
U07780,Premium
U07781,Premium
U07782,Premium
U07783,Free
U07784,Free
U07785,Free
U07786,Free
U07787,Premium
U07788,Free
U07789,Free
U07790,Free
U07791,Premium
U07792,Free
U07793,Free
U07794,Free
U07795,Free
U07796,Free
U07797,Premium
U07798,Free
U07799,Premium
U07800,Premium
U07801,Premium
U07802,Free
U07803,Free
U07804,Free
U07805,Premium
U07806,Premium
U07807,Free
U07808,Free
U07809,Free
U07810,Premium
U07811,Free
U07812,Free
U07813,Premium
U07814,Free
U07815,Free
U07816,Premium
U07817,Free
U07818,Free
U07819,Free
U07820,Premium
U07821,Free
U07822,Premium
U07823,Free
U07824,Free
U07825,Free
U07826,Free
U07827,Premium
U07828,Free
U07829,Premium
U07830,Premium
U07831,Free
U07832,Free
U07833,Free
U07834,Free
U07835,Free
U07836,Free
U07837,Premium
U07838,Free
U07839,Premium
U07840,Premium
U07841,Premium
U07842,Premium
U07843,Free
U07844,Free
U07845,Free
U07846,Free
U07847,Free
U07848,Free
U07849,Free
U07850,Premium
U07851,Premium
U07852,Free
U07853,Free
U07854,Premium
U07855,Free
U07856,Free
U07857,Premium
U07858,Free
U07859,Free
U07860,Premium
U07861,Free
U07862,Free
U07863,Free
U07864,Premium
U07865,Free
U07866,Premium
U07867,Premium
U07868,Free
U07869,Free
U07870,Free
U07871,Free
U07872,Free
U07873,Free
U07874,Premium
U07875,Free
U07876,Free
U07877,Premium
U07878,Free
U07879,Free
U07880,Premium
U07881,Premium
U07882,Free
U07883,Free
U07884,Premium
U07885,Free
U07886,Free
U07887,Free
U07888,Free
U07889,Free
U07890,Free
U07891,Free
U07892,Premium
U07893,Premium
U07894,Free
U07895,Free
U07896,Premium
U07897,Free
U07898,Free
U07899,Free
U07900,Premium
U07901,Free
U07902,Premium
U07903,Free
U07904,Free
U07905,Free
U07906,Premium
U07907,Free
U07908,Premium
U07909,Free
U07910,Free
U07911,Free
U07912,Free
U07913,Free
U07914,Premium
U07915,Premium
U07916,Free
U07917,Premium
U07918,Premium
U07919,Free
U07920,Free
U07921,Premium
U07922,Free
U07923,Free
U07924,Free
U07925,Premium
U07926,Free
U07927,Free
U07928,Free
U07929,Free
U07930,Free
U07931,Free
U07932,Premium
U07933,Premium
U07934,Free
U07935,Premium
U07936,Premium
U07937,Free
U07938,Free
U07939,Premium
U07940,Free
U07941,Free
U07942,Free
U07943,Free
U07944,Free
U07945,Free
U07946,Free
U07947,Free
U07948,Free
U07949,Free
U07950,Free
U07951,Free
U07952,Premium
U07953,Free
U07954,Premium
U07955,Free
U07956,Premium
U07957,Free
U07958,Free
U07959,Free
U07960,Premium
U07961,Free
U07962,Free
U07963,Free
U07964,Free
U07965,Free
U07966,Premium
U07967,Free
U07968,Free
U07969,Premium
U07970,Free
U07971,Free
U07972,Free
U07973,Premium
U07974,Free
U07975,Free
U07976,Free
U07977,Free
U07978,Free
U07979,Free
U07980,Free
U07981,Free
U07982,Free
U07983,Premium
U07984,Free
U07985,Free
U07986,Free
U07987,Free
U07988,Premium
U07989,Free
U07990,Free
U07991,Premium
U07992,Free
U07993,Free
U07994,Premium
U07995,Free
U07996,Free
U07997,Premium
U07998,Free
U07999,Free
U08000,Premium
U08001,Premium
U08002,Free
U08003,Free
U08004,Free
U08005,Free
U08006,Free
U08007,Free
U08008,Free
U08009,Free
U08010,Free
U08011,Free
U08012,Free
U08013,Premium
U08014,Premium
U08015,Premium
U08016,Free
U08017,Premium
U08018,Premium
U08019,Free
U08020,Premium
U08021,Premium
U08022,Free
U08023,Free
U08024,Premium
U08025,Free
U08026,Free
U08027,Free
U08028,Free
U08029,Premium
U08030,Free
U08031,Free
U08032,Free
U08033,Free
U08034,Free
U08035,Free
U08036,Free
U08037,Free
U08038,Free
U08039,Free
U08040,Premium
U08041,Free
U08042,Premium
U08043,Free
U08044,Premium
U08045,Premium
U08046,Free
U08047,Premium
U08048,Premium
U08049,Free
U08050,Free
U08051,Free
U08052,Free
U08053,Premium
U08054,Free
U08055,Free
U08056,Free
U08057,Free
U08058,Free
U08059,Free
U08060,Premium
U08061,Premium
U08062,Free
U08063,Premium
U08064,Free
U08065,Premium
U08066,Free
U08067,Free
U08068,Free
U08069,Free
U08070,Free
U08071,Free
U08072,Premium
U08073,Free
U08074,Free
U08075,Free
U08076,Premium
U08077,Premium
U08078,Free
U08079,Premium
U08080,Free
U08081,Free
U08082,Premium
U08083,Free
U08084,Free
U08085,Free
U08086,Free
U08087,Free
U08088,Free
U08089,Free
U08090,Free
U08091,Free
U08092,Free
U08093,Free
U08094,Free
U08095,Premium
U08096,Premium
U08097,Free
U08098,Premium
U08099,Free
U08100,Free
U08101,Free
U08102,Premium
U08103,Free
U08104,Premium
U08105,Free
U08106,Free
U08107,Premium
U08108,Premium
U08109,Premium
U08110,Premium
U08111,Premium
U08112,Free
U08113,Free
U08114,Free
U08115,Free
U08116,Free
U08117,Premium
U08118,Premium
U08119,Free
U08120,Free
U08121,Premium
U08122,Free
U08123,Premium
U08124,Free
U08125,Free
U08126,Free
U08127,Premium
U08128,Premium
U08129,Free
U08130,Free
U08131,Free
U08132,Free
U08133,Free
U08134,Premium
U08135,Free
U08136,Premium
U08137,Free
U08138,Free
U08139,Free
U08140,Premium
U08141,Free
U08142,Premium
U08143,Free
U08144,Free
U08145,Free
U08146,Free
U08147,Free
U08148,Premium
U08149,Free
U08150,Premium
U08151,Free
U08152,Premium
U08153,Premium
U08154,Premium
U08155,Premium
U08156,Free
U08157,Free
U08158,Premium
U08159,Premium
U08160,Free
U08161,Free
U08162,Free
U08163,Free
U08164,Free
U08165,Free
U08166,Free
U08167,Premium
U08168,Free
U08169,Premium
U08170,Free
U08171,Free
U08172,Free
U08173,Premium
U08174,Free
U08175,Premium
U08176,Free
U08177,Free
U08178,Free
U08179,Free
U08180,Free
U08181,Free
U08182,Premium
U08183,Premium
U08184,Free
U08185,Free
U08186,Free
U08187,Premium
U08188,Free
U08189,Free
U08190,Free
U08191,Free
U08192,Free
U08193,Free
U08194,Free
U08195,Free
U08196,Free
U08197,Free
U08198,Free
U08199,Free
U08200,Premium
U08201,Free
U08202,Free
U08203,Premium
U08204,Free
U08205,Premium
U08206,Premium
U08207,Premium
U08208,Free
U08209,Premium
U08210,Free
U08211,Free
U08212,Free
U08213,Free
U08214,Free
U08215,Free
U08216,Free
U08217,Free
U08218,Premium
U08219,Premium
U08220,Premium
U08221,Free
U08222,Free
U08223,Free
U08224,Free
U08225,Free
U08226,Free
U08227,Free
U08228,Free
U08229,Free
U08230,Free
U08231,Free
U08232,Free
U08233,Free
U08234,Premium
U08235,Premium
U08236,Premium
U08237,Free
U08238,Free
U08239,Free
U08240,Free
U08241,Premium
U08242,Premium
U08243,Free
U08244,Free
U08245,Free
U08246,Free
U08247,Premium
U08248,Premium
U08249,Free
U08250,Free
U08251,Free
U08252,Free
U08253,Free
U08254,Free
U08255,Free
U08256,Free
U08257,Free
U08258,Premium
U08259,Free
U08260,Free
U08261,Free
U08262,Free
U08263,Free
U08264,Premium
U08265,Free
U08266,Free
U08267,Free
U08268,Premium
U08269,Free
U08270,Free
U08271,Free
U08272,Premium
U08273,Free
U08274,Premium
U08275,Free
U08276,Premium
U08277,Free
U08278,Free
U08279,Free
U08280,Premium
U08281,Premium
U08282,Free
U08283,Free
U08284,Free
U08285,Free
U08286,Free
U08287,Free
U08288,Free
U08289,Premium
U08290,Free
U08291,Free
U08292,Free
U08293,Free
U08294,Premium
U08295,Premium
U08296,Free
U08297,Premium
U08298,Free
U08299,Premium
U08300,Premium
U08301,Premium
U08302,Premium
U08303,Free
U08304,Free
U08305,Premium
U08306,Premium
U08307,Free
U08308,Free
U08309,Free
U08310,Premium
U08311,Free
U08312,Free
U08313,Free
U08314,Free
U08315,Free
U08316,Premium
U08317,Premium
U08318,Premium
U08319,Free
U08320,Premium
U08321,Free
U08322,Free
U08323,Premium
U08324,Free
U08325,Free
U08326,Premium
U08327,Premium
U08328,Free
U08329,Premium
U08330,Free
U08331,Premium
U08332,Free
U08333,Free
U08334,Premium
U08335,Premium
U08336,Premium
U08337,Free
U08338,Free
U08339,Premium
U08340,Free
U08341,Free
U08342,Free
U08343,Free
U08344,Free
U08345,Free
U08346,Free
U08347,Premium
U08348,Premium
U08349,Free
U08350,Free
U08351,Free
U08352,Free
U08353,Free
U08354,Premium
U08355,Premium
U08356,Premium
U08357,Free
U08358,Premium
U08359,Premium
U08360,Free
U08361,Premium
U08362,Free
U08363,Free
U08364,Premium
U08365,Premium
U08366,Free
U08367,Free
U08368,Free
U08369,Free
U08370,Free
U08371,Premium
U08372,Free
U08373,Premium
U08374,Free
U08375,Premium
U08376,Free
U08377,Free
U08378,Premium
U08379,Premium
U08380,Free
U08381,Premium
U08382,Free
U08383,Free
U08384,Free
U08385,Free
U08386,Free
U08387,Premium
U08388,Free
U08389,Free
U08390,Free
U08391,Free
U08392,Free
U08393,Free
U08394,Free
U08395,Free
U08396,Free
U08397,Free
U08398,Premium
U08399,Free
U08400,Free
U08401,Free
U08402,Free
U08403,Free
U08404,Free
U08405,Free
U08406,Free
U08407,Premium
U08408,Free
U08409,Free
U08410,Free
U08411,Free
U08412,Free
U08413,Free
U08414,Free
U08415,Free
U08416,Premium
U08417,Premium
U08418,Free
U08419,Premium
U08420,Free
U08421,Premium
U08422,Free
U08423,Free
U08424,Free
U08425,Premium
U08426,Free
U08427,Premium
U08428,Free
U08429,Free
U08430,Free
U08431,Free
U08432,Free
U08433,Premium
U08434,Free
U08435,Free
U08436,Premium
U08437,Free
U08438,Premium
U08439,Premium
U08440,Free
U08441,Free
U08442,Free
U08443,Free
U08444,Premium
U08445,Premium
U08446,Free
U08447,Free
U08448,Premium
U08449,Free
U08450,Free
U08451,Premium
U08452,Free
U08453,Free
U08454,Premium
U08455,Free
U08456,Free
U08457,Free
U08458,Free
U08459,Free
U08460,Premium
U08461,Free
U08462,Free
U08463,Premium
U08464,Premium
U08465,Free
U08466,Free
U08467,Premium
U08468,Free
U08469,Premium
U08470,Premium
U08471,Free
U08472,Free
U08473,Free
U08474,Free
U08475,Premium
U08476,Free
U08477,Premium
U08478,Free
U08479,Free
U08480,Premium
U08481,Premium
U08482,Free
U08483,Free
U08484,Premium
U08485,Free
U08486,Free
U08487,Free
U08488,Free
U08489,Free
U08490,Free
U08491,Premium
U08492,Free
U08493,Free
U08494,Free
U08495,Free
U08496,Free
U08497,Premium
U08498,Free
U08499,Free
U08500,Free
U08501,Free
U08502,Free
U08503,Free
U08504,Free
U08505,Free
U08506,Free
U08507,Free
U08508,Free
U08509,Premium
U08510,Free
U08511,Free
U08512,Free
U08513,Free
U08514,Premium
U08515,Premium
U08516,Free
U08517,Free
U08518,Free
U08519,Free
U08520,Free
U08521,Free
U08522,Premium
U08523,Free
U08524,Free
U08525,Free
U08526,Premium
U08527,Premium
U08528,Premium
U08529,Free
U08530,Free
U08531,Free
U08532,Free
U08533,Free
U08534,Free
U08535,Free
U08536,Free
U08537,Free
U08538,Free
U08539,Premium
U08540,Free
U08541,Free
U08542,Free
U08543,Free
U08544,Free
U08545,Free
U08546,Free
U08547,Premium
U08548,Premium
U08549,Free
U08550,Premium
U08551,Free
U08552,Premium
U08553,Free
U08554,Free
U08555,Free
U08556,Free
U08557,Free
U08558,Premium
U08559,Free
U08560,Premium
U08561,Free
U08562,Premium
U08563,Premium
U08564,Premium
U08565,Free
U08566,Free
U08567,Free
U08568,Free
U08569,Premium
U08570,Free
U08571,Free
U08572,Premium
U08573,Premium
U08574,Free
U08575,Free
U08576,Free
U08577,Free
U08578,Free
U08579,Free
U08580,Free
U08581,Free
U08582,Premium
U08583,Premium
U08584,Premium
U08585,Free
U08586,Premium
U08587,Free
U08588,Free
U08589,Free
U08590,Free
U08591,Free
U08592,Free
U08593,Free
U08594,Free
U08595,Free
U08596,Free
U08597,Free
U08598,Free
U08599,Free
U08600,Free
U08601,Free
U08602,Free
U08603,Premium
U08604,Free
U08605,Free
U08606,Free
U08607,Free
U08608,Free
U08609,Free
U08610,Free
U08611,Premium
U08612,Premium
U08613,Free
U08614,Free
U08615,Premium
U08616,Free
U08617,Premium
U08618,Free
U08619,Premium
U08620,Premium
U08621,Premium
U08622,Free
U08623,Free
U08624,Free
U08625,Premium
U08626,Free
U08627,Premium
U08628,Premium
U08629,Free
U08630,Free
U08631,Free
U08632,Free
U08633,Premium
U08634,Free
U08635,Premium
U08636,Premium
U08637,Premium
U08638,Free
U08639,Free
U08640,Premium
U08641,Premium
U08642,Free
U08643,Free
U08644,Free
U08645,Premium
U08646,Free
U08647,Free
U08648,Free
U08649,Premium
U08650,Free
U08651,Premium
U08652,Free
U08653,Premium
U08654,Free
U08655,Premium
U08656,Free
U08657,Free
U08658,Free
U08659,Free
U08660,Premium
U08661,Premium
U08662,Free
U08663,Free
U08664,Premium
U08665,Free
U08666,Premium
U08667,Free
U08668,Premium
U08669,Premium
U08670,Free
U08671,Free
U08672,Premium
U08673,Free
U08674,Free
U08675,Premium
U08676,Free
U08677,Free
U08678,Free
U08679,Free
U08680,Premium
U08681,Premium
U08682,Free
U08683,Free
U08684,Free
U08685,Premium
U08686,Free
U08687,Premium
U08688,Premium
U08689,Free
U08690,Free
U08691,Premium
U08692,Premium
U08693,Free
U08694,Free
U08695,Free
U08696,Free
U08697,Premium
U08698,Premium
U08699,Free
U08700,Free
U08701,Free
U08702,Free
U08703,Free
U08704,Premium
U08705,Free
U08706,Premium
U08707,Free
U08708,Free
U08709,Free
U08710,Free
U08711,Free
U08712,Free
U08713,Free
U08714,Premium
U08715,Free
U08716,Premium
U08717,Premium
U08718,Free
U08719,Free
U08720,Premium
U08721,Free
U08722,Premium
U08723,Free
U08724,Free
U08725,Free
U08726,Premium
U08727,Premium
U08728,Premium
U08729,Premium
U08730,Free
U08731,Free
U08732,Free
U08733,Free
U08734,Free
U08735,Premium
U08736,Premium
U08737,Free
U08738,Free
U08739,Free
U08740,Free
U08741,Premium
U08742,Free
U08743,Free
U08744,Free
U08745,Free
U08746,Free
U08747,Free
U08748,Free
U08749,Free
U08750,Free
U08751,Premium
U08752,Free
U08753,Free
U08754,Free
U08755,Premium
U08756,Free
U08757,Free
U08758,Premium
U08759,Premium
U08760,Free
U08761,Free
U08762,Free
U08763,Free
U08764,Free
U08765,Free
U08766,Free
U08767,Free
U08768,Free
U08769,Free
U08770,Free
U08771,Free
U08772,Free
U08773,Free
U08774,Free
U08775,Premium
U08776,Free
U08777,Free
U08778,Free
U08779,Free
U08780,Premium
U08781,Free
U08782,Free
U08783,Free
U08784,Free
U08785,Free
U08786,Free
U08787,Free
U08788,Premium
U08789,Premium
U08790,Free
U08791,Free
U08792,Free
U08793,Premium
U08794,Free
U08795,Free
U08796,Free
U08797,Premium
U08798,Premium
U08799,Free
U08800,Premium
U08801,Free
U08802,Free
U08803,Free
U08804,Premium
U08805,Premium
U08806,Free
U08807,Free
U08808,Free
U08809,Premium
U08810,Free
U08811,Premium
U08812,Free
U08813,Premium
U08814,Free
U08815,Premium
U08816,Free
U08817,Free
U08818,Free
U08819,Premium
U08820,Free
U08821,Free
U08822,Free
U08823,Free
U08824,Free
U08825,Premium
U08826,Free
U08827,Premium
U08828,Free
U08829,Free
U08830,Free
U08831,Free
U08832,Premium
U08833,Free
U08834,Free
U08835,Premium
U08836,Free
U08837,Free
U08838,Free
U08839,Free
U08840,Free
U08841,Free
U08842,Free
U08843,Premium
U08844,Free
U08845,Free
U08846,Premium
U08847,Free
U08848,Premium
U08849,Premium
U08850,Free
U08851,Premium
U08852,Free
U08853,Free
U08854,Premium
U08855,Premium
U08856,Premium
U08857,Premium
U08858,Premium
U08859,Free
U08860,Free
U08861,Premium
U08862,Free
U08863,Premium
U08864,Free
U08865,Premium
U08866,Premium
U08867,Free
U08868,Free
U08869,Free
U08870,Free
U08871,Premium
U08872,Free
U08873,Free
U08874,Premium
U08875,Free
U08876,Free
U08877,Free
U08878,Free
U08879,Free
U08880,Free
U08881,Free
U08882,Free
U08883,Free
U08884,Free
U08885,Free
U08886,Free
U08887,Free
U08888,Free
U08889,Premium
U08890,Free
U08891,Free
U08892,Free
U08893,Free
U08894,Free
U08895,Premium
U08896,Free
U08897,Premium
U08898,Free
U08899,Premium
U08900,Free
U08901,Free
U08902,Free
U08903,Free
U08904,Free
U08905,Free
U08906,Free
U08907,Premium
U08908,Premium
U08909,Premium
U08910,Free
U08911,Premium
U08912,Free
U08913,Premium
U08914,Free
U08915,Free
U08916,Free
U08917,Free
U08918,Free
U08919,Premium
U08920,Free
U08921,Free
U08922,Premium
U08923,Premium
U08924,Free
U08925,Premium
U08926,Free
U08927,Premium
U08928,Free
U08929,Free
U08930,Free
U08931,Free
U08932,Free
U08933,Free
U08934,Free
U08935,Free
U08936,Free
U08937,Free
U08938,Free
U08939,Premium
U08940,Premium
U08941,Free
U08942,Premium
U08943,Free
U08944,Free
U08945,Premium
U08946,Free
U08947,Free
U08948,Free
U08949,Free
U08950,Free
U08951,Free
U08952,Premium
U08953,Free
U08954,Free
U08955,Premium
U08956,Premium
U08957,Free
U08958,Premium
U08959,Free
U08960,Free
U08961,Free
U08962,Free
U08963,Free
U08964,Premium
U08965,Premium
U08966,Free
U08967,Free
U08968,Premium
U08969,Free
U08970,Free
U08971,Free
U08972,Free
U08973,Premium
U08974,Premium
U08975,Free
U08976,Premium
U08977,Free
U08978,Free
U08979,Free
U08980,Premium
U08981,Premium
U08982,Free
U08983,Free
U08984,Free
U08985,Free
U08986,Free
U08987,Free
U08988,Free
U08989,Free
U08990,Free
U08991,Premium
U08992,Premium
U08993,Free
U08994,Premium
U08995,Premium
U08996,Free
U08997,Free
U08998,Free
U08999,Free
U09000,Premium
U09001,Premium
U09002,Free
U09003,Free
U09004,Free
U09005,Free
U09006,Free
U09007,Premium
U09008,Free
U09009,Free
U09010,Free
U09011,Premium
U09012,Premium
U09013,Free
U09014,Premium
U09015,Free
U09016,Premium
U09017,Premium
U09018,Premium
U09019,Free
U09020,Free
U09021,Free
U09022,Free
U09023,Free
U09024,Free
U09025,Free
U09026,Free
U09027,Free
U09028,Free
U09029,Free
U09030,Free
U09031,Free
U09032,Free
U09033,Free
U09034,Premium
U09035,Free
U09036,Free
U09037,Free
U09038,Free
U09039,Free
U09040,Free
U09041,Premium
U09042,Premium
U09043,Free
U09044,Free
U09045,Premium
U09046,Premium
U09047,Free
U09048,Free
U09049,Free
U09050,Premium
U09051,Free
U09052,Premium
U09053,Free
U09054,Premium
U09055,Free
U09056,Premium
U09057,Free
U09058,Free
U09059,Premium
U09060,Premium
U09061,Free
U09062,Free
U09063,Premium
U09064,Free
U09065,Free
U09066,Premium
U09067,Premium
U09068,Free
U09069,Free
U09070,Premium
U09071,Free
U09072,Premium
U09073,Free
U09074,Premium
U09075,Free
U09076,Free
U09077,Free
U09078,Free
U09079,Free
U09080,Free
U09081,Free
U09082,Free
U09083,Premium
U09084,Free
U09085,Premium
U09086,Free
U09087,Free
U09088,Premium
U09089,Premium
U09090,Free
U09091,Free
U09092,Free
U09093,Free
U09094,Premium
U09095,Free
U09096,Free
U09097,Free
U09098,Free
U09099,Free
U09100,Premium
U09101,Premium
U09102,Free
U09103,Free
U09104,Free
U09105,Free
U09106,Free
U09107,Premium
U09108,Free
U09109,Premium
U09110,Premium
U09111,Premium
U09112,Free
U09113,Premium
U09114,Free
U09115,Free
U09116,Premium
U09117,Free
U09118,Free
U09119,Free
U09120,Premium
U09121,Premium
U09122,Free
U09123,Premium
U09124,Premium
U09125,Free
U09126,Premium
U09127,Free
U09128,Free
U09129,Free
U09130,Free
U09131,Free
U09132,Free
U09133,Free
U09134,Premium
U09135,Free
U09136,Free
U09137,Free
U09138,Free
U09139,Free
U09140,Premium
U09141,Premium
U09142,Premium
U09143,Premium
U09144,Free
U09145,Free
U09146,Free
U09147,Free
U09148,Free
U09149,Free
U09150,Free
U09151,Free
U09152,Premium
U09153,Free
U09154,Free
U09155,Free
U09156,Free
U09157,Premium
U09158,Premium
U09159,Premium
U09160,Free
U09161,Free
U09162,Premium
U09163,Premium
U09164,Free
U09165,Free
U09166,Free
U09167,Premium
U09168,Free
U09169,Free
U09170,Free
U09171,Free
U09172,Free
U09173,Free
U09174,Premium
U09175,Free
U09176,Free
U09177,Free
U09178,Premium
U09179,Free
U09180,Free
U09181,Premium
U09182,Free
U09183,Free
U09184,Premium
U09185,Free
U09186,Free
U09187,Free
U09188,Free
U09189,Free
U09190,Free
U09191,Premium
U09192,Free
U09193,Free
U09194,Free
U09195,Free
U09196,Free
U09197,Premium
U09198,Free
U09199,Free
U09200,Free
U09201,Free
U09202,Premium
U09203,Free
U09204,Free
U09205,Free
U09206,Premium
U09207,Free
U09208,Free
U09209,Free
U09210,Free
U09211,Free
U09212,Premium
U09213,Free
U09214,Free
U09215,Free
U09216,Premium
U09217,Free
U09218,Free
U09219,Premium
U09220,Premium
U09221,Free
U09222,Free
U09223,Free
U09224,Free
U09225,Free
U09226,Free
U09227,Premium
U09228,Premium
U09229,Free
U09230,Free
U09231,Free
U09232,Free
U09233,Free
U09234,Premium
U09235,Free
U09236,Free
U09237,Free
U09238,Free
U09239,Free
U09240,Free
U09241,Free
U09242,Free
U09243,Free
U09244,Free
U09245,Premium
U09246,Free
U09247,Free
U09248,Premium
U09249,Free
U09250,Free
U09251,Free
U09252,Free
U09253,Premium
U09254,Free
U09255,Premium
U09256,Free
U09257,Free
U09258,Free
U09259,Free
U09260,Free
U09261,Free
U09262,Premium
U09263,Premium
U09264,Premium
U09265,Free
U09266,Free
U09267,Free
U09268,Free
U09269,Free
U09270,Free
U09271,Free
U09272,Premium
U09273,Free
U09274,Premium
U09275,Free
U09276,Free
U09277,Free
U09278,Free
U09279,Free
U09280,Free
U09281,Free
U09282,Premium
U09283,Free
U09284,Free
U09285,Free
U09286,Premium
U09287,Premium
U09288,Free
U09289,Premium
U09290,Free
U09291,Free
U09292,Free
U09293,Premium
U09294,Free
U09295,Free
U09296,Free
U09297,Free
U09298,Free
U09299,Free
U09300,Free
U09301,Premium
U09302,Premium
U09303,Free
U09304,Premium
U09305,Free
U09306,Free
U09307,Free
U09308,Free
U09309,Free
U09310,Premium
U09311,Free
U09312,Premium
U09313,Free
U09314,Premium
U09315,Free
U09316,Premium
U09317,Free
U09318,Free
U09319,Premium
U09320,Free
U09321,Free
U09322,Free
U09323,Free
U09324,Free
U09325,Premium
U09326,Premium
U09327,Free
U09328,Free
U09329,Free
U09330,Free
U09331,Free
U09332,Free
U09333,Premium
U09334,Premium
U09335,Free
U09336,Premium
U09337,Free
U09338,Free
U09339,Free
U09340,Premium
U09341,Free
U09342,Free
U09343,Free
U09344,Free
U09345,Premium
U09346,Free
U09347,Free
U09348,Free
U09349,Premium
U09350,Free
U09351,Free
U09352,Free
U09353,Premium
U09354,Free
U09355,Premium
U09356,Free
U09357,Free
U09358,Free
U09359,Premium
U09360,Free
U09361,Free
U09362,Free
U09363,Free
U09364,Free
U09365,Free
U09366,Free
U09367,Free
U09368,Premium
U09369,Premium
U09370,Free
U09371,Premium
U09372,Free
U09373,Free
U09374,Premium
U09375,Premium
U09376,Premium
U09377,Premium
U09378,Free
U09379,Free
U09380,Free
U09381,Premium
U09382,Free
U09383,Premium
U09384,Free
U09385,Premium
U09386,Free
U09387,Premium
U09388,Free
U09389,Premium
U09390,Premium
U09391,Free
U09392,Free
U09393,Free
U09394,Free
U09395,Free
U09396,Free
U09397,Free
U09398,Free
U09399,Premium
U09400,Free
U09401,Free
U09402,Free
U09403,Free
U09404,Free
U09405,Free
U09406,Premium
U09407,Premium
U09408,Premium
U09409,Free
U09410,Premium
U09411,Free
U09412,Premium
U09413,Premium
U09414,Premium
U09415,Premium
U09416,Free
U09417,Free
U09418,Free
U09419,Free
U09420,Free
U09421,Free
U09422,Free
U09423,Free
U09424,Premium
U09425,Free
U09426,Premium
U09427,Free
U09428,Free
U09429,Free
U09430,Free
U09431,Premium
U09432,Free
U09433,Free
U09434,Premium
U09435,Free
U09436,Free
U09437,Premium
U09438,Premium
U09439,Free
U09440,Free
U09441,Premium
U09442,Free
U09443,Free
U09444,Free
U09445,Free
U09446,Premium
U09447,Free
U09448,Premium
U09449,Free
U09450,Free
U09451,Free
U09452,Free
U09453,Free
U09454,Premium
U09455,Free
U09456,Premium
U09457,Free
U09458,Free
U09459,Free
U09460,Free
U09461,Premium
U09462,Premium
U09463,Free
U09464,Free
U09465,Premium
U09466,Premium
U09467,Premium
U09468,Free
U09469,Free
U09470,Free
U09471,Free
U09472,Free
U09473,Premium
U09474,Free
U09475,Free
U09476,Premium
U09477,Free
U09478,Free
U09479,Free
U09480,Free
U09481,Free
U09482,Free
U09483,Free
U09484,Free
U09485,Premium
U09486,Free
U09487,Premium
U09488,Free
U09489,Free
U09490,Premium
U09491,Free
U09492,Free
U09493,Free
U09494,Free
U09495,Free
U09496,Free
U09497,Premium
U09498,Premium
U09499,Premium
U09500,Premium
U09501,Premium
U09502,Free
U09503,Free
U09504,Free
U09505,Free
U09506,Free
U09507,Free
U09508,Free
U09509,Free
U09510,Free
U09511,Premium
U09512,Free
U09513,Free
U09514,Free
U09515,Free
U09516,Free
U09517,Free
U09518,Free
U09519,Free
U09520,Free
U09521,Free
U09522,Premium
U09523,Free
U09524,Premium
U09525,Free
U09526,Free
U09527,Free
U09528,Free
U09529,Free
U09530,Free
U09531,Free
U09532,Free
U09533,Free
U09534,Free
U09535,Free
U09536,Free
U09537,Free
U09538,Free
U09539,Free
U09540,Free
U09541,Premium
U09542,Premium
U09543,Free
U09544,Free
U09545,Free
U09546,Free
U09547,Free
U09548,Free
U09549,Free
U09550,Free
U09551,Free
U09552,Free
U09553,Premium
U09554,Premium
U09555,Free
U09556,Free
U09557,Free
U09558,Free
U09559,Premium
U09560,Free
U09561,Free
U09562,Free
U09563,Premium
U09564,Free
U09565,Free
U09566,Free
U09567,Free
U09568,Premium
U09569,Free
U09570,Free
U09571,Free
U09572,Free
U09573,Free
U09574,Free
U09575,Free
U09576,Free
U09577,Free
U09578,Free
U09579,Free
U09580,Premium
U09581,Free
U09582,Free
U09583,Free
U09584,Free
U09585,Free
U09586,Free
U09587,Free
U09588,Free
U09589,Premium
U09590,Free
U09591,Premium
U09592,Free
U09593,Free
U09594,Premium
U09595,Premium
U09596,Premium
U09597,Premium
U09598,Free
U09599,Free
U09600,Premium
U09601,Premium
U09602,Free
U09603,Premium
U09604,Free
U09605,Premium
U09606,Free
U09607,Free
U09608,Premium
U09609,Premium
U09610,Free
U09611,Free
U09612,Free
U09613,Premium
U09614,Free
U09615,Free
U09616,Free
U09617,Premium
U09618,Free
U09619,Free
U09620,Free
U09621,Free
U09622,Premium
U09623,Premium
U09624,Premium
U09625,Premium
U09626,Premium
U09627,Premium
U09628,Premium
U09629,Premium
U09630,Free
U09631,Premium
U09632,Premium
U09633,Free
U09634,Premium
U09635,Premium
U09636,Premium
U09637,Free
U09638,Free
U09639,Premium
U09640,Free
U09641,Free
U09642,Free
U09643,Free
U09644,Free
U09645,Premium
U09646,Free
U09647,Free
U09648,Free
U09649,Free
U09650,Premium
U09651,Premium
U09652,Free
U09653,Free
U09654,Free
U09655,Free
U09656,Premium
U09657,Free
U09658,Free
U09659,Free
U09660,Free
U09661,Free
U09662,Premium
U09663,Premium
U09664,Premium
U09665,Free
U09666,Free
U09667,Premium
U09668,Free
U09669,Premium
U09670,Premium
U09671,Free
U09672,Free
U09673,Free
U09674,Free
U09675,Free
U09676,Free
U09677,Free
U09678,Free
U09679,Free
U09680,Free
U09681,Free
U09682,Premium
U09683,Premium
U09684,Free
U09685,Free
U09686,Free
U09687,Free
U09688,Free
U09689,Free
U09690,Free
U09691,Premium
U09692,Free
U09693,Free
U09694,Free
U09695,Premium
U09696,Premium
U09697,Free
U09698,Premium
U09699,Free
U09700,Free
U09701,Premium
U09702,Free
U09703,Free
U09704,Free
U09705,Free
U09706,Free
U09707,Free
U09708,Free
U09709,Free
U09710,Premium
U09711,Free
U09712,Free
U09713,Free
U09714,Free
U09715,Free
U09716,Premium
U09717,Free
U09718,Premium
U09719,Free
U09720,Free
U09721,Free
U09722,Free
U09723,Free
U09724,Free
U09725,Free
U09726,Free
U09727,Free
U09728,Free
U09729,Free
U09730,Premium
U09731,Premium
U09732,Free
U09733,Free
U09734,Free
U09735,Free
U09736,Free
U09737,Premium
U09738,Free
U09739,Free
U09740,Premium
U09741,Free
U09742,Free
U09743,Free
U09744,Free
U09745,Free
U09746,Free
U09747,Free
U09748,Free
U09749,Premium
U09750,Free
U09751,Free
U09752,Free
U09753,Free
U09754,Free
U09755,Premium
U09756,Free
U09757,Free
U09758,Free
U09759,Free
U09760,Free
U09761,Premium
U09762,Premium
U09763,Free
U09764,Premium
U09765,Free
U09766,Free
U09767,Free
U09768,Free
U09769,Free
U09770,Premium
U09771,Free
U09772,Free
U09773,Free
U09774,Premium
U09775,Free
U09776,Free
U09777,Premium
U09778,Free
U09779,Free
U09780,Free
U09781,Free
U09782,Free
U09783,Free
U09784,Free
U09785,Free
U09786,Premium
U09787,Premium
U09788,Premium
U09789,Premium
U09790,Free
U09791,Premium
U09792,Free
U09793,Free
U09794,Free
U09795,Free
U09796,Free
U09797,Free
U09798,Free
U09799,Free
U09800,Free
U09801,Free
U09802,Free
U09803,Free
U09804,Premium
U09805,Free
U09806,Free
U09807,Free
U09808,Free
U09809,Free
U09810,Free
U09811,Premium
U09812,Free
U09813,Premium
U09814,Premium
U09815,Free
U09816,Premium
U09817,Free
U09818,Free
U09819,Free
U09820,Free
U09821,Premium
U09822,Free
U09823,Free
U09824,Free
U09825,Premium
U09826,Free
U09827,Premium
U09828,Free
U09829,Free
U09830,Free
U09831,Free
U09832,Premium
U09833,Free
U09834,Free
U09835,Premium
U09836,Free
U09837,Free
U09838,Free
U09839,Free
U09840,Free
U09841,Free
U09842,Premium
U09843,Premium
U09844,Free
U09845,Premium
U09846,Free
U09847,Free
U09848,Free
U09849,Free
U09850,Free
U09851,Premium
U09852,Free
U09853,Free
U09854,Premium
U09855,Free
U09856,Premium
U09857,Free
U09858,Free
U09859,Free
U09860,Premium
U09861,Premium
U09862,Free
U09863,Free
U09864,Free
U09865,Free
U09866,Free
U09867,Free
U09868,Free
U09869,Premium
U09870,Premium
U09871,Premium
U09872,Free
U09873,Premium
U09874,Premium
U09875,Free
U09876,Free
U09877,Free
U09878,Free
U09879,Free
U09880,Free
U09881,Free
U09882,Free
U09883,Premium
U09884,Free
U09885,Free
U09886,Free
U09887,Free
U09888,Premium
U09889,Free
U09890,Premium
U09891,Free
U09892,Free
U09893,Free
U09894,Free
U09895,Premium
U09896,Free
U09897,Free
U09898,Free
U09899,Free
U09900,Premium
U09901,Free
U09902,Free
U09903,Free
U09904,Premium
U09905,Free
U09906,Free
U09907,Premium
U09908,Premium
U09909,Premium
U09910,Free
U09911,Free
U09912,Premium
U09913,Free
U09914,Premium
U09915,Free
U09916,Free
U09917,Free
U09918,Free
U09919,Premium
U09920,Premium
U09921,Free
U09922,Premium
U09923,Free
U09924,Free
U09925,Free
U09926,Premium
U09927,Free
U09928,Free
U09929,Free
U09930,Free
U09931,Free
U09932,Free
U09933,Free
U09934,Free
U09935,Free
U09936,Premium
U09937,Premium
U09938,Premium
U09939,Premium
U09940,Free
U09941,Free
U09942,Free
U09943,Free
U09944,Free
U09945,Free
U09946,Free
U09947,Free
U09948,Free
U09949,Free
U09950,Free
U09951,Free
U09952,Free
U09953,Free
U09954,Free
U09955,Premium
U09956,Premium
U09957,Premium
U09958,Premium
U09959,Free
U09960,Premium
U09961,Free
U09962,Premium
U09963,Free
U09964,Premium
U09965,Free
U09966,Free
U09967,Free
U09968,Free
U09969,Premium
U09970,Free
U09971,Free
U09972,Free
U09973,Premium
U09974,Premium
U09975,Free
U09976,Free
U09977,Premium
U09978,Free
U09979,Premium
U09980,Premium
U09981,Free
U09982,Free
U09983,Free
U09984,Free
U09985,Free
U09986,Free
U09987,Premium
U09988,Free
U09989,Free
U09990,Premium
U09991,Free
U09992,Free
U09993,Free
U09994,Free
U09995,Premium
U09996,Premium
U09997,Free
U09998,Premium
U09999,Premium
U10000,Premium