user_id,age,city,occupation,acquisition_source,membership,signup_date,churned,days_since_last_order
U00001,24,Mumbai,Working Professional,Google Ads,Free,2024-07-11,No,15
U00002,37,Mumbai,Working Professional,Google Ads,Premium,2025-09-06,No,21
U00003,46,Pune,Working Professional,Instagram Ads,Free,2025-03-09,No,27
U00004,32,Mumbai,Student,Referral,Free,2024-03-14,No,16
U00005,28,Pune,Student,Organic,Premium,2024-03-14,No,18
U00006,25,Delhi,Student,Organic,Free,2025-09-16,No,19
U00007,46,Hyderabad,Student,Referral,Free,2025-10-25,Yes,40
U00008,38,Pune,Working Professional,Instagram Ads,Premium,2024-09-19,No,27
U00009,24,Delhi,Working Professional,Organic,Free,2024-03-26,No,17
U00010,43,Mumbai,Student,Influencer,Free,2024-02-27,Yes,114
U00011,36,Delhi,Student,Organic,Premium,2025-10-22,No,21
U00012,40,Hyderabad,Student,Instagram Ads,Free,2025-12-26,No,14
U00013,28,Bangalore,Family,Google Ads,Free,2025-02-20,No,16
U00014,28,Bangalore,Working Professional,Google Ads,Premium,2024-10-07,No,2
U00015,41,Delhi,Family,Google Ads,Premium,2025-08-29,Yes,92
U00016,38,Delhi,Family,Instagram Ads,Free,2024-07-26,No,18
U00017,21,Delhi,Working Professional,Google Ads,Free,2024-05-22,No,3
U00018,25,Mumbai,Working Professional,Google Ads,Free,2025-02-16,No,14
U00019,41,Bangalore,Student,Instagram Ads,Premium,2025-08-17,No,26
U00020,20,Pune,Working Professional,Influencer,Premium,2024-02-21,Yes,98
U00021,39,Bangalore,Student,Organic,Premium,2024-01-17,Yes,84
U00022,38,Mumbai,Family,Instagram Ads,Free,2025-12-30,No,25
U00023,19,Chennai,Student,Instagram Ads,Free,2025-02-22,No,3
U00024,41,Hyderabad,Working Professional,Referral,Free,2025-02-27,No,7
U00025,29,Chennai,Student,Google Ads,Free,2024-07-19,No,3
U00026,47,Bangalore,Family,Influencer,Free,2025-02-21,Yes,71
U00027,23,Delhi,Student,Referral,Free,2025-03-17,No,25
U00028,19,Delhi,Working Professional,Influencer,Premium,2025-05-16,No,12
U00029,49,Hyderabad,Working Professional,Google Ads,Premium,2024-03-22,Yes,35
U00030,45,Delhi,Working Professional,Google Ads,Premium,2025-10-01,Yes,31
U00031,38,Mumbai,Working Professional,Google Ads,Premium,2024-03-20,No,20
U00032,18,Bangalore,Family,Organic,Free,2024-07-07,No,5
U00033,29,Bangalore,Student,Influencer,Free,2025-04-24,Yes,86
U00034,43,Bangalore,Family,Influencer,Free,2024-06-04,No,11
U00035,39,Delhi,Working Professional,Referral,Free,2024-06-08,No,13
U00036,46,Mumbai,Family,Instagram Ads,Premium,2025-08-16,No,12
U00037,29,Bangalore,Working Professional,Google Ads,Premium,2024-02-13,Yes,70
U00038,42,Chennai,Working Professional,Google Ads,Free,2024-06-10,Yes,45
U00039,34,Hyderabad,Family,Referral,Free,2025-10-22,No,15
U00040,44,Chennai,Working Professional,Influencer,Free,2025-09-27,Yes,41
U00041,44,Hyderabad,Working Professional,Organic,Free,2025-05-24,No,28
U00042,48,Bangalore,Student,Influencer,Free,2025-05-27,No,28
U00043,27,Delhi,Student,Organic,Premium,2025-11-25,No,27
U00044,49,Bangalore,Working Professional,Organic,Free,2024-07-26,No,5
U00045,45,Bangalore,Working Professional,Influencer,Premium,2024-04-06,No,13
U00046,45,Bangalore,Working Professional,Google Ads,Free,2024-01-21,Yes,101
U00047,33,Mumbai,Student,Organic,Free,2024-12-20,Yes,59
U00048,32,Bangalore,Working Professional,Referral,Premium,2025-05-19,Yes,62
U00049,47,Mumbai,Working Professional,Referral,Free,2025-02-07,No,4
U00050,47,Bangalore,Working Professional,Organic,Free,2024-08-10,No,14
U00051,32,Delhi,Family,Google Ads,Free,2025-02-03,Yes,57
U00052,47,Pune,Working Professional,Organic,Premium,2025-04-06,No,10
U00053,36,Delhi,Student,Referral,Premium,2025-07-13,Yes,70
U00054,29,Delhi,Family,Referral,Free,2024-02-01,No,5
U00055,40,Mumbai,Working Professional,Influencer,Premium,2025-05-03,No,28
U00056,37,Bangalore,Working Professional,Google Ads,Free,2024-10-14,No,12
U00057,49,Mumbai,Student,Influencer,Free,2025-03-12,No,13
U00058,42,Delhi,Working Professional,Instagram Ads,Free,2025-01-14,No,4
U00059,20,Bangalore,Student,Organic,Premium,2025-03-12,No,27
U00060,22,Mumbai,Working Professional,Influencer,Free,2024-05-09,Yes,106
U00061,36,Chennai,Student,Google Ads,Premium,2025-03-16,No,5
U00062,24,Chennai,Student,Organic,Free,2025-05-07,Yes,52
U00063,38,Bangalore,Student,Organic,Free,2024-09-01,No,4
U00064,26,Mumbai,Student,Organic,Free,2024-02-21,Yes,35
U00065,24,Hyderabad,Student,Organic,Free,2025-12-21,No,28
U00066,35,Delhi,Working Professional,Organic,Free,2024-08-17,No,18
U00067,21,Mumbai,Student,Google Ads,Premium,2025-04-09,No,13
U00068,42,Mumbai,Working Professional,Instagram Ads,Free,2024-07-04,Yes,43
U00069,45,Chennai,Student,Referral,Premium,2024-06-10,No,21
U00070,31,Delhi,Family,Instagram Ads,Free,2024-07-17,No,15
U00071,35,Bangalore,Family,Referral,Premium,2025-02-04,No,9
U00072,43,Hyderabad,Student,Influencer,Free,2025-04-16,No,9
U00073,26,Mumbai,Working Professional,Organic,Free,2025-03-31,No,10
U00074,43,Delhi,Student,Influencer,Free,2025-06-28,No,21
U00075,38,Chennai,Family,Influencer,Free,2025-02-16,No,3
U00076,19,Bangalore,Working Professional,Referral,Free,2025-06-14,No,4
U00077,37,Bangalore,Student,Google Ads,Free,2024-04-30,No,5
U00078,45,Delhi,Student,Organic,Premium,2024-03-09,No,12
U00079,32,Mumbai,Student,Influencer,Free,2024-10-19,No,27
U00080,45,Mumbai,Working Professional,Instagram Ads,Free,2025-12-27,No,6
U00081,24,Delhi,Working Professional,Organic,Free,2025-09-26,Yes,92
U00082,29,Delhi,Working Professional,Google Ads,Premium,2025-02-13,No,24
U00083,46,Pune,Working Professional,Organic,Premium,2024-10-06,No,24
U00084,25,Delhi,Student,Influencer,Free,2025-07-19,No,8
U00085,32,Delhi,Student,Instagram Ads,Premium,2025-06-16,No,19
U00086,20,Bangalore,Student,Influencer,Free,2025-08-31,Yes,48
U00087,31,Hyderabad,Family,Google Ads,Premium,2025-10-11,No,20
U00088,34,Delhi,Student,Referral,Premium,2025-07-07,No,28
U00089,21,Bangalore,Working Professional,Instagram Ads,Premium,2025-02-22,No,11
U00090,35,Delhi,Student,Google Ads,Free,2024-01-28,No,11
U00091,25,Delhi,Student,Google Ads,Free,2025-01-30,No,27
U00092,21,Delhi,Working Professional,Influencer,Free,2025-07-23,No,23
U00093,19,Pune,Working Professional,Influencer,Free,2025-09-30,No,15
U00094,47,Delhi,Working Professional,Influencer,Free,2025-03-03,No,21
U00095,23,Delhi,Working Professional,Referral,Free,2024-05-23,No,4
U00096,39,Mumbai,Working Professional,Organic,Free,2024-04-02,No,13
U00097,27,Pune,Student,Organic,Free,2024-02-04,Yes,73
U00098,21,Delhi,Working Professional,Influencer,Free,2025-08-26,Yes,38
U00099,39,Mumbai,Working Professional,Influencer,Free,2025-04-14,Yes,100
U00100,46,Delhi,Student,Referral,Free,2025-06-09,No,5
U00101,48,Mumbai,Working Professional,Organic,Free,2024-11-10,Yes,85
U00102,35,Bangalore,Student,Referral,Premium,2025-04-28,No,17
U00103,43,Bangalore,Student,Google Ads,Premium,2025-12-14,No,20
U00104,29,Mumbai,Working Professional,Organic,Free,2025-01-10,No,7
U00105,19,Mumbai,Family,Influencer,Free,2025-10-17,Yes,63
U00106,27,Delhi,Family,Instagram Ads,Premium,2025-05-02,No,19
U00107,47,Mumbai,Student,Google Ads,Free,2025-05-10,Yes,76
U00108,21,Delhi,Working Professional,Instagram Ads,Free,2025-01-10,Yes,59
U00109,31,Hyderabad,Working Professional,Referral,Free,2025-05-05,No,28
U00110,48,Chennai,Student,Referral,Premium,2024-10-25,No,5
U00111,33,Chennai,Working Professional,Referral,Free,2024-12-18,No,17
U00112,32,Pune,Working Professional,Influencer,Premium,2024-12-19,No,4
U00113,25,Bangalore,Family,Referral,Free,2025-04-25,No,16
U00114,31,Hyderabad,Student,Instagram Ads,Premium,2025-02-07,No,26
U00115,40,Mumbai,Student,Google Ads,Free,2025-01-28,Yes,49
U00116,45,Bangalore,Family,Influencer,Premium,2025-02-06,Yes,105
U00117,42,Mumbai,Working Professional,Google Ads,Premium,2025-05-05,No,6
U00118,47,Mumbai,Family,Referral,Premium,2025-06-07,No,14
U00119,25,Hyderabad,Student,Organic,Premium,2025-01-28,No,26
U00120,38,Mumbai,Working Professional,Influencer,Free,2025-08-05,Yes,41
U00121,33,Mumbai,Working Professional,Referral,Premium,2025-11-26,No,13
U00122,30,Chennai,Student,Influencer,Free,2024-04-13,Yes,88
U00123,35,Delhi,Working Professional,Organic,Free,2024-01-11,Yes,89
U00124,32,Mumbai,Working Professional,Instagram Ads,Free,2025-12-20,Yes,101
U00125,38,Chennai,Student,Instagram Ads,Premium,2024-08-12,No,3
U00126,41,Bangalore,Student,Instagram Ads,Free,2024-11-12,No,3
U00127,43,Bangalore,Working Professional,Organic,Premium,2025-02-25,No,18
U00128,42,Delhi,Working Professional,Google Ads,Free,2024-09-29,Yes,82
U00129,45,Mumbai,Family,Organic,Free,2024-02-23,No,22
U00130,45,Pune,Student,Organic,Free,2024-06-21,Yes,68
U00131,45,Bangalore,Student,Referral,Free,2024-09-03,Yes,44
U00132,30,Bangalore,Family,Instagram Ads,Free,2025-10-26,Yes,48
U00133,26,Delhi,Family,Influencer,Premium,2025-09-09,Yes,43
U00134,46,Delhi,Student,Google Ads,Premium,2024-06-07,No,18
U00135,32,Chennai,Working Professional,Influencer,Free,2024-04-15,No,20
U00136,30,Mumbai,Student,Referral,Free,2025-12-05,Yes,63
U00137,18,Bangalore,Student,Referral,Free,2024-10-21,Yes,117
U00138,42,Delhi,Student,Google Ads,Premium,2024-10-02,No,23
U00139,24,Hyderabad,Student,Influencer,Free,2025-08-07,No,19
U00140,26,Chennai,Family,Google Ads,Free,2024-02-12,Yes,118
U00141,41,Bangalore,Working Professional,Google Ads,Premium,2024-07-12,No,2
U00142,18,Delhi,Family,Instagram Ads,Premium,2025-10-02,Yes,108
U00143,29,Bangalore,Working Professional,Influencer,Free,2024-11-06,No,9
U00144,25,Hyderabad,Working Professional,Instagram Ads,Free,2025-09-11,Yes,96
U00145,41,Mumbai,Working Professional,Instagram Ads,Free,2024-04-12,No,18
U00146,48,Pune,Family,Instagram Ads,Free,2025-10-06,No,20
U00147,28,Bangalore,Working Professional,Organic,Premium,2024-09-06,No,2
U00148,36,Pune,Working Professional,Referral,Free,2025-01-30,Yes,118
U00149,34,Bangalore,Family,Referral,Free,2025-09-06,No,22
U00150,25,Delhi,Student,Organic,Free,2024-10-22,Yes,73
U00151,20,Mumbai,Working Professional,Google Ads,Free,2024-08-25,No,8
U00152,20,Delhi,Family,Influencer,Free,2025-09-11,Yes,34
U00153,18,Chennai,Family,Influencer,Free,2025-10-10,No,14
U00154,44,Hyderabad,Student,Influencer,Premium,2024-10-15,No,23
U00155,22,Bangalore,Working Professional,Instagram Ads,Free,2025-06-20,No,8
U00156,27,Mumbai,Working Professional,Influencer,Free,2025-09-21,No,1
U00157,24,Delhi,Student,Influencer,Premium,2024-09-12,No,24
U00158,43,Hyderabad,Working Professional,Influencer,Free,2025-06-04,No,27
U00159,26,Mumbai,Student,Referral,Premium,2024-04-28,No,11
U00160,45,Delhi,Student,Organic,Premium,2024-04-28,No,1
U00161,24,Bangalore,Working Professional,Google Ads,Free,2024-03-31,No,11
U00162,26,Delhi,Working Professional,Organic,Free,2024-06-20,No,6
U00163,25,Mumbai,Working Professional,Influencer,Free,2025-12-23,No,11
U00164,29,Mumbai,Working Professional,Google Ads,Free,2024-04-25,No,18
U00165,19,Delhi,Student,Google Ads,Free,2025-06-17,Yes,57
U00166,18,Chennai,Student,Organic,Premium,2024-12-14,No,9
U00167,33,Delhi,Student,Organic,Premium,2025-07-20,No,26
U00168,40,Delhi,Student,Organic,Free,2025-04-20,No,13
U00169,40,Delhi,Working Professional,Organic,Free,2025-03-20,No,10
U00170,47,Hyderabad,Working Professional,Instagram Ads,Free,2024-04-17,Yes,86
U00171,41,Mumbai,Student,Referral,Free,2025-08-11,No,3
U00172,22,Bangalore,Student,Referral,Free,2025-07-26,No,4
U00173,20,Delhi,Working Professional,Influencer,Free,2024-05-01,No,10
U00174,29,Delhi,Student,Instagram Ads,Premium,2025-08-26,No,21
U00175,25,Mumbai,Family,Google Ads,Free,2024-08-09,No,19
U00176,39,Pune,Working Professional,Organic,Free,2025-04-03,Yes,89
U00177,44,Pune,Student,Influencer,Free,2025-10-03,No,18
U00178,20,Delhi,Student,Google Ads,Premium,2025-05-12,No,7
U00179,18,Bangalore,Working Professional,Referral,Premium,2025-01-04,No,21
U00180,20,Chennai,Student,Google Ads,Premium,2024-04-30,Yes,101
U00181,22,Mumbai,Student,Organic,Premium,2024-07-19,No,2
U00182,32,Pune,Student,Organic,Free,2024-06-09,Yes,53
U00183,31,Delhi,Working Professional,Referral,Free,2024-08-05,Yes,77
U00184,20,Chennai,Working Professional,Organic,Free,2025-07-28,No,8
U00185,18,Hyderabad,Student,Instagram Ads,Free,2025-02-03,Yes,117
U00186,22,Chennai,Working Professional,Influencer,Free,2025-12-29,Yes,42
U00187,43,Bangalore,Working Professional,Referral,Premium,2025-01-19,No,12
U00188,40,Mumbai,Working Professional,Referral,Premium,2024-03-04,No,28
U00189,48,Chennai,Student,Google Ads,Premium,2024-07-30,Yes,44
U00190,31,Delhi,Working Professional,Referral,Free,2025-09-23,No,14
U00191,24,Mumbai,Family,Influencer,Free,2024-03-09,Yes,104
U00192,44,Hyderabad,Student,Instagram Ads,Free,2024-05-03,No,26
U00193,26,Hyderabad,Student,Google Ads,Free,2025-01-11,Yes,110
U00194,32,Chennai,Student,Influencer,Free,2025-10-18,Yes,37
U00195,32,Delhi,Student,Referral,Free,2024-10-22,No,22
U00196,43,Hyderabad,Working Professional,Organic,Free,2024-12-23,No,20
U00197,27,Hyderabad,Family,Organic,Premium,2025-10-02,No,6
U00198,45,Delhi,Family,Influencer,Free,2025-06-08,No,16
U00199,30,Mumbai,Student,Instagram Ads,Premium,2024-03-08,No,4
U00200,36,Mumbai,Working Professional,Organic,Free,2024-09-26,No,9
U00201,48,Mumbai,Working Professional,Influencer,Free,2024-05-12,Yes,115
U00202,49,Chennai,Working Professional,Google Ads,Free,2024-03-02,Yes,77
U00203,24,Bangalore,Working Professional,Referral,Free,2024-06-09,No,6
U00204,34,Hyderabad,Student,Instagram Ads,Free,2024-01-26,No,10
U00205,37,Chennai,Working Professional,Instagram Ads,Premium,2025-12-01,No,28
U00206,46,Mumbai,Working Professional,Google Ads,Premium,2024-10-12,No,24
U00207,49,Pune,Working Professional,Instagram Ads,Free,2025-03-21,Yes,58
U00208,21,Mumbai,Working Professional,Influencer,Premium,2024-09-05,No,11
U00209,47,Pune,Student,Instagram Ads,Free,2024-03-31,No,5
U00210,22,Delhi,Student,Instagram Ads,Free,2024-02-05,Yes,36
U00211,40,Chennai,Family,Instagram Ads,Free,2024-01-07,No,9
U00212,24,Delhi,Working Professional,Influencer,Free,2025-05-20,Yes,64
U00213,30,Mumbai,Family,Referral,Free,2024-11-16,No,20
U00214,32,Hyderabad,Student,Organic,Free,2024-07-20,No,26
U00215,28,Mumbai,Working Professional,Instagram Ads,Free,2025-07-06,No,25
U00216,46,Bangalore,Working Professional,Google Ads,Premium,2025-06-27,No,20
U00217,21,Mumbai,Family,Google Ads,Free,2025-10-15,Yes,110
U00218,30,Hyderabad,Student,Influencer,Free,2024-09-12,No,24
U00219,49,Delhi,Student,Referral,Free,2024-06-09,No,6
U00220,24,Delhi,Working Professional,Instagram Ads,Free,2024-01-30,No,7
U00221,44,Mumbai,Family,Influencer,Premium,2025-04-01,No,4
U00222,36,Mumbai,Family,Organic,Free,2024-09-18,Yes,62
U00223,39,Delhi,Family,Referral,Free,2024-01-10,No,4
U00224,45,Mumbai,Family,Referral,Premium,2025-12-15,No,20
U00225,19,Mumbai,Student,Influencer,Premium,2024-12-24,Yes,59
U00226,27,Delhi,Student,Google Ads,Premium,2024-10-02,No,18
U00227,30,Bangalore,Student,Referral,Free,2024-05-03,No,8
U00228,47,Pune,Student,Google Ads,Free,2025-09-21,No,27
U00229,42,Delhi,Family,Referral,Free,2024-09-24,Yes,101
U00230,38,Bangalore,Family,Referral,Free,2024-10-04,No,14
U00231,23,Bangalore,Student,Referral,Free,2024-03-16,No,9
U00232,45,Mumbai,Working Professional,Organic,Free,2025-06-09,Yes,76
U00233,45,Hyderabad,Family,Google Ads,Premium,2025-09-09,No,20
U00234,29,Mumbai,Working Professional,Organic,Premium,2024-06-24,Yes,117
U00235,29,Bangalore,Student,Google Ads,Free,2025-11-24,No,26
U00236,37,Delhi,Working Professional,Organic,Free,2024-02-05,Yes,103
U00237,47,Hyderabad,Working Professional,Organic,Premium,2025-07-20,No,17
U00238,47,Bangalore,Working Professional,Organic,Premium,2024-09-26,No,27
U00239,28,Delhi,Working Professional,Influencer,Premium,2024-01-02,No,23
U00240,49,Mumbai,Student,Organic,Free,2024-09-12,No,25
U00241,43,Chennai,Family,Referral,Free,2025-05-28,No,18
U00242,40,Mumbai,Working Professional,Instagram Ads,Free,2025-07-26,Yes,62
U00243,45,Bangalore,Working Professional,Organic,Free,2024-12-28,No,24
U00244,42,Chennai,Family,Instagram Ads,Free,2024-04-16,No,9
U00245,24,Hyderabad,Student,Instagram Ads,Free,2024-05-13,No,11
U00246,47,Bangalore,Student,Referral,Free,2025-02-12,Yes,84
U00247,18,Hyderabad,Family,Instagram Ads,Free,2025-03-26,Yes,35
U00248,18,Pune,Student,Instagram Ads,Premium,2025-06-18,Yes,96
U00249,42,Mumbai,Working Professional,Instagram Ads,Free,2025-08-07,Yes,43
U00250,44,Mumbai,Student,Google Ads,Free,2024-12-16,Yes,78
U00251,47,Mumbai,Student,Organic,Premium,2024-01-28,No,6
U00252,42,Chennai,Working Professional,Organic,Free,2025-06-20,Yes,104
U00253,37,Hyderabad,Student,Instagram Ads,Free,2024-03-05,No,22
U00254,30,Delhi,Working Professional,Referral,Premium,2024-07-12,No,17
U00255,26,Pune,Working Professional,Google Ads,Free,2024-07-25,No,16
U00256,20,Mumbai,Family,Referral,Free,2024-10-25,No,22
U00257,24,Delhi,Working Professional,Referral,Free,2024-02-09,No,21
U00258,23,Bangalore,Student,Instagram Ads,Free,2025-04-08,Yes,77
U00259,25,Mumbai,Family,Influencer,Premium,2024-01-23,No,12
U00260,44,Pune,Working Professional,Instagram Ads,Premium,2025-11-19,No,27
U00261,26,Delhi,Working Professional,Influencer,Free,2024-05-07,No,20
U00262,47,Pune,Family,Google Ads,Free,2024-09-19,Yes,77
U00263,22,Bangalore,Working Professional,Influencer,Free,2024-02-04,No,18
U00264,18,Delhi,Working Professional,Instagram Ads,Free,2025-05-01,Yes,91
U00265,36,Chennai,Working Professional,Instagram Ads,Free,2024-04-10,Yes,35
U00266,27,Bangalore,Student,Referral,Free,2025-09-02,Yes,108
U00267,29,Mumbai,Student,Instagram Ads,Free,2024-03-22,No,26
U00268,41,Mumbai,Working Professional,Instagram Ads,Free,2024-11-12,Yes,100
U00269,32,Pune,Student,Organic,Free,2024-11-25,No,10
U00270,44,Mumbai,Student,Organic,Premium,2024-07-14,No,25
U00271,39,Delhi,Student,Referral,Free,2025-02-17,No,6
U00272,49,Delhi,Working Professional,Influencer,Premium,2025-05-23,No,13
U00273,49,Mumbai,Working Professional,Influencer,Free,2025-04-25,No,5
U00274,41,Hyderabad,Working Professional,Organic,Free,2024-03-08,No,7
U00275,26,Mumbai,Working Professional,Google Ads,Free,2025-01-27,No,19
U00276,37,Delhi,Working Professional,Organic,Premium,2024-09-29,No,6
U00277,34,Delhi,Working Professional,Google Ads,Premium,2024-10-25,No,14
U00278,47,Mumbai,Working Professional,Influencer,Free,2024-05-20,Yes,84
U00279,34,Chennai,Working Professional,Organic,Premium,2024-07-03,No,17
U00280,43,Mumbai,Family,Instagram Ads,Free,2025-10-27,No,4
U00281,37,Chennai,Family,Google Ads,Free,2024-07-07,No,13
U00282,29,Mumbai,Family,Google Ads,Free,2025-07-27,No,28
U00283,47,Delhi,Family,Google Ads,Premium,2024-01-19,No,7
U00284,24,Pune,Working Professional,Influencer,Free,2024-03-21,No,10
U00285,19,Mumbai,Working Professional,Referral,Free,2025-05-12,No,22
U00286,20,Hyderabad,Working Professional,Instagram Ads,Free,2025-06-25,No,26
U00287,34,Chennai,Working Professional,Organic,Premium,2025-09-30,No,2
U00288,22,Delhi,Family,Google Ads,Free,2024-08-05,Yes,97
U00289,34,Delhi,Working Professional,Influencer,Free,2025-06-08,Yes,91
U00290,41,Hyderabad,Family,Google Ads,Premium,2025-11-19,Yes,30
U00291,34,Mumbai,Student,Organic,Free,2024-12-03,No,9
U00292,44,Delhi,Family,Instagram Ads,Free,2024-04-30,Yes,81
U00293,34,Delhi,Working Professional,Google Ads,Premium,2025-04-13,No,18
U00294,19,Delhi,Working Professional,Influencer,Free,2025-01-06,No,5
U00295,19,Hyderabad,Student,Influencer,Free,2025-04-26,No,15
U00296,45,Delhi,Working Professional,Referral,Premium,2024-06-27,No,1
U00297,39,Mumbai,Family,Influencer,Free,2024-04-20,Yes,90
U00298,40,Bangalore,Student,Referral,Free,2024-01-09,No,13
U00299,22,Mumbai,Working Professional,Instagram Ads,Free,2024-08-09,No,16
U00300,49,Delhi,Working Professional,Organic,Free,2025-09-13,Yes,52
U00301,18,Hyderabad,Family,Referral,Free,2025-10-09,Yes,114
U00302,18,Delhi,Working Professional,Google Ads,Premium,2024-04-17,No,26
U00303,36,Hyderabad,Student,Google Ads,Premium,2024-12-02,No,17
U00304,47,Pune,Working Professional,Organic,Free,2024-07-22,Yes,87
U00305,19,Mumbai,Working Professional,Influencer,Free,2025-06-10,No,9
U00306,38,Bangalore,Student,Google Ads,Premium,2025-03-28,No,20
U00307,29,Mumbai,Working Professional,Referral,Free,2025-11-04,No,10
U00308,43,Mumbai,Family,Organic,Free,2024-07-13,Yes,108
U00309,49,Pune,Family,Google Ads,Free,2024-09-17,No,5
U00310,23,Pune,Student,Influencer,Premium,2024-01-09,No,6
U00311,49,Mumbai,Family,Influencer,Premium,2024-08-03,No,17
U00312,40,Bangalore,Working Professional,Google Ads,Free,2024-04-22,Yes,109
U00313,21,Chennai,Student,Organic,Free,2025-09-20,No,17
U00314,40,Chennai,Student,Instagram Ads,Free,2024-12-05,No,22
U00315,28,Bangalore,Student,Google Ads,Free,2024-02-16,No,9
U00316,41,Mumbai,Family,Influencer,Premium,2025-05-03,No,19
U00317,44,Delhi,Student,Instagram Ads,Premium,2024-11-17,No,5
U00318,34,Chennai,Student,Organic,Premium,2024-04-07,Yes,94
U00319,48,Delhi,Working Professional,Influencer,Premium,2025-03-20,No,17
U00320,23,Bangalore,Working Professional,Organic,Free,2024-04-02,No,18
U00321,41,Mumbai,Working Professional,Google Ads,Free,2024-09-08,No,6
U00322,22,Delhi,Working Professional,Organic,Premium,2024-06-11,Yes,33
U00323,37,Mumbai,Student,Influencer,Free,2024-06-06,Yes,33
U00324,19,Chennai,Family,Google Ads,Free,2025-08-01,Yes,106
U00325,23,Delhi,Student,Influencer,Premium,2024-05-17,No,1
U00326,39,Bangalore,Working Professional,Influencer,Free,2025-01-18,No,17
U00327,28,Delhi,Working Professional,Instagram Ads,Free,2024-11-07,Yes,104
U00328,48,Delhi,Student,Referral,Free,2024-10-16,No,12
U00329,33,Mumbai,Family,Organic,Free,2024-03-05,Yes,60
U00330,33,Bangalore,Working Professional,Organic,Premium,2024-07-16,No,13
U00331,18,Delhi,Student,Instagram Ads,Free,2025-11-13,No,4
U00332,26,Mumbai,Family,Organic,Free,2025-06-11,Yes,40
U00333,45,Delhi,Working Professional,Instagram Ads,Free,2025-12-03,No,9
U00334,44,Mumbai,Working Professional,Organic,Premium,2025-06-20,No,16
U00335,23,Chennai,Working Professional,Organic,Premium,2024-09-06,No,14
U00336,33,Chennai,Family,Influencer,Free,2025-06-22,Yes,53
U00337,46,Mumbai,Student,Instagram Ads,Free,2025-11-12,Yes,89
U00338,20,Bangalore,Student,Organic,Free,2024-04-26,No,27
U00339,37,Chennai,Working Professional,Referral,Free,2025-07-20,No,20
U00340,45,Delhi,Student,Instagram Ads,Free,2025-04-30,Yes,64
U00341,44,Pune,Working Professional,Instagram Ads,Free,2024-12-28,No,10
U00342,21,Chennai,Working Professional,Instagram Ads,Free,2024-01-26,Yes,58
U00343,36,Delhi,Student,Influencer,Premium,2025-09-11,No,12
U00344,43,Delhi,Student,Instagram Ads,Free,2025-08-24,No,6
U00345,20,Chennai,Working Professional,Influencer,Free,2025-05-07,No,19
U00346,48,Bangalore,Family,Referral,Free,2024-12-22,Yes,31
U00347,36,Delhi,Working Professional,Google Ads,Free,2025-02-15,No,14
U00348,37,Delhi,Working Professional,Influencer,Free,2025-04-20,No,7
U00349,49,Mumbai,Student,Organic,Premium,2025-02-17,No,25
U00350,24,Hyderabad,Working Professional,Instagram Ads,Premium,2024-05-01,No,10
U00351,37,Hyderabad,Student,Google Ads,Premium,2025-04-05,No,15
U00352,26,Chennai,Working Professional,Influencer,Free,2025-03-04,No,15
U00353,18,Mumbai,Working Professional,Organic,Free,2024-08-30,Yes,57
U00354,25,Bangalore,Family,Google Ads,Free,2025-02-06,No,28
U00355,49,Bangalore,Working Professional,Referral,Free,2024-09-08,Yes,89
U00356,24,Mumbai,Working Professional,Influencer,Free,2024-03-15,No,28
U00357,35,Delhi,Working Professional,Influencer,Free,2024-04-21,No,16
U00358,25,Chennai,Family,Referral,Premium,2025-10-24,No,2
U00359,18,Pune,Working Professional,Influencer,Free,2025-09-01,No,21
U00360,28,Mumbai,Student,Instagram Ads,Free,2024-12-25,No,28
U00361,45,Bangalore,Family,Influencer,Premium,2024-06-16,No,15
U00362,42,Delhi,Student,Instagram Ads,Free,2024-09-06,No,13
U00363,42,Bangalore,Student,Influencer,Free,2024-07-31,No,1
U00364,35,Hyderabad,Student,Organic,Free,2025-03-18,Yes,94
U00365,40,Bangalore,Family,Organic,Free,2024-02-15,Yes,74
U00366,48,Chennai,Student,Google Ads,Free,2024-01-18,No,23
U00367,47,Bangalore,Family,Organic,Premium,2024-12-15,No,28
U00368,27,Mumbai,Working Professional,Referral,Free,2024-08-07,No,4
U00369,20,Hyderabad,Student,Google Ads,Free,2025-11-18,Yes,45
U00370,24,Delhi,Working Professional,Organic,Free,2025-02-01,No,20
U00371,45,Mumbai,Student,Instagram Ads,Free,2025-10-22,No,1
U00372,33,Mumbai,Working Professional,Influencer,Free,2024-04-07,No,6
U00373,43,Mumbai,Working Professional,Organic,Free,2024-01-05,Yes,36
U00374,33,Hyderabad,Working Professional,Instagram Ads,Free,2024-06-07,Yes,80
U00375,42,Mumbai,Student,Google Ads,Free,2024-03-27,No,16
U00376,37,Hyderabad,Working Professional,Influencer,Free,2024-04-29,No,6
U00377,45,Bangalore,Family,Organic,Free,2025-03-18,Yes,70
U00378,34,Mumbai,Working Professional,Google Ads,Free,2024-06-20,Yes,97
U00379,19,Pune,Family,Organic,Premium,2025-07-29,No,7
U00380,18,Delhi,Student,Google Ads,Free,2025-08-28,No,7
U00381,33,Delhi,Family,Organic,Free,2025-11-12,No,12
U00382,47,Bangalore,Student,Instagram Ads,Free,2024-08-22,Yes,72
U00383,29,Delhi,Student,Referral,Premium,2025-04-22,Yes,74
U00384,22,Delhi,Family,Instagram Ads,Free,2024-04-30,No,17
U00385,22,Bangalore,Family,Influencer,Free,2025-05-11,No,17
U00386,49,Bangalore,Working Professional,Organic,Free,2025-09-03,No,8
U00387,44,Mumbai,Student,Referral,Free,2025-02-25,Yes,101
U00388,40,Chennai,Student,Referral,Free,2024-05-14,Yes,59
U00389,26,Bangalore,Working Professional,Influencer,Premium,2024-11-10,Yes,101
U00390,26,Pune,Family,Influencer,Free,2024-03-09,No,13
U00391,20,Delhi,Student,Referral,Premium,2024-07-16,No,11
U00392,36,Bangalore,Family,Influencer,Premium,2025-12-18,No,12
U00393,33,Pune,Student,Influencer,Premium,2024-01-11,No,24
U00394,33,Bangalore,Family,Organic,Free,2024-05-09,No,14
U00395,20,Hyderabad,Family,Instagram Ads,Premium,2024-04-19,No,21
U00396,37,Mumbai,Working Professional,Google Ads,Premium,2024-01-27,No,1
U00397,41,Delhi,Working Professional,Referral,Premium,2025-02-03,No,9
U00398,39,Mumbai,Family,Google Ads,Free,2024-11-15,No,3
U00399,41,Mumbai,Working Professional,Referral,Free,2024-07-12,Yes,65
U00400,18,Pune,Working Professional,Referral,Free,2024-12-11,No,15
U00401,41,Delhi,Working Professional,Instagram Ads,Free,2024-01-16,No,7
U00402,37,Chennai,Student,Referral,Premium,2024-03-13,No,11
U00403,28,Chennai,Family,Referral,Premium,2025-09-19,No,16
U00404,34,Delhi,Student,Instagram Ads,Premium,2024-07-19,No,26
U00405,25,Mumbai,Family,Influencer,Free,2025-10-06,No,26
U00406,21,Pune,Student,Google Ads,Free,2024-06-12,No,12
U00407,23,Chennai,Working Professional,Referral,Premium,2024-01-07,No,27
U00408,25,Mumbai,Student,Instagram Ads,Free,2024-03-01,Yes,70
U00409,37,Mumbai,Student,Referral,Free,2024-12-17,Yes,70
U00410,47,Bangalore,Student,Instagram Ads,Premium,2025-04-29,No,8
U00411,20,Hyderabad,Working Professional,Google Ads,Premium,2025-09-23,No,13
U00412,33,Delhi,Working Professional,Organic,Free,2025-03-26,Yes,80
U00413,47,Hyderabad,Family,Influencer,Premium,2025-02-17,No,8
U00414,42,Delhi,Student,Organic,Free,2024-01-31,No,15
U00415,20,Delhi,Working Professional,Instagram Ads,Free,2025-07-13,No,12
U00416,42,Mumbai,Working Professional,Referral,Free,2024-03-31,Yes,106
U00417,46,Mumbai,Student,Influencer,Free,2025-06-01,No,5
U00418,35,Mumbai,Working Professional,Google Ads,Premium,2025-03-21,No,2
U00419,49,Mumbai,Working Professional,Influencer,Premium,2024-10-11,Yes,47
U00420,31,Mumbai,Working Professional,Referral,Premium,2025-01-27,No,6
U00421,35,Delhi,Student,Organic,Free,2025-08-18,No,27
U00422,19,Mumbai,Working Professional,Instagram Ads,Free,2024-05-18,Yes,93
U00423,39,Chennai,Student,Organic,Free,2024-11-25,No,4
U00424,20,Mumbai,Working Professional,Influencer,Free,2024-05-12,No,10
U00425,33,Mumbai,Family,Referral,Free,2025-09-06,Yes,78
U00426,46,Bangalore,Working Professional,Instagram Ads,Free,2024-11-21,Yes,74
U00427,26,Chennai,Working Professional,Referral,Premium,2025-08-29,No,8
U00428,21,Delhi,Student,Referral,Free,2025-06-13,No,16
U00429,18,Hyderabad,Family,Influencer,Premium,2024-01-21,No,23
U00430,21,Hyderabad,Student,Organic,Premium,2025-04-23,No,7
U00431,18,Bangalore,Working Professional,Referral,Premium,2025-04-02,No,24
U00432,31,Delhi,Family,Referral,Free,2025-06-01,No,28
U00433,38,Bangalore,Working Professional,Referral,Free,2025-06-19,No,12
U00434,33,Delhi,Working Professional,Instagram Ads,Premium,2024-08-12,No,7
U00435,37,Bangalore,Working Professional,Referral,Free,2025-07-25,Yes,57
U00436,41,Hyderabad,Student,Referral,Premium,2024-11-25,No,15
U00437,49,Delhi,Working Professional,Influencer,Free,2025-07-11,Yes,91
U00438,25,Pune,Student,Referral,Free,2025-01-02,No,14
U00439,24,Delhi,Working Professional,Referral,Free,2024-05-21,No,5
U00440,20,Pune,Student,Influencer,Free,2025-08-12,Yes,39
U00441,34,Mumbai,Family,Instagram Ads,Free,2024-07-17,Yes,64
U00442,49,Delhi,Student,Organic,Free,2025-09-18,Yes,75
U00443,18,Delhi,Working Professional,Influencer,Free,2024-02-05,Yes,53
U00444,33,Chennai,Working Professional,Instagram Ads,Free,2025-04-10,No,14
U00445,29,Delhi,Working Professional,Organic,Free,2025-07-25,No,22
U00446,44,Delhi,Student,Referral,Premium,2025-03-13,No,6
U00447,36,Mumbai,Working Professional,Influencer,Free,2025-08-13,No,13
U00448,39,Bangalore,Student,Referral,Premium,2024-07-09,No,7
U00449,40,Bangalore,Working Professional,Influencer,Free,2024-04-06,No,18
U00450,39,Delhi,Working Professional,Organic,Free,2025-05-18,Yes,46
U00451,31,Mumbai,Working Professional,Instagram Ads,Premium,2025-01-01,Yes,45
U00452,47,Delhi,Student,Influencer,Free,2024-05-29,Yes,55
U00453,23,Delhi,Family,Instagram Ads,Free,2024-02-12,Yes,85
U00454,23,Mumbai,Working Professional,Referral,Free,2024-10-23,No,15
U00455,30,Hyderabad,Student,Referral,Premium,2024-11-14,No,23
U00456,36,Delhi,Working Professional,Organic,Free,2024-08-05,Yes,111
U00457,39,Mumbai,Family,Organic,Free,2025-12-19,Yes,45
U00458,25,Mumbai,Student,Google Ads,Premium,2025-05-02,No,18
U00459,44,Chennai,Working Professional,Google Ads,Free,2024-05-25,No,21
U00460,44,Chennai,Working Professional,Organic,Free,2024-11-23,No,25
U00461,19,Pune,Student,Referral,Free,2024-09-15,Yes,102
U00462,38,Delhi,Family,Instagram Ads,Free,2025-07-19,Yes,84
U00463,47,Delhi,Working Professional,Organic,Free,2024-04-28,Yes,92
U00464,18,Mumbai,Student,Instagram Ads,Free,2024-05-21,No,7
U00465,45,Delhi,Family,Google Ads,Free,2024-10-16,No,27
U00466,32,Bangalore,Working Professional,Instagram Ads,Free,2025-09-30,Yes,56
U00467,49,Hyderabad,Family,Organic,Free,2024-08-12,Yes,38
U00468,18,Pune,Working Professional,Referral,Free,2024-08-16,No,9
U00469,22,Pune,Working Professional,Organic,Free,2024-09-13,Yes,68
U00470,45,Mumbai,Family,Influencer,Premium,2024-09-01,Yes,64
U00471,46,Hyderabad,Student,Influencer,Premium,2024-06-24,No,1
U00472,33,Mumbai,Working Professional,Influencer,Free,2024-12-20,Yes,42
U00473,36,Delhi,Working Professional,Referral,Premium,2025-06-05,No,22
U00474,21,Hyderabad,Student,Organic,Premium,2025-08-17,Yes,82
U00475,20,Delhi,Working Professional,Influencer,Free,2024-05-18,Yes,30
U00476,49,Mumbai,Student,Organic,Free,2024-04-28,No,19
U00477,34,Mumbai,Working Professional,Google Ads,Free,2025-09-30,No,10
U00478,49,Hyderabad,Working Professional,Influencer,Premium,2025-09-02,Yes,76
U00479,34,Hyderabad,Family,Influencer,Premium,2025-07-31,No,17
U00480,29,Mumbai,Student,Referral,Free,2024-09-15,Yes,63
U00481,45,Pune,Working Professional,Organic,Free,2025-10-16,No,5
U00482,47,Mumbai,Student,Referral,Free,2025-07-24,Yes,75
U00483,46,Mumbai,Working Professional,Referral,Free,2024-07-10,Yes,117
U00484,31,Hyderabad,Working Professional,Organic,Free,2024-05-09,Yes,108
U00485,38,Hyderabad,Working Professional,Google Ads,Premium,2024-06-06,No,24
U00486,23,Chennai,Family,Organic,Free,2025-11-08,No,13
U00487,20,Delhi,Family,Google Ads,Premium,2024-09-17,No,21
U00488,45,Bangalore,Student,Referral,Premium,2025-01-24,No,14
U00489,26,Bangalore,Student,Google Ads,Free,2025-10-06,Yes,103
U00490,22,Chennai,Working Professional,Google Ads,Premium,2025-06-07,No,3
U00491,41,Delhi,Working Professional,Google Ads,Free,2024-05-11,No,6
U00492,46,Hyderabad,Student,Influencer,Free,2025-02-11,No,20
U00493,34,Bangalore,Working Professional,Influencer,Free,2024-06-01,Yes,101
U00494,31,Delhi,Working Professional,Referral,Free,2024-10-08,Yes,103
U00495,38,Mumbai,Working Professional,Organic,Free,2025-07-20,No,21
U00496,48,Mumbai,Family,Google Ads,Free,2025-09-29,No,12
U00497,20,Bangalore,Working Professional,Influencer,Free,2024-02-15,No,26
U00498,45,Pune,Student,Organic,Free,2025-11-16,No,5
U00499,18,Bangalore,Student,Google Ads,Free,2024-10-25,No,20
U00500,37,Bangalore,Family,Organic,Free,2024-01-21,No,9
U00501,48,Bangalore,Family,Instagram Ads,Free,2024-06-13,Yes,77
U00502,46,Delhi,Working Professional,Google Ads,Free,2024-09-24,Yes,37
U00503,38,Delhi,Working Professional,Organic,Free,2024-04-10,No,19
U00504,49,Mumbai,Family,Google Ads,Premium,2025-10-22,No,5
U00505,40,Mumbai,Working Professional,Google Ads,Free,2025-10-14,No,4
U00506,18,Delhi,Family,Instagram Ads,Free,2025-01-07,Yes,99
U00507,49,Bangalore,Working Professional,Organic,Free,2024-02-02,No,18
U00508,20,Mumbai,Working Professional,Referral,Premium,2024-08-23,No,5
U00509,49,Delhi,Working Professional,Influencer,Free,2024-07-16,No,7
U00510,35,Mumbai,Student,Google Ads,Premium,2025-05-21,Yes,81
U00511,42,Delhi,Student,Google Ads,Free,2024-11-27,No,13
U00512,27,Chennai,Working Professional,Google Ads,Free,2025-03-20,No,26
U00513,48,Pune,Family,Google Ads,Free,2025-04-30,Yes,60
U00514,39,Hyderabad,Working Professional,Influencer,Free,2024-04-29,Yes,117
U00515,43,Delhi,Working Professional,Referral,Premium,2024-06-06,No,11
U00516,20,Hyderabad,Student,Instagram Ads,Free,2024-02-06,No,3
U00517,25,Pune,Student,Referral,Premium,2024-05-23,Yes,77
U00518,31,Hyderabad,Working Professional,Influencer,Free,2025-07-10,No,17
U00519,41,Delhi,Working Professional,Organic,Free,2025-12-11,Yes,54
U00520,35,Bangalore,Working Professional,Instagram Ads,Premium,2025-10-02,No,19
U00521,49,Pune,Student,Instagram Ads,Free,2025-11-23,No,28
U00522,32,Bangalore,Family,Organic,Free,2024-01-28,No,13
U00523,39,Bangalore,Working Professional,Google Ads,Premium,2025-08-01,Yes,102
U00524,40,Mumbai,Family,Influencer,Free,2024-08-31,Yes,32
U00525,19,Bangalore,Working Professional,Organic,Free,2025-11-09,Yes,39
U00526,48,Delhi,Student,Referral,Premium,2024-09-22,No,22
U00527,44,Bangalore,Working Professional,Referral,Premium,2024-02-20,No,17
U00528,27,Delhi,Working Professional,Organic,Free,2024-04-18,No,13
U00529,19,Mumbai,Working Professional,Influencer,Free,2025-02-01,No,21
U00530,43,Mumbai,Working Professional,Instagram Ads,Premium,2024-11-30,No,11
U00531,34,Bangalore,Student,Instagram Ads,Premium,2024-05-13,No,10
U00532,25,Delhi,Working Professional,Google Ads,Free,2025-11-09,No,21
U00533,18,Hyderabad,Family,Influencer,Free,2024-03-20,No,27
U00534,26,Hyderabad,Student,Referral,Premium,2024-12-03,No,5
U00535,28,Delhi,Student,Referral,Free,2025-09-02,Yes,101
U00536,39,Delhi,Family,Google Ads,Free,2025-03-07,Yes,45
U00537,33,Delhi,Student,Referral,Free,2025-10-26,Yes,77
U00538,24,Pune,Working Professional,Google Ads,Free,2025-04-25,No,1
U00539,46,Bangalore,Working Professional,Google Ads,Free,2024-10-15,Yes,80
U00540,27,Mumbai,Working Professional,Organic,Premium,2025-08-17,No,8
U00541,40,Delhi,Working Professional,Instagram Ads,Premium,2024-04-11,No,22
U00542,43,Bangalore,Student,Influencer,Free,2024-11-26,No,23
U00543,20,Pune,Student,Influencer,Free,2025-01-10,No,20
U00544,35,Pune,Working Professional,Instagram Ads,Free,2024-08-18,No,17
U00545,42,Bangalore,Working Professional,Influencer,Premium,2025-03-26,No,8
U00546,41,Delhi,Working Professional,Referral,Free,2024-11-16,Yes,39
U00547,30,Delhi,Working Professional,Referral,Free,2025-02-27,Yes,41
U00548,45,Delhi,Student,Influencer,Free,2024-01-25,No,9
U00549,43,Delhi,Student,Organic,Free,2025-07-22,No,6
U00550,24,Delhi,Family,Influencer,Premium,2025-02-19,Yes,105
U00551,42,Delhi,Working Professional,Google Ads,Free,2024-10-28,No,2
U00552,21,Mumbai,Student,Google Ads,Free,2024-04-09,Yes,57
U00553,30,Chennai,Student,Instagram Ads,Free,2025-01-22,Yes,112
U00554,37,Bangalore,Student,Referral,Premium,2024-04-28,No,19
U00555,18,Pune,Student,Organic,Free,2025-10-24,No,13
U00556,25,Hyderabad,Family,Influencer,Premium,2025-08-14,No,10
U00557,49,Delhi,Family,Google Ads,Premium,2024-11-26,No,24
U00558,31,Hyderabad,Family,Referral,Premium,2025-10-23,No,10
U00559,33,Delhi,Family,Referral,Premium,2024-12-24,Yes,49
U00560,31,Bangalore,Family,Organic,Free,2024-05-05,No,5
U00561,29,Mumbai,Working Professional,Organic,Free,2024-10-15,Yes,92
U00562,36,Chennai,Student,Organic,Free,2025-07-06,No,28
U00563,40,Delhi,Working Professional,Organic,Premium,2025-12-02,No,26
U00564,32,Delhi,Student,Google Ads,Premium,2025-03-15,No,20
U00565,45,Chennai,Student,Organic,Free,2025-07-28,No,26
U00566,19,Delhi,Student,Referral,Premium,2025-12-17,Yes,66
U00567,19,Hyderabad,Working Professional,Referral,Premium,2024-12-06,No,7
U00568,49,Hyderabad,Student,Influencer,Premium,2024-07-22,Yes,105
U00569,40,Pune,Student,Referral,Free,2024-06-27,No,13
U00570,48,Chennai,Working Professional,Referral,Free,2024-12-11,No,27
U00571,39,Chennai,Family,Google Ads,Free,2024-04-14,No,20
U00572,36,Delhi,Working Professional,Referral,Free,2024-11-08,Yes,47
U00573,42,Pune,Family,Instagram Ads,Free,2024-03-26,No,21
U00574,43,Bangalore,Student,Referral,Free,2025-03-16,No,11
U00575,48,Bangalore,Student,Influencer,Premium,2025-04-24,No,28
U00576,47,Delhi,Working Professional,Influencer,Free,2024-11-23,Yes,63
U00577,46,Bangalore,Working Professional,Organic,Premium,2024-09-07,No,2
U00578,39,Chennai,Working Professional,Google Ads,Free,2025-04-26,No,21
U00579,43,Chennai,Working Professional,Influencer,Premium,2024-01-04,Yes,112
U00580,43,Mumbai,Working Professional,Instagram Ads,Free,2024-07-02,Yes,38
U00581,39,Delhi,Family,Instagram Ads,Free,2025-11-23,No,15
U00582,34,Mumbai,Working Professional,Organic,Free,2024-10-26,Yes,57
U00583,37,Pune,Student,Google Ads,Free,2025-06-11,No,5
U00584,27,Hyderabad,Working Professional,Google Ads,Free,2025-08-28,Yes,111
U00585,23,Mumbai,Student,Referral,Free,2024-06-04,Yes,81
U00586,32,Delhi,Student,Instagram Ads,Premium,2025-03-09,No,25
U00587,39,Mumbai,Student,Instagram Ads,Free,2024-12-22,No,25
U00588,28,Mumbai,Working Professional,Instagram Ads,Premium,2025-06-11,No,16
U00589,45,Chennai,Student,Instagram Ads,Free,2024-02-10,No,15
U00590,22,Bangalore,Student,Influencer,Free,2025-10-10,No,24
U00591,18,Mumbai,Working Professional,Google Ads,Free,2024-09-14,Yes,74
U00592,25,Bangalore,Working Professional,Referral,Free,2024-12-31,Yes,96
U00593,38,Delhi,Working Professional,Influencer,Free,2025-07-08,No,15
U00594,45,Chennai,Working Professional,Google Ads,Free,2024-03-06,Yes,39
U00595,29,Mumbai,Student,Organic,Free,2024-07-26,No,5
U00596,29,Mumbai,Student,Instagram Ads,Free,2024-09-01,No,22
U00597,22,Mumbai,Student,Referral,Free,2024-08-30,No,16
U00598,24,Hyderabad,Family,Google Ads,Free,2025-08-11,No,21
U00599,21,Bangalore,Working Professional,Organic,Free,2025-01-15,No,12
U00600,23,Hyderabad,Student,Instagram Ads,Free,2024-08-10,No,17
U00601,30,Delhi,Student,Organic,Free,2024-01-21,No,12
U00602,49,Mumbai,Family,Organic,Free,2024-05-26,No,1
U00603,37,Delhi,Working Professional,Influencer,Free,2025-01-02,No,11
U00604,47,Bangalore,Family,Organic,Free,2024-11-08,No,8
U00605,32,Delhi,Student,Influencer,Free,2025-08-11,No,28
U00606,20,Bangalore,Student,Influencer,Free,2024-11-11,No,5
U00607,40,Pune,Working Professional,Organic,Premium,2025-02-06,No,8
U00608,25,Pune,Working Professional,Google Ads,Free,2025-03-23,No,11
U00609,37,Mumbai,Working Professional,Organic,Free,2025-06-30,No,28
U00610,33,Mumbai,Working Professional,Organic,Premium,2024-05-05,No,11
U00611,30,Delhi,Working Professional,Google Ads,Free,2025-05-10,No,14
U00612,35,Bangalore,Working Professional,Instagram Ads,Free,2025-08-21,Yes,104
U00613,45,Pune,Student,Referral,Free,2025-11-30,Yes,93
U00614,27,Delhi,Working Professional,Instagram Ads,Free,2024-02-14,Yes,73
U00615,47,Mumbai,Family,Organic,Premium,2024-11-26,No,21
U00616,36,Pune,Student,Instagram Ads,Premium,2024-03-12,No,27
U00617,34,Pune,Working Professional,Referral,Free,2025-12-28,Yes,74
U00618,41,Delhi,Working Professional,Instagram Ads,Premium,2024-04-07,No,8
U00619,48,Bangalore,Family,Referral,Premium,2024-09-27,No,11
U00620,36,Delhi,Working Professional,Instagram Ads,Free,2025-02-10,No,1
U00621,45,Delhi,Working Professional,Influencer,Free,2025-03-19,No,5
U00622,43,Chennai,Family,Organic,Free,2024-03-31,No,23
U00623,40,Pune,Family,Referral,Premium,2025-10-15,No,26
U00624,43,Hyderabad,Working Professional,Organic,Premium,2024-04-26,No,21
U00625,22,Delhi,Working Professional,Influencer,Free,2025-05-28,No,15
U00626,43,Pune,Student,Instagram Ads,Free,2024-02-12,Yes,102
U00627,38,Mumbai,Working Professional,Organic,Free,2024-03-11,No,16
U00628,47,Mumbai,Family,Instagram Ads,Free,2024-05-23,No,4
U00629,40,Bangalore,Family,Instagram Ads,Free,2024-12-07,Yes,98
U00630,48,Delhi,Student,Organic,Free,2025-12-26,No,25
U00631,26,Hyderabad,Working Professional,Referral,Free,2024-04-16,Yes,106
U00632,29,Bangalore,Working Professional,Referral,Free,2025-01-20,No,19
U00633,38,Delhi,Family,Organic,Free,2025-03-31,Yes,50
U00634,18,Delhi,Working Professional,Referral,Free,2024-10-20,Yes,69
U00635,43,Delhi,Working Professional,Google Ads,Free,2024-06-24,Yes,90
U00636,43,Delhi,Student,Instagram Ads,Premium,2024-04-16,Yes,80
U00637,18,Bangalore,Working Professional,Organic,Free,2024-03-26,Yes,102
U00638,32,Pune,Student,Influencer,Premium,2025-05-24,No,15
U00639,19,Delhi,Family,Organic,Free,2024-08-14,No,3
U00640,49,Delhi,Working Professional,Organic,Free,2025-08-16,Yes,39
U00641,47,Bangalore,Working Professional,Instagram Ads,Premium,2024-11-24,No,3
U00642,39,Pune,Working Professional,Influencer,Free,2024-08-28,No,4
U00643,33,Mumbai,Family,Instagram Ads,Premium,2024-01-02,No,10
U00644,42,Mumbai,Student,Referral,Free,2024-09-07,No,19
U00645,25,Bangalore,Student,Organic,Free,2024-02-11,Yes,93
U00646,30,Delhi,Family,Instagram Ads,Free,2025-03-01,Yes,68
U00647,38,Delhi,Family,Google Ads,Free,2024-03-21,No,1
U00648,18,Hyderabad,Family,Organic,Free,2025-05-02,Yes,100
U00649,33,Bangalore,Student,Referral,Premium,2024-09-18,No,16
U00650,46,Bangalore,Student,Instagram Ads,Free,2025-01-29,No,24
U00651,24,Hyderabad,Student,Instagram Ads,Free,2025-12-09,No,4
U00652,49,Bangalore,Student,Google Ads,Free,2024-09-04,No,16
U00653,48,Delhi,Working Professional,Referral,Free,2024-11-25,Yes,74
U00654,22,Mumbai,Student,Google Ads,Premium,2025-07-01,No,18
U00655,39,Delhi,Working Professional,Organic,Premium,2025-09-06,Yes,110
U00656,46,Delhi,Student,Influencer,Free,2024-04-07,No,15
U00657,40,Bangalore,Working Professional,Instagram Ads,Premium,2024-05-24,No,9
U00658,20,Pune,Family,Google Ads,Free,2024-05-06,No,11
U00659,29,Chennai,Student,Instagram Ads,Free,2024-10-30,No,7
U00660,43,Bangalore,Working Professional,Instagram Ads,Free,2025-08-01,Yes,31
U00661,33,Delhi,Student,Google Ads,Premium,2025-01-13,No,7
U00662,36,Delhi,Student,Instagram Ads,Free,2024-05-26,No,23
U00663,22,Pune,Working Professional,Referral,Premium,2024-03-21,No,3
U00664,39,Bangalore,Working Professional,Referral,Free,2024-08-29,No,7
U00665,42,Bangalore,Working Professional,Influencer,Free,2025-07-30,No,3
U00666,46,Hyderabad,Family,Referral,Premium,2025-08-05,No,12
U00667,31,Hyderabad,Working Professional,Google Ads,Premium,2025-07-01,No,3
U00668,45,Pune,Student,Referral,Premium,2024-03-07,No,7
U00669,22,Delhi,Working Professional,Influencer,Free,2025-08-17,No,23
U00670,32,Hyderabad,Student,Organic,Free,2025-11-12,Yes,119
U00671,34,Pune,Working Professional,Organic,Free,2025-04-19,No,15
U00672,47,Mumbai,Working Professional,Google Ads,Free,2025-08-01,No,23
U00673,31,Bangalore,Student,Influencer,Free,2025-09-01,No,26
U00674,47,Mumbai,Family,Referral,Premium,2025-03-08,Yes,40
U00675,37,Chennai,Family,Influencer,Premium,2024-10-28,No,5
U00676,22,Delhi,Family,Instagram Ads,Free,2025-12-20,No,9
U00677,29,Bangalore,Student,Influencer,Premium,2025-01-09,No,17
U00678,33,Delhi,Working Professional,Referral,Free,2025-07-28,Yes,61
U00679,43,Hyderabad,Family,Google Ads,Premium,2024-03-18,No,19
U00680,43,Delhi,Student,Instagram Ads,Free,2024-01-30,Yes,61
U00681,33,Delhi,Family,Influencer,Free,2024-12-17,Yes,64
U00682,38,Mumbai,Student,Organic,Free,2024-04-24,No,28
U00683,24,Chennai,Student,Referral,Free,2024-11-27,Yes,32
U00684,21,Delhi,Working Professional,Google Ads,Free,2025-05-19,No,9
U00685,18,Delhi,Working Professional,Referral,Free,2024-06-02,No,21
U00686,47,Hyderabad,Working Professional,Influencer,Premium,2025-06-18,Yes,114
U00687,47,Bangalore,Family,Google Ads,Free,2025-01-03,Yes,77
U00688,22,Chennai,Student,Organic,Premium,2025-12-26,No,8
U00689,40,Delhi,Student,Instagram Ads,Premium,2025-10-21,No,19
U00690,43,Bangalore,Family,Influencer,Free,2024-12-23,No,9
U00691,27,Delhi,Student,Google Ads,Free,2024-10-28,Yes,110
U00692,39,Delhi,Working Professional,Instagram Ads,Free,2025-12-20,Yes,111
U00693,22,Hyderabad,Working Professional,Google Ads,Free,2025-11-01,Yes,116
U00694,21,Bangalore,Student,Influencer,Free,2025-03-26,No,15
U00695,19,Hyderabad,Student,Google Ads,Free,2024-11-02,No,6
U00696,37,Mumbai,Working Professional,Organic,Free,2025-11-09,Yes,77
U00697,48,Mumbai,Family,Google Ads,Free,2024-03-03,Yes,64
U00698,27,Mumbai,Working Professional,Influencer,Premium,2024-10-02,No,18
U00699,43,Chennai,Working Professional,Google Ads,Free,2025-05-25,Yes,53
U00700,36,Mumbai,Working Professional,Instagram Ads,Free,2025-06-18,No,24
U00701,43,Mumbai,Student,Instagram Ads,Premium,2025-12-13,No,6
U00702,49,Mumbai,Student,Referral,Free,2025-01-21,Yes,107
U00703,18,Bangalore,Working Professional,Referral,Free,2025-04-02,Yes,32
U00704,41,Delhi,Student,Organic,Premium,2025-02-11,No,18
U00705,22,Chennai,Student,Instagram Ads,Free,2025-12-27,No,19
U00706,30,Delhi,Working Professional,Referral,Premium,2025-01-20,No,26
U00707,21,Pune,Working Professional,Google Ads,Free,2025-01-24,Yes,115
U00708,33,Delhi,Student,Organic,Free,2024-08-16,Yes,82
U00709,41,Bangalore,Working Professional,Influencer,Premium,2024-08-14,Yes,33
U00710,33,Chennai,Working Professional,Referral,Premium,2024-11-22,No,20
U00711,40,Delhi,Student,Referral,Premium,2024-11-30,No,27
U00712,19,Chennai,Family,Instagram Ads,Premium,2024-10-03,No,26
U00713,34,Mumbai,Student,Organic,Free,2024-08-17,No,13
U00714,45,Chennai,Family,Instagram Ads,Free,2025-12-27,Yes,42
U00715,49,Bangalore,Student,Instagram Ads,Premium,2024-06-05,No,15
U00716,49,Mumbai,Family,Organic,Free,2024-01-13,No,6
U00717,44,Delhi,Student,Google Ads,Free,2025-05-17,Yes,77
U00718,37,Mumbai,Working Professional,Referral,Premium,2024-07-15,Yes,119
U00719,41,Delhi,Working Professional,Instagram Ads,Free,2025-09-14,No,11
U00720,29,Delhi,Working Professional,Referral,Free,2025-09-06,No,4
U00721,35,Delhi,Working Professional,Organic,Premium,2024-04-12,Yes,60
U00722,20,Mumbai,Student,Google Ads,Free,2024-06-18,No,16
U00723,45,Hyderabad,Working Professional,Influencer,Free,2024-04-18,Yes,67
U00724,18,Delhi,Student,Google Ads,Premium,2025-01-10,No,14
U00725,18,Delhi,Family,Organic,Free,2024-05-05,Yes,48
U00726,46,Bangalore,Student,Google Ads,Free,2025-01-19,No,23
U00727,36,Delhi,Working Professional,Influencer,Premium,2024-05-27,No,5
U00728,28,Delhi,Working Professional,Instagram Ads,Free,2025-11-13,Yes,75
U00729,22,Delhi,Working Professional,Google Ads,Premium,2024-01-01,Yes,70
U00730,29,Chennai,Student,Organic,Free,2025-07-05,No,28
U00731,20,Pune,Working Professional,Google Ads,Premium,2024-01-07,No,10
U00732,18,Mumbai,Working Professional,Influencer,Free,2024-06-11,Yes,46
U00733,18,Bangalore,Family,Organic,Free,2025-03-11,No,16
U00734,25,Bangalore,Working Professional,Google Ads,Free,2025-03-09,No,16
U00735,27,Bangalore,Working Professional,Organic,Premium,2024-11-20,No,26
U00736,28,Hyderabad,Working Professional,Influencer,Free,2024-06-05,Yes,109
U00737,29,Bangalore,Student,Instagram Ads,Premium,2024-04-23,No,3
U00738,46,Delhi,Working Professional,Influencer,Free,2024-04-21,No,20
U00739,30,Delhi,Student,Instagram Ads,Premium,2025-03-30,No,18
U00740,29,Mumbai,Working Professional,Referral,Free,2024-03-13,Yes,33
U00741,48,Pune,Working Professional,Influencer,Premium,2024-07-11,No,19
U00742,31,Bangalore,Working Professional,Instagram Ads,Free,2025-04-19,Yes,103
U00743,19,Pune,Family,Referral,Free,2024-09-29,No,2
U00744,46,Chennai,Working Professional,Referral,Free,2024-04-03,No,9
U00745,36,Delhi,Working Professional,Referral,Free,2025-12-19,No,1
U00746,35,Hyderabad,Working Professional,Organic,Free,2025-11-12,No,4
U00747,20,Bangalore,Working Professional,Influencer,Free,2025-10-29,Yes,50
U00748,40,Chennai,Student,Influencer,Free,2025-05-29,Yes,58
U00749,34,Chennai,Student,Influencer,Free,2024-08-07,No,22
U00750,43,Hyderabad,Student,Influencer,Free,2024-01-05,Yes,36
U00751,25,Delhi,Working Professional,Organic,Free,2024-07-12,No,4
U00752,46,Hyderabad,Family,Influencer,Free,2024-02-23,Yes,103
U00753,43,Delhi,Student,Instagram Ads,Premium,2024-07-27,No,6
U00754,27,Hyderabad,Working Professional,Referral,Free,2025-08-10,No,23
U00755,43,Chennai,Family,Organic,Free,2025-12-30,Yes,46
U00756,47,Mumbai,Family,Organic,Free,2025-05-11,No,28
U00757,19,Bangalore,Working Professional,Influencer,Free,2025-09-21,Yes,34
U00758,36,Mumbai,Student,Referral,Free,2025-03-30,Yes,90
U00759,26,Mumbai,Student,Instagram Ads,Free,2024-03-20,Yes,68
U00760,24,Mumbai,Student,Referral,Free,2025-11-29,No,8
U00761,21,Hyderabad,Student,Google Ads,Premium,2024-01-08,No,20
U00762,43,Chennai,Student,Referral,Premium,2024-03-31,No,24
U00763,38,Chennai,Working Professional,Instagram Ads,Free,2024-12-11,No,13
U00764,35,Delhi,Student,Instagram Ads,Free,2024-12-16,Yes,55
U00765,30,Pune,Student,Instagram Ads,Free,2024-07-28,Yes,118
U00766,28,Hyderabad,Student,Organic,Premium,2024-09-14,No,21
U00767,46,Delhi,Working Professional,Organic,Premium,2024-02-10,No,19
U00768,41,Delhi,Working Professional,Google Ads,Free,2025-12-27,No,7
U00769,21,Delhi,Working Professional,Referral,Free,2025-11-26,No,20
U00770,42,Chennai,Student,Influencer,Premium,2024-10-30,No,8
U00771,38,Bangalore,Working Professional,Google Ads,Free,2024-08-28,Yes,68
U00772,46,Hyderabad,Student,Influencer,Premium,2025-09-09,No,11
U00773,42,Delhi,Student,Influencer,Premium,2025-06-17,No,3
U00774,21,Hyderabad,Family,Google Ads,Premium,2024-09-01,No,17
U00775,27,Delhi,Family,Referral,Free,2025-08-13,No,5
U00776,22,Mumbai,Working Professional,Influencer,Free,2024-10-30,No,6
U00777,26,Bangalore,Family,Organic,Premium,2025-06-18,No,28
U00778,41,Delhi,Working Professional,Organic,Premium,2024-04-20,No,15
U00779,49,Pune,Student,Google Ads,Free,2024-05-09,No,9
U00780,20,Delhi,Family,Influencer,Free,2024-12-27,No,19
U00781,34,Bangalore,Student,Google Ads,Premium,2024-09-16,No,6
U00782,20,Mumbai,Working Professional,Organic,Free,2025-10-27,Yes,104
U00783,33,Bangalore,Student,Google Ads,Premium,2025-06-14,No,12
U00784,21,Delhi,Working Professional,Influencer,Premium,2025-07-14,No,26
U00785,35,Delhi,Working Professional,Influencer,Free,2025-08-08,Yes,85
U00786,34,Chennai,Working Professional,Organic,Free,2024-08-01,No,20
U00787,24,Delhi,Student,Instagram Ads,Free,2024-02-22,Yes,101
U00788,49,Pune,Student,Instagram Ads,Free,2024-07-08,No,26
U00789,41,Chennai,Student,Referral,Free,2025-10-02,Yes,102
U00790,40,Delhi,Family,Organic,Free,2025-05-05,Yes,60
U00791,47,Delhi,Working Professional,Referral,Premium,2024-05-23,No,16
U00792,49,Bangalore,Working Professional,Organic,Premium,2024-06-28,No,26
U00793,22,Chennai,Student,Influencer,Free,2025-06-02,Yes,103
U00794,29,Chennai,Family,Organic,Free,2025-12-18,No,15
U00795,34,Bangalore,Student,Google Ads,Free,2024-03-08,No,11
U00796,40,Hyderabad,Student,Referral,Free,2025-10-16,Yes,106
U00797,30,Delhi,Working Professional,Organic,Free,2024-04-17,Yes,56
U00798,40,Chennai,Family,Referral,Free,2024-07-03,Yes,47
U00799,42,Chennai,Student,Organic,Premium,2024-05-30,Yes,45
U00800,20,Delhi,Student,Instagram Ads,Free,2025-12-23,Yes,33
U00801,26,Mumbai,Working Professional,Referral,Free,2025-08-12,No,1
U00802,47,Delhi,Student,Influencer,Free,2025-04-19,No,13
U00803,34,Delhi,Working Professional,Influencer,Premium,2024-04-11,No,4
U00804,34,Pune,Working Professional,Organic,Free,2025-12-26,No,1
U00805,47,Mumbai,Working Professional,Influencer,Free,2024-05-18,No,22
U00806,37,Delhi,Student,Influencer,Premium,2025-01-22,No,5
U00807,33,Mumbai,Student,Referral,Premium,2025-11-28,No,16
U00808,42,Chennai,Family,Organic,Premium,2025-11-10,Yes,94
U00809,39,Bangalore,Family,Referral,Free,2025-05-03,No,12
U00810,30,Mumbai,Student,Organic,Free,2024-02-27,No,9
U00811,44,Delhi,Student,Influencer,Premium,2025-09-22,No,25
U00812,36,Chennai,Student,Organic,Free,2024-03-28,Yes,38
U00813,34,Pune,Working Professional,Organic,Free,2024-05-01,No,22
U00814,21,Mumbai,Working Professional,Google Ads,Premium,2024-08-31,No,9
U00815,29,Delhi,Working Professional,Organic,Free,2024-03-07,Yes,102
U00816,46,Delhi,Working Professional,Google Ads,Free,2024-10-20,Yes,98
U00817,26,Delhi,Working Professional,Referral,Free,2024-05-09,No,10
U00818,36,Bangalore,Family,Google Ads,Premium,2024-02-09,No,3
U00819,29,Chennai,Student,Referral,Premium,2024-07-30,No,24
U00820,26,Mumbai,Student,Organic,Premium,2024-02-25,No,18
U00821,24,Pune,Student,Referral,Free,2025-12-12,Yes,109
U00822,45,Mumbai,Family,Influencer,Free,2024-10-17,No,12
U00823,31,Hyderabad,Working Professional,Organic,Premium,2025-09-10,No,15
U00824,48,Hyderabad,Working Professional,Google Ads,Free,2025-12-07,No,14
U00825,49,Delhi,Student,Instagram Ads,Free,2024-12-17,No,10
U00826,37,Mumbai,Student,Organic,Free,2024-05-01,No,6
U00827,36,Bangalore,Student,Influencer,Premium,2024-04-04,No,20
U00828,43,Delhi,Working Professional,Referral,Free,2025-03-03,Yes,49
U00829,32,Mumbai,Student,Google Ads,Free,2025-09-28,Yes,113
U00830,33,Bangalore,Student,Google Ads,Free,2025-03-24,No,28
U00831,38,Chennai,Working Professional,Influencer,Free,2025-09-29,No,23
U00832,22,Mumbai,Student,Influencer,Premium,2024-12-09,No,23
U00833,20,Pune,Working Professional,Organic,Free,2025-07-01,No,9
U00834,29,Mumbai,Student,Instagram Ads,Free,2025-12-29,No,4
U00835,42,Hyderabad,Family,Instagram Ads,Free,2024-01-03,No,27
U00836,37,Bangalore,Working Professional,Referral,Premium,2024-01-30,No,25
U00837,44,Pune,Family,Google Ads,Premium,2024-09-11,No,4
U00838,38,Mumbai,Working Professional,Organic,Free,2024-02-14,Yes,70
U00839,21,Bangalore,Family,Google Ads,Free,2024-06-25,No,7
U00840,38,Bangalore,Family,Organic,Free,2024-08-09,No,25
U00841,40,Mumbai,Working Professional,Influencer,Free,2025-09-16,No,11
U00842,33,Delhi,Family,Referral,Free,2024-05-01,No,16
U00843,42,Delhi,Student,Influencer,Free,2024-10-01,No,10
U00844,24,Delhi,Working Professional,Google Ads,Free,2024-11-07,Yes,112
U00845,30,Pune,Student,Referral,Free,2025-02-21,No,2
U00846,38,Delhi,Working Professional,Organic,Free,2024-11-24,Yes,105
U00847,27,Delhi,Working Professional,Organic,Free,2024-04-12,Yes,116
U00848,43,Hyderabad,Working Professional,Referral,Free,2025-11-18,Yes,76
U00849,24,Mumbai,Student,Influencer,Premium,2024-10-08,No,22
U00850,31,Bangalore,Working Professional,Referral,Free,2024-09-01,No,15
U00851,48,Delhi,Student,Influencer,Premium,2024-05-12,No,11
U00852,43,Chennai,Working Professional,Referral,Free,2025-11-01,No,10
U00853,22,Pune,Student,Influencer,Free,2024-12-06,No,3
U00854,20,Pune,Family,Instagram Ads,Free,2024-01-22,Yes,31
U00855,40,Mumbai,Student,Referral,Free,2025-09-05,Yes,88
U00856,46,Hyderabad,Student,Influencer,Free,2024-05-29,No,20
U00857,28,Delhi,Family,Google Ads,Free,2025-07-22,Yes,41
U00858,28,Delhi,Working Professional,Google Ads,Premium,2025-10-31,No,5
U00859,35,Delhi,Student,Referral,Free,2025-12-07,No,27
U00860,32,Bangalore,Working Professional,Referral,Free,2024-06-15,No,26
U00861,29,Mumbai,Student,Organic,Free,2024-12-10,No,11
U00862,26,Bangalore,Family,Influencer,Free,2025-12-06,No,28
U00863,27,Delhi,Working Professional,Referral,Free,2025-04-05,No,12
U00864,43,Mumbai,Student,Google Ads,Free,2024-09-16,No,20
U00865,29,Hyderabad,Working Professional,Google Ads,Free,2024-07-18,No,11
U00866,34,Mumbai,Student,Google Ads,Free,2024-01-05,No,6
U00867,46,Hyderabad,Working Professional,Influencer,Free,2024-10-26,No,8
U00868,23,Delhi,Family,Instagram Ads,Premium,2025-08-25,No,13
U00869,24,Pune,Family,Referral,Free,2025-06-19,No,15
U00870,31,Bangalore,Student,Instagram Ads,Premium,2024-08-23,No,2
U00871,30,Delhi,Student,Influencer,Free,2025-06-23,Yes,54
U00872,25,Delhi,Student,Referral,Premium,2024-05-31,No,27
U00873,27,Bangalore,Working Professional,Organic,Free,2024-09-02,No,6
U00874,26,Pune,Working Professional,Referral,Free,2024-01-05,Yes,41
U00875,35,Mumbai,Working Professional,Referral,Free,2024-01-13,No,2
U00876,44,Delhi,Family,Referral,Free,2025-07-20,No,15
U00877,43,Pune,Student,Referral,Free,2025-04-09,No,1
U00878,19,Bangalore,Student,Referral,Free,2024-10-12,Yes,109
U00879,22,Mumbai,Student,Influencer,Free,2025-09-05,Yes,41
U00880,46,Mumbai,Student,Referral,Free,2024-12-04,No,24
U00881,22,Delhi,Student,Influencer,Free,2024-08-01,No,9
U00882,23,Bangalore,Working Professional,Referral,Free,2024-04-22,No,15
U00883,36,Mumbai,Student,Referral,Premium,2024-12-03,No,5
U00884,25,Chennai,Student,Influencer,Premium,2024-03-30,No,9
U00885,33,Mumbai,Working Professional,Referral,Premium,2025-04-20,No,4
U00886,30,Mumbai,Student,Google Ads,Free,2024-01-30,No,27
U00887,18,Bangalore,Working Professional,Referral,Free,2025-06-23,No,10
U00888,39,Chennai,Student,Organic,Free,2025-04-12,No,4
U00889,37,Pune,Working Professional,Influencer,Free,2025-01-22,No,5
U00890,34,Mumbai,Family,Referral,Free,2025-08-02,Yes,37
U00891,48,Hyderabad,Student,Referral,Free,2024-12-22,No,21
U00892,24,Bangalore,Working Professional,Influencer,Free,2025-10-16,No,13
U00893,42,Mumbai,Family,Instagram Ads,Premium,2025-06-29,No,21
U00894,30,Delhi,Working Professional,Google Ads,Free,2025-04-03,Yes,64
U00895,21,Mumbai,Student,Google Ads,Free,2025-04-15,No,12
U00896,21,Delhi,Working Professional,Referral,Premium,2024-08-14,No,14
U00897,23,Chennai,Working Professional,Influencer,Premium,2025-12-15,No,13
U00898,45,Mumbai,Family,Organic,Free,2025-07-26,No,26
U00899,48,Chennai,Student,Referral,Free,2024-07-09,Yes,116
U00900,36,Bangalore,Student,Google Ads,Free,2024-01-02,No,13
U00901,46,Bangalore,Student,Referral,Free,2024-04-27,No,27
U00902,29,Bangalore,Student,Influencer,Free,2024-11-03,Yes,35
U00903,39,Delhi,Student,Organic,Premium,2025-07-17,No,21
U00904,24,Mumbai,Student,Instagram Ads,Premium,2024-01-15,No,9
U00905,44,Delhi,Student,Organic,Free,2025-02-27,Yes,58
U00906,27,Bangalore,Student,Referral,Free,2025-04-23,No,12
U00907,43,Mumbai,Family,Google Ads,Free,2024-04-05,No,23
U00908,36,Hyderabad,Student,Influencer,Premium,2025-09-01,No,17
U00909,24,Delhi,Student,Referral,Premium,2024-02-24,No,27
U00910,47,Delhi,Student,Instagram Ads,Premium,2024-10-04,Yes,113
U00911,20,Mumbai,Family,Influencer,Free,2025-02-16,No,19
U00912,30,Chennai,Working Professional,Influencer,Free,2024-09-01,No,5
U00913,30,Hyderabad,Working Professional,Influencer,Premium,2025-01-30,No,12
U00914,35,Mumbai,Student,Referral,Premium,2025-04-15,No,25
U00915,45,Bangalore,Family,Instagram Ads,Premium,2024-02-07,No,25
U00916,47,Delhi,Working Professional,Referral,Free,2025-09-23,No,12
U00917,43,Chennai,Student,Influencer,Free,2024-05-19,No,11
U00918,37,Bangalore,Working Professional,Influencer,Premium,2024-07-01,No,16
U00919,45,Mumbai,Family,Google Ads,Free,2024-07-31,No,27
U00920,25,Bangalore,Working Professional,Organic,Free,2024-05-05,No,17
U00921,46,Delhi,Family,Referral,Free,2024-05-19,No,3
U00922,48,Chennai,Family,Instagram Ads,Free,2025-09-12,No,11
U00923,26,Delhi,Student,Influencer,Free,2025-04-23,No,17
U00924,24,Bangalore,Working Professional,Referral,Free,2025-06-04,Yes,65
U00925,18,Delhi,Student,Organic,Premium,2025-04-07,No,15
U00926,20,Hyderabad,Family,Referral,Free,2024-02-01,No,9
U00927,30,Hyderabad,Student,Organic,Free,2024-08-22,Yes,91
U00928,45,Bangalore,Family,Referral,Free,2024-03-13,No,1
U00929,47,Bangalore,Student,Google Ads,Free,2025-04-16,No,6
U00930,42,Pune,Working Professional,Referral,Free,2025-10-09,Yes,43
U00931,48,Delhi,Student,Google Ads,Free,2025-09-19,No,5
U00932,45,Mumbai,Student,Organic,Free,2025-10-29,Yes,118
U00933,34,Delhi,Family,Influencer,Free,2025-08-16,No,26
U00934,42,Chennai,Student,Influencer,Free,2025-09-10,Yes,58
U00935,41,Mumbai,Working Professional,Referral,Free,2024-10-18,No,8
U00936,18,Hyderabad,Student,Instagram Ads,Free,2025-09-20,Yes,104
U00937,23,Hyderabad,Working Professional,Referral,Free,2024-10-14,No,11
U00938,38,Delhi,Student,Google Ads,Free,2024-07-31,No,11
U00939,23,Delhi,Student,Google Ads,Free,2024-06-15,Yes,44
U00940,43,Mumbai,Family,Organic,Free,2024-02-18,No,8
U00941,29,Mumbai,Working Professional,Referral,Free,2024-08-08,Yes,118
U00942,30,Delhi,Student,Organic,Free,2025-02-05,Yes,106
U00943,49,Delhi,Working Professional,Instagram Ads,Free,2024-10-15,Yes,100
U00944,30,Pune,Student,Influencer,Premium,2024-06-27,No,20
U00945,46,Chennai,Student,Influencer,Free,2024-06-19,Yes,41
U00946,32,Mumbai,Working Professional,Referral,Premium,2024-01-04,No,26
U00947,38,Mumbai,Student,Organic,Premium,2024-12-01,Yes,76
U00948,33,Delhi,Working Professional,Organic,Free,2024-07-13,No,8
U00949,39,Hyderabad,Working Professional,Instagram Ads,Free,2025-04-08,Yes,98
U00950,38,Pune,Working Professional,Organic,Premium,2025-07-10,No,10
U00951,28,Delhi,Family,Google Ads,Free,2025-04-11,Yes,65
U00952,45,Delhi,Student,Google Ads,Free,2024-12-09,No,8
U00953,22,Hyderabad,Student,Google Ads,Free,2024-07-26,No,25
U00954,21,Bangalore,Student,Referral,Free,2025-09-18,No,10
U00955,20,Delhi,Student,Google Ads,Free,2025-05-17,No,13
U00956,36,Bangalore,Family,Google Ads,Free,2024-05-09,No,25
U00957,37,Mumbai,Working Professional,Influencer,Free,2025-11-02,Yes,48
U00958,42,Mumbai,Working Professional,Referral,Premium,2024-01-01,No,27
U00959,35,Hyderabad,Working Professional,Google Ads,Free,2025-05-01,No,28
U00960,32,Pune,Student,Instagram Ads,Premium,2025-03-23,No,4
U00961,26,Mumbai,Working Professional,Google Ads,Free,2025-11-02,No,28
U00962,34,Chennai,Working Professional,Referral,Premium,2024-11-18,No,16
U00963,31,Mumbai,Working Professional,Organic,Premium,2024-01-24,No,3
U00964,32,Hyderabad,Student,Influencer,Free,2025-01-11,Yes,108
U00965,48,Mumbai,Working Professional,Influencer,Free,2024-06-04,No,9
U00966,18,Pune,Working Professional,Referral,Free,2024-09-28,Yes,60
U00967,38,Chennai,Working Professional,Google Ads,Premium,2024-04-02,No,12
U00968,39,Delhi,Working Professional,Instagram Ads,Free,2025-06-07,Yes,87
U00969,39,Chennai,Working Professional,Google Ads,Premium,2024-04-30,No,4
U00970,20,Pune,Working Professional,Google Ads,Premium,2025-03-27,No,14
U00971,33,Hyderabad,Family,Instagram Ads,Premium,2025-08-24,No,1
U00972,40,Delhi,Student,Influencer,Free,2025-08-09,No,8
U00973,42,Pune,Family,Google Ads,Premium,2024-11-17,Yes,31
U00974,28,Pune,Working Professional,Organic,Free,2024-01-31,No,16
U00975,29,Mumbai,Working Professional,Organic,Free,2025-03-09,No,8
U00976,27,Chennai,Family,Referral,Premium,2025-12-07,No,5
U00977,49,Delhi,Working Professional,Referral,Free,2025-08-23,Yes,36
U00978,33,Delhi,Family,Instagram Ads,Free,2025-09-01,No,17
U00979,25,Bangalore,Student,Instagram Ads,Free,2024-05-08,Yes,95
U00980,23,Bangalore,Student,Referral,Free,2025-03-28,Yes,62
U00981,29,Bangalore,Working Professional,Google Ads,Free,2025-03-11,No,21
U00982,41,Delhi,Family,Influencer,Free,2025-08-29,No,20
U00983,45,Chennai,Family,Organic,Free,2025-11-06,Yes,88
U00984,38,Delhi,Working Professional,Instagram Ads,Free,2025-05-21,No,11
U00985,25,Delhi,Working Professional,Referral,Premium,2025-10-13,Yes,40
U00986,43,Delhi,Student,Organic,Free,2024-11-12,Yes,41
U00987,45,Bangalore,Family,Instagram Ads,Free,2025-04-08,No,19
U00988,21,Chennai,Student,Instagram Ads,Free,2024-11-23,No,23
U00989,43,Bangalore,Working Professional,Google Ads,Free,2024-04-18,No,20
U00990,25,Pune,Working Professional,Instagram Ads,Free,2025-06-09,No,3
U00991,43,Delhi,Working Professional,Influencer,Free,2025-04-19,Yes,56
U00992,45,Bangalore,Working Professional,Instagram Ads,Free,2025-01-26,No,19
U00993,35,Mumbai,Family,Influencer,Free,2025-11-03,No,20
U00994,45,Mumbai,Working Professional,Google Ads,Premium,2025-10-05,No,7
U00995,45,Delhi,Family,Influencer,Free,2024-04-22,No,11
U00996,22,Hyderabad,Student,Organic,Free,2024-10-12,No,9
U00997,26,Bangalore,Working Professional,Instagram Ads,Premium,2025-08-28,No,15
U00998,21,Hyderabad,Working Professional,Referral,Free,2024-12-12,No,12
U00999,49,Mumbai,Working Professional,Referral,Free,2025-08-23,No,12
U01000,44,Delhi,Family,Influencer,Premium,2025-10-07,No,6
U01001,39,Bangalore,Student,Google Ads,Free,2024-09-17,Yes,70
U01002,48,Delhi,Student,Influencer,Free,2025-12-18,No,24
U01003,34,Pune,Working Professional,Influencer,Free,2024-11-02,No,18
U01004,26,Bangalore,Student,Influencer,Free,2024-02-03,Yes,109
U01005,18,Delhi,Family,Organic,Premium,2024-06-17,No,9
U01006,38,Chennai,Student,Organic,Free,2024-12-10,No,11
U01007,37,Bangalore,Working Professional,Influencer,Free,2024-05-25,No,19
U01008,30,Delhi,Student,Google Ads,Free,2025-06-15,No,10
U01009,45,Bangalore,Working Professional,Instagram Ads,Free,2025-09-10,No,11
U01010,33,Delhi,Working Professional,Referral,Free,2025-10-09,Yes,64
U01011,46,Pune,Student,Organic,Free,2025-06-21,No,6
U01012,30,Pune,Student,Instagram Ads,Premium,2024-09-02,No,9
U01013,31,Chennai,Working Professional,Organic,Free,2024-12-06,Yes,59
U01014,20,Bangalore,Family,Organic,Premium,2025-10-28,Yes,38
U01015,46,Mumbai,Student,Organic,Free,2025-07-07,No,3
U01016,23,Hyderabad,Working Professional,Influencer,Free,2025-11-20,Yes,74
U01017,35,Delhi,Family,Influencer,Free,2024-03-21,Yes,94
U01018,36,Bangalore,Working Professional,Organic,Free,2025-11-19,No,19
U01019,49,Bangalore,Family,Organic,Free,2025-12-05,Yes,110
U01020,22,Delhi,Family,Referral,Free,2024-07-09,No,4
U01021,32,Mumbai,Working Professional,Instagram Ads,Free,2024-10-09,No,5
U01022,42,Pune,Working Professional,Instagram Ads,Free,2025-09-03,No,22
U01023,19,Pune,Student,Google Ads,Free,2025-05-03,No,28
U01024,27,Delhi,Working Professional,Google Ads,Free,2024-02-04,No,23
U01025,41,Delhi,Family,Google Ads,Premium,2024-10-20,No,10
U01026,47,Delhi,Working Professional,Influencer,Free,2024-02-11,No,19
U01027,35,Pune,Working Professional,Influencer,Free,2024-06-18,Yes,40
U01028,44,Delhi,Working Professional,Referral,Premium,2025-07-22,No,19
U01029,30,Hyderabad,Student,Influencer,Free,2025-07-19,Yes,80
U01030,22,Delhi,Family,Google Ads,Free,2025-01-28,No,8
U01031,40,Bangalore,Working Professional,Organic,Free,2024-07-06,No,26
U01032,41,Mumbai,Student,Google Ads,Premium,2024-10-22,No,19
U01033,18,Hyderabad,Family,Referral,Free,2025-01-19,Yes,51
U01034,39,Delhi,Working Professional,Organic,Free,2025-08-20,No,17
U01035,18,Bangalore,Working Professional,Influencer,Free,2024-03-04,Yes,48
U01036,35,Delhi,Working Professional,Organic,Free,2024-03-21,No,21
U01037,49,Hyderabad,Working Professional,Referral,Free,2024-07-03,Yes,68
U01038,32,Pune,Family,Influencer,Free,2025-04-05,No,27
U01039,34,Delhi,Working Professional,Instagram Ads,Free,2024-12-10,No,25
U01040,28,Pune,Working Professional,Google Ads,Free,2025-06-21,Yes,38
U01041,38,Bangalore,Student,Google Ads,Premium,2024-08-25,No,12
U01042,43,Delhi,Family,Referral,Free,2024-10-22,Yes,60
U01043,48,Mumbai,Student,Referral,Free,2025-05-01,No,2
U01044,42,Delhi,Family,Google Ads,Free,2025-01-03,Yes,91
U01045,39,Hyderabad,Working Professional,Organic,Premium,2024-10-25,Yes,90
U01046,44,Hyderabad,Working Professional,Instagram Ads,Free,2024-03-30,Yes,75
U01047,44,Delhi,Family,Instagram Ads,Free,2025-03-15,Yes,115
U01048,34,Bangalore,Student,Referral,Free,2025-06-12,Yes,38
U01049,30,Pune,Working Professional,Referral,Free,2024-03-28,Yes,51
U01050,18,Chennai,Working Professional,Organic,Premium,2024-01-24,No,25
U01051,19,Bangalore,Working Professional,Referral,Free,2024-11-27,No,4
U01052,26,Chennai,Working Professional,Instagram Ads,Free,2024-02-27,Yes,64
U01053,20,Bangalore,Working Professional,Google Ads,Free,2025-04-08,No,23
U01054,48,Mumbai,Working Professional,Instagram Ads,Premium,2024-07-07,No,7
U01055,18,Pune,Family,Organic,Premium,2025-04-08,No,15
U01056,38,Mumbai,Working Professional,Google Ads,Free,2024-08-09,Yes,91
U01057,33,Mumbai,Working Professional,Google Ads,Premium,2024-12-18,No,24
U01058,40,Mumbai,Family,Instagram Ads,Free,2024-02-20,No,11
U01059,23,Pune,Working Professional,Google Ads,Free,2024-03-28,No,10
U01060,45,Pune,Student,Google Ads,Free,2024-08-09,Yes,116
U01061,34,Mumbai,Working Professional,Referral,Free,2025-05-02,No,6
U01062,22,Mumbai,Student,Google Ads,Free,2024-06-15,Yes,116
U01063,48,Mumbai,Student,Organic,Free,2025-12-06,Yes,111
U01064,22,Bangalore,Student,Google Ads,Premium,2024-04-10,No,28
U01065,23,Delhi,Student,Referral,Free,2025-12-14,Yes,116
U01066,20,Hyderabad,Working Professional,Influencer,Free,2025-02-27,No,1
U01067,38,Mumbai,Student,Influencer,Free,2025-06-08,No,22
U01068,40,Mumbai,Student,Organic,Free,2024-05-26,No,25
U01069,22,Delhi,Student,Organic,Premium,2024-09-18,No,15
U01070,38,Delhi,Student,Google Ads,Free,2024-05-25,Yes,83
U01071,22,Chennai,Student,Google Ads,Free,2025-05-02,Yes,109
U01072,27,Mumbai,Working Professional,Influencer,Free,2025-06-04,No,14
U01073,27,Delhi,Family,Influencer,Free,2024-03-21,No,4
U01074,36,Mumbai,Family,Instagram Ads,Premium,2025-08-02,No,12
U01075,34,Mumbai,Family,Influencer,Premium,2024-05-05,Yes,54
U01076,38,Delhi,Student,Influencer,Premium,2025-07-15,No,17
U01077,31,Mumbai,Student,Organic,Premium,2025-08-04,No,16
U01078,26,Bangalore,Student,Instagram Ads,Premium,2024-05-18,No,15
U01079,31,Bangalore,Working Professional,Instagram Ads,Free,2025-11-12,No,8
U01080,18,Mumbai,Student,Google Ads,Free,2025-08-24,No,12
U01081,36,Mumbai,Working Professional,Google Ads,Free,2024-05-18,No,18
U01082,30,Chennai,Student,Instagram Ads,Premium,2024-03-12,No,14
U01083,30,Mumbai,Student,Instagram Ads,Free,2024-09-01,Yes,87
U01084,21,Delhi,Family,Google Ads,Free,2025-08-01,Yes,94
U01085,47,Delhi,Working Professional,Organic,Free,2025-10-03,No,12
U01086,18,Mumbai,Family,Organic,Free,2024-07-28,No,24
U01087,34,Hyderabad,Working Professional,Organic,Free,2024-07-12,No,2
U01088,25,Delhi,Family,Organic,Premium,2025-06-21,Yes,40
U01089,49,Hyderabad,Working Professional,Google Ads,Free,2024-11-27,Yes,64
U01090,19,Delhi,Family,Referral,Premium,2025-05-25,No,28
U01091,45,Mumbai,Student,Influencer,Free,2024-10-19,No,25
U01092,48,Hyderabad,Working Professional,Influencer,Free,2025-12-30,Yes,103
U01093,25,Mumbai,Working Professional,Influencer,Free,2024-02-05,No,8
U01094,24,Bangalore,Working Professional,Influencer,Free,2025-06-11,Yes,107
U01095,43,Delhi,Family,Google Ads,Premium,2024-03-18,No,13
U01096,43,Hyderabad,Family,Referral,Free,2024-01-21,Yes,94
U01097,19,Delhi,Working Professional,Google Ads,Free,2025-10-08,Yes,73
U01098,39,Pune,Working Professional,Referral,Free,2024-09-01,Yes,55
U01099,39,Delhi,Working Professional,Google Ads,Free,2025-01-29,Yes,85
U01100,20,Pune,Family,Instagram Ads,Free,2025-11-26,Yes,49
U01101,44,Mumbai,Working Professional,Referral,Premium,2025-11-14,No,19
U01102,35,Hyderabad,Student,Influencer,Premium,2024-02-23,No,4
U01103,29,Mumbai,Working Professional,Referral,Premium,2024-04-02,No,2
U01104,18,Chennai,Student,Organic,Free,2024-10-19,Yes,74
U01105,39,Delhi,Working Professional,Referral,Free,2025-01-10,Yes,74
U01106,29,Delhi,Student,Organic,Free,2024-06-24,No,11
U01107,22,Mumbai,Working Professional,Organic,Premium,2024-07-08,No,24
U01108,47,Delhi,Working Professional,Instagram Ads,Free,2024-07-10,No,27
U01109,47,Delhi,Student,Referral,Premium,2025-09-07,Yes,108
U01110,44,Chennai,Student,Instagram Ads,Free,2024-03-08,Yes,85
U01111,42,Chennai,Working Professional,Influencer,Premium,2024-11-19,No,27
U01112,34,Mumbai,Student,Referral,Free,2024-06-03,Yes,51
U01113,33,Chennai,Student,Google Ads,Free,2025-03-29,No,3
U01114,48,Bangalore,Family,Google Ads,Premium,2024-08-13,No,24
U01115,32,Delhi,Family,Google Ads,Premium,2024-08-20,No,3
U01116,40,Hyderabad,Family,Organic,Free,2025-05-22,Yes,35
U01117,32,Bangalore,Family,Google Ads,Premium,2024-04-13,Yes,40
U01118,22,Chennai,Student,Influencer,Free,2025-04-10,Yes,46
U01119,38,Delhi,Student,Referral,Free,2025-03-03,Yes,42
U01120,31,Bangalore,Student,Referral,Free,2025-03-17,No,2
U01121,19,Delhi,Family,Organic,Free,2025-12-24,No,11
U01122,28,Delhi,Working Professional,Organic,Free,2024-05-05,No,10
U01123,36,Delhi,Student,Organic,Free,2025-09-26,No,15
U01124,24,Chennai,Working Professional,Influencer,Free,2024-02-05,Yes,78
U01125,23,Pune,Working Professional,Referral,Premium,2024-08-25,No,8
U01126,49,Hyderabad,Working Professional,Instagram Ads,Free,2024-08-29,No,1
U01127,45,Bangalore,Family,Organic,Free,2024-05-12,Yes,42
U01128,19,Mumbai,Working Professional,Google Ads,Free,2024-08-14,No,20
U01129,23,Delhi,Family,Instagram Ads,Premium,2025-02-06,No,8
U01130,35,Mumbai,Working Professional,Instagram Ads,Premium,2025-01-30,No,19
U01131,19,Mumbai,Working Professional,Organic,Premium,2024-03-30,No,21
U01132,35,Hyderabad,Family,Google Ads,Free,2024-09-11,No,23
U01133,47,Bangalore,Family,Organic,Free,2024-03-23,Yes,75
U01134,32,Delhi,Student,Organic,Free,2025-05-14,No,14
U01135,44,Delhi,Student,Google Ads,Premium,2025-10-12,No,4
U01136,36,Delhi,Working Professional,Instagram Ads,Premium,2024-11-04,No,2
U01137,48,Mumbai,Working Professional,Instagram Ads,Premium,2025-06-15,Yes,62
U01138,19,Chennai,Working Professional,Google Ads,Free,2024-03-24,Yes,33
U01139,37,Bangalore,Family,Instagram Ads,Free,2024-01-27,No,2
U01140,42,Pune,Student,Influencer,Free,2025-07-23,No,11
U01141,23,Mumbai,Working Professional,Organic,Free,2025-01-13,No,14
U01142,18,Mumbai,Student,Influencer,Premium,2024-11-25,No,18
U01143,41,Delhi,Family,Influencer,Free,2025-01-27,Yes,75
U01144,32,Pune,Family,Influencer,Free,2024-08-04,Yes,118
U01145,45,Hyderabad,Working Professional,Referral,Premium,2025-01-15,No,24
U01146,47,Delhi,Student,Referral,Premium,2025-09-28,No,12
U01147,40,Bangalore,Working Professional,Influencer,Free,2025-12-12,No,11
U01148,27,Mumbai,Working Professional,Organic,Premium,2025-05-22,No,23
U01149,36,Bangalore,Working Professional,Influencer,Free,2024-10-09,No,9
U01150,34,Chennai,Family,Influencer,Free,2024-08-01,Yes,81
U01151,22,Bangalore,Family,Referral,Free,2024-06-04,No,28
U01152,46,Bangalore,Working Professional,Influencer,Free,2025-06-13,Yes,91
U01153,21,Delhi,Working Professional,Organic,Premium,2025-09-08,No,16
U01154,27,Delhi,Student,Organic,Premium,2024-06-07,No,8
U01155,41,Delhi,Working Professional,Influencer,Free,2024-02-10,Yes,49
U01156,34,Delhi,Working Professional,Organic,Free,2025-05-19,No,5
U01157,27,Hyderabad,Student,Influencer,Free,2025-06-02,No,15
U01158,34,Hyderabad,Student,Referral,Free,2024-01-05,No,15
U01159,45,Delhi,Student,Influencer,Free,2024-01-21,Yes,85
U01160,37,Pune,Student,Instagram Ads,Premium,2025-10-07,No,2
U01161,41,Delhi,Working Professional,Referral,Free,2025-09-23,No,13
U01162,22,Mumbai,Working Professional,Organic,Free,2024-08-29,No,26
U01163,19,Delhi,Working Professional,Organic,Free,2024-04-15,Yes,67
U01164,23,Mumbai,Working Professional,Referral,Free,2024-12-08,No,1
U01165,38,Delhi,Working Professional,Instagram Ads,Premium,2025-10-04,No,9
U01166,19,Mumbai,Family,Referral,Premium,2025-02-20,No,4
U01167,30,Mumbai,Working Professional,Google Ads,Free,2024-02-07,Yes,40
U01168,47,Chennai,Family,Instagram Ads,Free,2025-08-21,Yes,50
U01169,28,Delhi,Working Professional,Referral,Free,2024-12-01,Yes,58
U01170,28,Delhi,Working Professional,Google Ads,Free,2025-04-17,Yes,71
U01171,33,Delhi,Student,Influencer,Free,2024-04-22,No,18
U01172,28,Bangalore,Working Professional,Instagram Ads,Premium,2024-09-07,No,7
U01173,36,Delhi,Family,Influencer,Free,2024-12-10,No,22
U01174,32,Pune,Family,Google Ads,Premium,2024-03-11,No,10
U01175,42,Bangalore,Family,Organic,Free,2024-09-20,No,10
U01176,40,Bangalore,Student,Organic,Free,2025-08-03,Yes,75
U01177,40,Bangalore,Working Professional,Organic,Premium,2025-01-18,No,1
U01178,33,Delhi,Working Professional,Influencer,Free,2025-01-25,No,17
U01179,48,Delhi,Working Professional,Instagram Ads,Free,2025-08-20,No,26
U01180,28,Mumbai,Student,Influencer,Premium,2025-12-30,No,20
U01181,39,Bangalore,Family,Influencer,Free,2025-07-15,No,5
U01182,33,Delhi,Family,Organic,Premium,2025-04-17,No,11
U01183,25,Delhi,Working Professional,Influencer,Free,2025-05-25,Yes,33
U01184,21,Chennai,Student,Google Ads,Premium,2024-05-13,No,27
U01185,25,Delhi,Student,Referral,Free,2025-01-23,No,10
U01186,21,Pune,Working Professional,Referral,Free,2024-03-01,No,14
U01187,41,Hyderabad,Student,Referral,Free,2025-04-14,Yes,34
U01188,42,Mumbai,Family,Organic,Free,2024-12-16,Yes,101
U01189,20,Delhi,Working Professional,Organic,Premium,2024-02-27,No,2
U01190,49,Delhi,Working Professional,Referral,Premium,2024-07-03,No,7
U01191,20,Hyderabad,Working Professional,Instagram Ads,Free,2024-07-21,No,10
U01192,44,Bangalore,Student,Referral,Free,2024-02-01,No,18
U01193,46,Hyderabad,Family,Influencer,Free,2025-10-18,Yes,51
U01194,49,Chennai,Working Professional,Referral,Free,2024-06-17,Yes,88
U01195,35,Hyderabad,Family,Referral,Free,2024-01-22,Yes,95
U01196,46,Delhi,Working Professional,Instagram Ads,Free,2024-03-19,No,4
U01197,43,Delhi,Working Professional,Organic,Premium,2024-05-15,No,1
U01198,36,Pune,Student,Organic,Premium,2024-10-28,No,14
U01199,36,Delhi,Working Professional,Influencer,Free,2025-11-18,No,24
U01200,38,Delhi,Working Professional,Referral,Free,2025-01-21,No,9
U01201,22,Hyderabad,Working Professional,Google Ads,Premium,2025-08-11,No,22
U01202,35,Mumbai,Working Professional,Influencer,Premium,2025-06-25,Yes,52
U01203,45,Chennai,Student,Organic,Free,2024-10-10,No,12
U01204,27,Bangalore,Family,Instagram Ads,Premium,2024-11-24,No,28
U01205,46,Delhi,Family,Organic,Free,2025-04-04,Yes,98
U01206,39,Chennai,Student,Organic,Premium,2024-06-01,No,14
U01207,38,Delhi,Family,Instagram Ads,Premium,2025-12-25,No,12
U01208,23,Mumbai,Student,Referral,Free,2025-11-21,Yes,89
U01209,18,Mumbai,Working Professional,Referral,Free,2025-05-01,No,2
U01210,22,Delhi,Student,Organic,Free,2025-08-17,No,24
U01211,26,Mumbai,Family,Influencer,Free,2025-12-12,Yes,106
U01212,29,Delhi,Student,Google Ads,Premium,2025-10-02,No,13
U01213,43,Mumbai,Working Professional,Influencer,Free,2024-07-09,No,22
U01214,31,Mumbai,Working Professional,Influencer,Premium,2024-02-21,No,6
U01215,19,Hyderabad,Student,Organic,Free,2025-08-17,No,17
U01216,34,Pune,Working Professional,Organic,Free,2024-12-06,No,28
U01217,31,Delhi,Student,Google Ads,Premium,2025-11-30,No,23
U01218,43,Mumbai,Working Professional,Google Ads,Premium,2025-06-08,No,16
U01219,30,Mumbai,Family,Google Ads,Free,2024-01-17,Yes,92
U01220,44,Delhi,Family,Organic,Free,2024-08-29,No,5
U01221,26,Hyderabad,Family,Organic,Free,2024-12-05,Yes,95
U01222,43,Hyderabad,Working Professional,Influencer,Premium,2025-10-31,No,4
U01223,42,Delhi,Student,Organic,Free,2025-11-08,Yes,65
U01224,32,Mumbai,Working Professional,Referral,Premium,2025-10-12,No,15
U01225,42,Delhi,Student,Referral,Premium,2025-02-14,No,13
U01226,39,Bangalore,Family,Google Ads,Free,2024-10-20,No,14
U01227,32,Delhi,Student,Organic,Free,2024-01-28,No,22
U01228,41,Chennai,Family,Referral,Free,2025-02-13,No,9
U01229,47,Hyderabad,Student,Influencer,Free,2024-12-24,Yes,105
U01230,28,Mumbai,Family,Instagram Ads,Free,2025-11-03,No,14
U01231,48,Bangalore,Student,Influencer,Free,2025-02-19,No,21
U01232,33,Chennai,Student,Instagram Ads,Free,2024-06-30,Yes,34
U01233,46,Bangalore,Working Professional,Influencer,Free,2025-10-28,Yes,36
U01234,34,Delhi,Student,Referral,Free,2025-12-26,No,4
U01235,43,Mumbai,Working Professional,Organic,Free,2024-12-05,No,23
U01236,21,Pune,Working Professional,Instagram Ads,Free,2024-12-18,Yes,32
U01237,18,Bangalore,Student,Organic,Free,2024-03-09,Yes,44
U01238,25,Bangalore,Family,Organic,Premium,2025-04-21,No,23
U01239,34,Pune,Working Professional,Referral,Premium,2024-11-20,No,25
U01240,20,Pune,Working Professional,Google Ads,Free,2025-05-08,Yes,113
U01241,46,Chennai,Working Professional,Google Ads,Free,2024-10-21,No,11
U01242,37,Delhi,Working Professional,Instagram Ads,Free,2024-07-27,No,21
U01243,32,Bangalore,Student,Referral,Premium,2024-06-05,Yes,43
U01244,32,Hyderabad,Student,Organic,Free,2024-03-15,Yes,33
U01245,48,Hyderabad,Working Professional,Influencer,Premium,2024-10-13,No,12
U01246,41,Bangalore,Working Professional,Influencer,Free,2024-08-18,Yes,37
U01247,39,Delhi,Working Professional,Instagram Ads,Premium,2025-07-30,No,7
U01248,31,Hyderabad,Working Professional,Instagram Ads,Free,2024-09-27,Yes,64
U01249,43,Hyderabad,Working Professional,Instagram Ads,Premium,2024-03-23,Yes,97
U01250,45,Delhi,Student,Referral,Free,2025-08-08,Yes,65
U01251,40,Mumbai,Student,Influencer,Free,2024-09-21,No,3
U01252,31,Delhi,Working Professional,Referral,Free,2024-09-25,No,11
U01253,41,Mumbai,Student,Referral,Premium,2024-10-27,No,21
U01254,19,Delhi,Student,Organic,Premium,2024-03-30,No,10
U01255,30,Mumbai,Student,Referral,Free,2024-12-25,Yes,49
U01256,43,Bangalore,Family,Referral,Free,2024-10-26,No,1
U01257,31,Bangalore,Working Professional,Organic,Free,2024-01-02,Yes,86
U01258,44,Bangalore,Student,Google Ads,Premium,2025-02-16,No,8
U01259,41,Pune,Student,Organic,Free,2024-06-24,Yes,43
U01260,36,Delhi,Working Professional,Instagram Ads,Free,2024-05-04,Yes,30
U01261,24,Delhi,Working Professional,Google Ads,Free,2025-12-27,No,24
U01262,20,Pune,Working Professional,Influencer,Free,2025-08-01,No,12
U01263,32,Delhi,Family,Referral,Free,2024-06-26,Yes,43
U01264,40,Chennai,Working Professional,Google Ads,Free,2024-01-05,No,21
U01265,31,Pune,Student,Influencer,Free,2025-12-14,No,7
U01266,28,Bangalore,Working Professional,Organic,Free,2024-04-26,No,9
U01267,32,Chennai,Family,Organic,Free,2025-03-06,No,22
U01268,45,Delhi,Working Professional,Instagram Ads,Premium,2025-01-24,No,19
U01269,30,Mumbai,Working Professional,Instagram Ads,Free,2025-04-23,No,7
U01270,35,Bangalore,Student,Google Ads,Free,2025-04-15,Yes,56
U01271,43,Mumbai,Working Professional,Referral,Free,2024-12-15,Yes,101
U01272,23,Chennai,Working Professional,Organic,Free,2024-03-24,Yes,57
U01273,20,Delhi,Family,Google Ads,Premium,2025-08-23,Yes,85
U01274,36,Bangalore,Working Professional,Google Ads,Free,2024-08-14,No,5
U01275,32,Bangalore,Working Professional,Google Ads,Free,2025-03-28,No,6
U01276,49,Bangalore,Student,Instagram Ads,Free,2025-03-22,Yes,31
U01277,42,Delhi,Student,Organic,Premium,2024-04-20,No,17
U01278,40,Mumbai,Working Professional,Instagram Ads,Free,2024-11-18,No,4
U01279,22,Pune,Student,Instagram Ads,Free,2025-06-07,No,10
U01280,45,Delhi,Working Professional,Google Ads,Free,2025-06-22,No,23
U01281,27,Pune,Student,Influencer,Free,2024-04-14,No,23
U01282,24,Bangalore,Working Professional,Influencer,Premium,2024-03-26,No,8
U01283,42,Hyderabad,Family,Influencer,Premium,2025-05-17,No,14
U01284,34,Hyderabad,Working Professional,Google Ads,Free,2025-05-20,No,11
U01285,24,Delhi,Student,Referral,Free,2024-06-04,No,6
U01286,39,Bangalore,Working Professional,Organic,Premium,2025-12-11,Yes,68
U01287,43,Pune,Family,Google Ads,Free,2025-05-10,No,15
U01288,47,Mumbai,Working Professional,Google Ads,Free,2025-01-20,No,23
U01289,29,Chennai,Student,Instagram Ads,Free,2025-10-10,No,28
U01290,42,Mumbai,Student,Influencer,Premium,2025-04-07,No,12
U01291,34,Delhi,Student,Google Ads,Free,2025-06-26,Yes,31
U01292,30,Mumbai,Student,Referral,Free,2025-11-06,No,21
U01293,37,Chennai,Family,Organic,Free,2024-04-22,No,26
U01294,42,Mumbai,Family,Referral,Free,2025-03-21,No,22
U01295,21,Pune,Student,Google Ads,Free,2024-10-13,No,10
U01296,27,Pune,Student,Google Ads,Free,2024-07-19,Yes,88
U01297,20,Mumbai,Student,Instagram Ads,Premium,2025-01-13,No,4
U01298,26,Delhi,Family,Referral,Free,2025-05-27,No,28
U01299,30,Hyderabad,Working Professional,Instagram Ads,Premium,2025-12-23,Yes,119
U01300,35,Mumbai,Working Professional,Referral,Free,2024-09-21,No,24
U01301,32,Hyderabad,Working Professional,Influencer,Free,2024-07-06,No,28
U01302,21,Mumbai,Working Professional,Influencer,Free,2024-12-22,No,8
U01303,32,Mumbai,Working Professional,Referral,Premium,2024-08-28,Yes,69
U01304,39,Hyderabad,Student,Instagram Ads,Premium,2024-07-11,No,3
U01305,19,Mumbai,Working Professional,Influencer,Free,2024-04-19,Yes,93
U01306,32,Mumbai,Working Professional,Google Ads,Free,2025-05-13,No,23
U01307,25,Mumbai,Student,Organic,Premium,2025-09-14,No,27
U01308,25,Mumbai,Student,Instagram Ads,Free,2024-03-05,Yes,119
U01309,34,Bangalore,Working Professional,Referral,Premium,2024-03-05,No,1
U01310,29,Pune,Working Professional,Organic,Premium,2024-11-12,No,19
U01311,36,Mumbai,Working Professional,Organic,Premium,2024-04-04,No,14
U01312,27,Bangalore,Family,Google Ads,Free,2025-04-03,No,3
U01313,26,Bangalore,Student,Instagram Ads,Premium,2025-12-09,No,22
U01314,22,Delhi,Student,Organic,Premium,2025-01-29,No,2
U01315,23,Delhi,Student,Instagram Ads,Premium,2024-07-14,No,4
U01316,37,Chennai,Working Professional,Google Ads,Free,2025-07-03,Yes,98
U01317,43,Hyderabad,Working Professional,Referral,Free,2024-02-08,No,6
U01318,49,Bangalore,Working Professional,Organic,Premium,2024-05-28,No,26
U01319,19,Bangalore,Student,Organic,Free,2025-01-10,No,9
U01320,44,Delhi,Working Professional,Organic,Premium,2025-11-06,No,10
U01321,41,Bangalore,Family,Instagram Ads,Free,2024-12-31,No,5
U01322,44,Bangalore,Family,Organic,Premium,2025-03-31,No,18
U01323,30,Bangalore,Family,Instagram Ads,Premium,2024-10-02,Yes,90
U01324,23,Mumbai,Working Professional,Influencer,Premium,2025-07-08,No,10
U01325,22,Delhi,Family,Influencer,Premium,2025-05-24,No,11
U01326,42,Delhi,Student,Instagram Ads,Free,2024-08-25,Yes,62
U01327,18,Chennai,Student,Influencer,Free,2025-02-08,No,8
U01328,38,Mumbai,Student,Google Ads,Free,2024-06-11,No,7
U01329,39,Mumbai,Working Professional,Google Ads,Premium,2024-11-15,No,14
U01330,38,Delhi,Family,Influencer,Free,2025-09-10,No,11
U01331,23,Delhi,Student,Referral,Premium,2025-09-08,No,8
U01332,23,Hyderabad,Working Professional,Instagram Ads,Free,2024-03-09,Yes,102
U01333,40,Bangalore,Working Professional,Influencer,Free,2024-04-18,Yes,73
U01334,33,Bangalore,Family,Instagram Ads,Free,2024-06-28,No,14
U01335,21,Delhi,Working Professional,Influencer,Premium,2024-05-11,No,5
U01336,47,Hyderabad,Family,Google Ads,Free,2025-06-02,Yes,41
U01337,28,Delhi,Student,Referral,Premium,2025-03-30,Yes,71
U01338,47,Delhi,Student,Instagram Ads,Premium,2025-02-11,Yes,38
U01339,47,Mumbai,Working Professional,Referral,Premium,2025-10-22,No,14
U01340,47,Mumbai,Working Professional,Google Ads,Premium,2024-07-03,No,2
U01341,48,Delhi,Student,Organic,Free,2025-04-01,No,24
U01342,41,Bangalore,Working Professional,Organic,Free,2025-05-19,Yes,48
U01343,40,Bangalore,Working Professional,Instagram Ads,Free,2025-10-29,No,18
U01344,26,Pune,Working Professional,Google Ads,Free,2025-05-24,No,2
U01345,40,Mumbai,Student,Instagram Ads,Premium,2024-10-16,No,25
U01346,20,Delhi,Working Professional,Instagram Ads,Premium,2024-09-01,No,22
U01347,36,Delhi,Working Professional,Instagram Ads,Free,2024-02-07,Yes,86
U01348,48,Chennai,Student,Referral,Free,2024-04-24,No,9
U01349,25,Bangalore,Working Professional,Influencer,Premium,2025-05-12,No,18
U01350,22,Hyderabad,Student,Google Ads,Free,2024-12-02,No,24
U01351,21,Delhi,Student,Referral,Free,2025-04-03,Yes,42
U01352,41,Bangalore,Working Professional,Influencer,Free,2024-04-28,Yes,56
U01353,48,Delhi,Student,Instagram Ads,Free,2025-10-05,Yes,69
U01354,23,Bangalore,Family,Organic,Free,2024-02-25,No,2
U01355,19,Chennai,Working Professional,Referral,Free,2025-02-27,No,21
U01356,37,Chennai,Family,Google Ads,Free,2024-04-29,No,19
U01357,45,Bangalore,Student,Google Ads,Premium,2024-02-19,Yes,46
U01358,28,Mumbai,Working Professional,Influencer,Free,2024-12-30,No,8
U01359,21,Chennai,Student,Referral,Free,2025-01-07,No,22
U01360,32,Bangalore,Family,Instagram Ads,Free,2024-12-27,No,13
U01361,23,Delhi,Working Professional,Influencer,Free,2024-03-22,No,6
U01362,39,Mumbai,Student,Google Ads,Free,2025-07-14,No,9
U01363,34,Delhi,Family,Referral,Premium,2024-02-17,No,14
U01364,47,Mumbai,Working Professional,Organic,Free,2025-10-07,No,2
U01365,41,Mumbai,Student,Instagram Ads,Free,2024-08-25,No,28
U01366,23,Bangalore,Working Professional,Google Ads,Premium,2025-01-16,No,7
U01367,36,Mumbai,Working Professional,Referral,Premium,2025-01-23,Yes,30
U01368,47,Delhi,Student,Organic,Free,2024-11-30,No,11
U01369,42,Bangalore,Working Professional,Google Ads,Free,2025-11-15,No,19
U01370,19,Pune,Student,Organic,Free,2025-10-18,No,19
U01371,32,Bangalore,Working Professional,Google Ads,Free,2024-07-05,Yes,62
U01372,28,Mumbai,Working Professional,Influencer,Free,2024-04-29,No,20
U01373,25,Chennai,Working Professional,Influencer,Premium,2025-11-26,No,13
U01374,43,Chennai,Working Professional,Influencer,Free,2024-12-22,No,15
U01375,36,Delhi,Student,Referral,Free,2024-12-28,No,21
U01376,30,Delhi,Student,Influencer,Free,2025-08-13,No,5
U01377,29,Hyderabad,Student,Referral,Premium,2024-06-11,No,26
U01378,22,Pune,Working Professional,Instagram Ads,Free,2024-01-08,No,1
U01379,23,Chennai,Working Professional,Influencer,Free,2025-09-02,Yes,47
U01380,43,Pune,Family,Referral,Free,2024-11-12,Yes,45
U01381,39,Bangalore,Student,Google Ads,Free,2024-01-27,No,22
U01382,21,Bangalore,Working Professional,Referral,Free,2024-10-02,No,27
U01383,36,Delhi,Working Professional,Referral,Free,2025-04-16,No,11
U01384,37,Delhi,Working Professional,Google Ads,Free,2025-12-16,No,15
U01385,18,Mumbai,Family,Referral,Premium,2025-11-02,Yes,89
U01386,37,Bangalore,Student,Google Ads,Free,2025-04-21,Yes,38
U01387,34,Bangalore,Student,Organic,Free,2024-06-26,No,18
U01388,29,Hyderabad,Working Professional,Influencer,Premium,2025-12-04,No,15
U01389,32,Delhi,Student,Instagram Ads,Free,2025-07-05,Yes,114
U01390,18,Bangalore,Student,Referral,Premium,2024-12-25,Yes,104
U01391,43,Delhi,Student,Google Ads,Premium,2024-08-23,No,17
U01392,31,Mumbai,Student,Influencer,Free,2024-02-02,No,18
U01393,49,Hyderabad,Working Professional,Referral,Free,2025-06-24,No,10
U01394,23,Hyderabad,Student,Influencer,Free,2025-06-28,Yes,109
U01395,22,Chennai,Working Professional,Organic,Free,2024-04-09,Yes,60
U01396,47,Delhi,Working Professional,Referral,Premium,2025-10-18,Yes,92
U01397,28,Mumbai,Working Professional,Google Ads,Premium,2024-11-25,No,27
U01398,48,Mumbai,Family,Organic,Free,2024-03-05,Yes,39
U01399,21,Mumbai,Student,Referral,Free,2024-05-01,No,25
U01400,30,Pune,Family,Influencer,Premium,2025-07-08,No,21
U01401,28,Hyderabad,Working Professional,Organic,Free,2025-12-21,Yes,101
U01402,20,Pune,Working Professional,Google Ads,Free,2025-04-20,No,9
U01403,18,Delhi,Working Professional,Referral,Free,2024-05-06,Yes,87
U01404,23,Pune,Working Professional,Influencer,Free,2024-07-04,No,15
U01405,35,Delhi,Family,Influencer,Premium,2024-03-31,Yes,51
U01406,41,Pune,Family,Organic,Premium,2025-07-08,No,23
U01407,27,Mumbai,Student,Referral,Free,2024-02-15,Yes,52
U01408,22,Mumbai,Student,Influencer,Free,2024-01-25,No,10
U01409,40,Bangalore,Working Professional,Organic,Premium,2025-12-07,No,16
U01410,27,Chennai,Family,Instagram Ads,Free,2024-12-14,Yes,83
U01411,29,Delhi,Student,Influencer,Free,2025-09-02,No,19
U01412,19,Mumbai,Working Professional,Organic,Premium,2025-03-10,No,26
U01413,30,Pune,Working Professional,Instagram Ads,Free,2024-11-25,Yes,39
U01414,25,Mumbai,Working Professional,Organic,Premium,2024-10-20,Yes,65
U01415,19,Delhi,Working Professional,Influencer,Free,2024-09-02,Yes,57
U01416,37,Mumbai,Working Professional,Instagram Ads,Free,2024-06-14,No,8
U01417,18,Mumbai,Family,Organic,Premium,2024-09-13,No,25
U01418,48,Chennai,Working Professional,Referral,Premium,2024-12-17,No,17
U01419,22,Hyderabad,Working Professional,Instagram Ads,Free,2024-07-07,No,28
U01420,26,Bangalore,Student,Organic,Free,2025-11-28,Yes,77
U01421,34,Chennai,Working Professional,Referral,Free,2025-11-24,No,3
U01422,26,Mumbai,Student,Instagram Ads,Premium,2024-10-01,Yes,89
U01423,28,Delhi,Student,Organic,Free,2024-02-03,No,8
U01424,32,Delhi,Working Professional,Influencer,Free,2025-12-19,No,21
U01425,41,Mumbai,Working Professional,Instagram Ads,Premium,2025-07-09,No,5
U01426,23,Delhi,Working Professional,Instagram Ads,Free,2025-05-04,Yes,34
U01427,40,Chennai,Student,Referral,Free,2025-05-13,No,15
U01428,20,Hyderabad,Working Professional,Organic,Free,2024-09-01,No,8
U01429,47,Delhi,Working Professional,Influencer,Premium,2024-09-10,No,13
U01430,48,Bangalore,Working Professional,Referral,Premium,2024-04-18,No,22
U01431,34,Hyderabad,Student,Instagram Ads,Free,2024-11-18,No,6
U01432,22,Chennai,Working Professional,Referral,Free,2024-04-23,No,23
U01433,47,Pune,Family,Referral,Free,2025-04-29,Yes,77
U01434,45,Bangalore,Student,Referral,Free,2024-10-04,Yes,84
U01435,29,Hyderabad,Student,Instagram Ads,Free,2024-01-29,No,9
U01436,35,Bangalore,Working Professional,Google Ads,Premium,2025-02-01,Yes,30
U01437,31,Bangalore,Working Professional,Referral,Premium,2024-08-09,No,24
U01438,38,Delhi,Working Professional,Google Ads,Free,2024-11-13,No,12
U01439,41,Delhi,Working Professional,Influencer,Free,2024-09-27,Yes,63
U01440,28,Bangalore,Working Professional,Influencer,Free,2025-02-01,No,13
U01441,26,Delhi,Working Professional,Influencer,Free,2025-03-26,Yes,96
U01442,19,Delhi,Student,Organic,Free,2025-08-31,Yes,53
U01443,29,Hyderabad,Student,Instagram Ads,Free,2024-12-08,No,12
U01444,20,Delhi,Working Professional,Google Ads,Free,2025-01-15,No,22
U01445,20,Bangalore,Student,Organic,Free,2025-01-10,No,4
U01446,18,Bangalore,Family,Google Ads,Free,2024-12-05,Yes,104
U01447,25,Chennai,Family,Instagram Ads,Premium,2024-01-07,No,2
U01448,49,Mumbai,Family,Referral,Free,2024-09-29,No,10
U01449,39,Delhi,Family,Organic,Free,2024-10-14,No,27
U01450,45,Bangalore,Working Professional,Instagram Ads,Free,2025-12-17,No,12
U01451,49,Pune,Family,Organic,Free,2024-07-02,No,4
U01452,46,Chennai,Student,Influencer,Free,2025-07-23,No,15
U01453,25,Mumbai,Student,Organic,Free,2025-09-14,No,14
U01454,28,Mumbai,Working Professional,Referral,Free,2024-07-04,No,13
U01455,26,Chennai,Student,Referral,Free,2025-10-04,Yes,96
U01456,22,Delhi,Family,Google Ads,Premium,2025-08-23,No,22
U01457,31,Bangalore,Working Professional,Organic,Premium,2025-04-24,No,27
U01458,45,Mumbai,Working Professional,Influencer,Free,2025-09-21,Yes,61
U01459,47,Delhi,Student,Referral,Free,2024-09-13,No,5
U01460,20,Mumbai,Working Professional,Google Ads,Free,2025-05-18,No,10
U01461,38,Delhi,Student,Influencer,Free,2024-04-19,No,10
U01462,22,Hyderabad,Family,Influencer,Free,2025-08-01,No,26
U01463,22,Chennai,Student,Influencer,Free,2024-05-27,No,17
U01464,36,Delhi,Working Professional,Instagram Ads,Free,2024-08-01,No,19
U01465,44,Pune,Student,Referral,Premium,2025-07-27,No,22
U01466,31,Delhi,Student,Instagram Ads,Premium,2025-07-21,No,23
U01467,43,Bangalore,Working Professional,Instagram Ads,Free,2025-03-12,Yes,73
U01468,47,Delhi,Student,Referral,Premium,2024-11-29,No,12
U01469,21,Chennai,Working Professional,Organic,Premium,2025-03-04,No,28
U01470,42,Hyderabad,Student,Google Ads,Free,2024-04-05,No,2
U01471,30,Bangalore,Student,Referral,Premium,2025-10-19,No,3
U01472,27,Pune,Working Professional,Google Ads,Free,2024-02-17,Yes,80
U01473,42,Bangalore,Student,Organic,Premium,2024-10-04,No,13
U01474,35,Chennai,Working Professional,Referral,Free,2024-07-21,Yes,58
U01475,25,Hyderabad,Family,Influencer,Free,2024-07-17,Yes,115
U01476,25,Chennai,Student,Referral,Free,2025-05-22,No,14
U01477,24,Bangalore,Student,Organic,Free,2024-11-24,No,13
U01478,25,Delhi,Student,Instagram Ads,Free,2024-05-03,No,7
U01479,31,Bangalore,Working Professional,Referral,Free,2024-07-18,Yes,97
U01480,49,Delhi,Working Professional,Influencer,Premium,2024-03-15,No,6
U01481,36,Bangalore,Working Professional,Referral,Free,2024-06-05,Yes,103
U01482,46,Mumbai,Working Professional,Instagram Ads,Free,2024-05-13,No,5
U01483,23,Bangalore,Student,Referral,Free,2024-11-07,No,13
U01484,18,Delhi,Working Professional,Influencer,Free,2024-04-29,Yes,91
U01485,40,Delhi,Working Professional,Organic,Premium,2024-01-12,No,17
U01486,48,Mumbai,Working Professional,Influencer,Premium,2025-09-11,Yes,103
U01487,32,Chennai,Family,Organic,Premium,2025-06-28,No,7
U01488,18,Mumbai,Working Professional,Influencer,Free,2024-04-29,No,14
U01489,42,Mumbai,Family,Google Ads,Free,2024-03-23,No,3
U01490,34,Hyderabad,Student,Referral,Free,2025-11-23,Yes,110
U01491,18,Bangalore,Student,Referral,Premium,2024-08-15,No,25
U01492,32,Mumbai,Student,Instagram Ads,Premium,2024-07-04,No,21
U01493,40,Mumbai,Working Professional,Google Ads,Free,2024-07-29,No,25
U01494,19,Delhi,Student,Instagram Ads,Free,2024-02-12,No,15
U01495,31,Chennai,Student,Referral,Free,2025-05-23,No,15
U01496,38,Delhi,Working Professional,Instagram Ads,Free,2024-03-13,No,25
U01497,25,Mumbai,Student,Organic,Free,2024-01-19,No,19
U01498,25,Delhi,Student,Google Ads,Free,2024-06-13,No,19
U01499,36,Delhi,Student,Influencer,Free,2024-09-23,No,13
U01500,24,Hyderabad,Family,Organic,Free,2025-03-15,Yes,71
U01501,36,Delhi,Student,Influencer,Free,2024-05-07,No,25
U01502,23,Delhi,Working Professional,Instagram Ads,Free,2025-03-28,No,19
U01503,23,Mumbai,Working Professional,Referral,Premium,2024-10-27,No,23
U01504,20,Delhi,Working Professional,Organic,Free,2024-11-13,No,19
U01505,24,Delhi,Student,Google Ads,Free,2025-10-15,Yes,68
U01506,36,Pune,Working Professional,Influencer,Free,2024-02-03,No,27
U01507,25,Hyderabad,Working Professional,Organic,Free,2024-04-07,Yes,93
U01508,27,Chennai,Working Professional,Referral,Premium,2024-07-28,No,16
U01509,49,Pune,Student,Google Ads,Free,2024-11-11,Yes,52
U01510,37,Hyderabad,Student,Google Ads,Free,2024-11-15,No,21
U01511,32,Delhi,Family,Influencer,Free,2025-12-10,Yes,82
U01512,32,Hyderabad,Working Professional,Organic,Free,2025-03-10,Yes,80
U01513,46,Pune,Working Professional,Organic,Free,2024-09-12,Yes,112
U01514,18,Hyderabad,Working Professional,Google Ads,Premium,2025-07-07,No,23
U01515,37,Bangalore,Family,Instagram Ads,Premium,2025-02-08,No,26
U01516,47,Delhi,Working Professional,Google Ads,Free,2025-09-07,No,17
U01517,24,Pune,Working Professional,Referral,Free,2025-03-29,No,13
U01518,44,Hyderabad,Family,Organic,Premium,2024-07-07,No,2
U01519,21,Chennai,Working Professional,Influencer,Free,2025-07-27,No,25
U01520,46,Delhi,Student,Organic,Free,2025-01-22,Yes,40
U01521,23,Delhi,Student,Google Ads,Premium,2024-05-22,No,27
U01522,42,Delhi,Working Professional,Referral,Premium,2024-08-09,Yes,57
U01523,18,Hyderabad,Family,Instagram Ads,Free,2025-03-15,No,24
U01524,46,Delhi,Working Professional,Organic,Premium,2025-06-15,No,18
U01525,22,Delhi,Working Professional,Google Ads,Premium,2024-10-06,No,19
U01526,44,Chennai,Working Professional,Google Ads,Premium,2024-09-04,No,24
U01527,40,Delhi,Working Professional,Google Ads,Premium,2024-04-25,No,16
U01528,18,Pune,Working Professional,Referral,Free,2025-02-08,Yes,110
U01529,47,Mumbai,Student,Google Ads,Free,2024-09-11,No,2
U01530,21,Pune,Family,Google Ads,Free,2024-10-23,Yes,65
U01531,39,Bangalore,Working Professional,Google Ads,Free,2025-06-08,Yes,107
U01532,19,Chennai,Working Professional,Organic,Free,2025-07-11,No,14
U01533,27,Chennai,Student,Google Ads,Free,2024-11-29,Yes,110
U01534,22,Delhi,Student,Referral,Free,2024-03-11,Yes,73
U01535,44,Delhi,Working Professional,Organic,Free,2024-02-28,No,21
U01536,27,Delhi,Working Professional,Google Ads,Free,2025-12-16,No,19
U01537,18,Bangalore,Working Professional,Instagram Ads,Free,2024-02-20,Yes,73
U01538,39,Pune,Working Professional,Referral,Free,2024-01-16,No,8
U01539,23,Mumbai,Working Professional,Instagram Ads,Premium,2025-05-18,No,6
U01540,30,Bangalore,Family,Referral,Free,2024-02-20,No,10
U01541,48,Delhi,Student,Instagram Ads,Premium,2024-05-07,No,11
U01542,32,Pune,Working Professional,Google Ads,Premium,2024-06-18,No,17
U01543,21,Chennai,Working Professional,Instagram Ads,Free,2025-08-02,No,11
U01544,30,Delhi,Working Professional,Instagram Ads,Free,2025-09-24,Yes,34
U01545,41,Mumbai,Working Professional,Referral,Free,2024-06-28,No,23
U01546,37,Delhi,Working Professional,Google Ads,Free,2024-11-23,No,13
U01547,41,Bangalore,Family,Referral,Free,2025-12-03,No,27
U01548,32,Bangalore,Student,Google Ads,Free,2024-10-27,No,24
U01549,46,Delhi,Working Professional,Influencer,Free,2024-09-07,Yes,47
U01550,25,Mumbai,Student,Organic,Free,2025-06-01,No,3
U01551,22,Mumbai,Student,Organic,Free,2024-09-18,Yes,116
U01552,46,Bangalore,Working Professional,Referral,Free,2024-03-31,No,2
U01553,32,Bangalore,Student,Google Ads,Free,2024-07-12,No,1
U01554,21,Delhi,Family,Instagram Ads,Free,2024-11-24,Yes,81
U01555,29,Hyderabad,Family,Organic,Free,2024-03-04,No,25
U01556,30,Hyderabad,Student,Referral,Free,2024-10-20,No,27
U01557,19,Mumbai,Working Professional,Referral,Free,2024-08-13,No,9
U01558,44,Delhi,Working Professional,Referral,Free,2025-03-20,No,21
U01559,48,Hyderabad,Family,Google Ads,Free,2024-11-29,No,1
U01560,36,Chennai,Working Professional,Referral,Free,2024-03-03,No,18
U01561,36,Delhi,Student,Influencer,Free,2025-05-11,Yes,41
U01562,21,Mumbai,Working Professional,Instagram Ads,Premium,2025-08-05,No,17
U01563,21,Delhi,Working Professional,Referral,Free,2025-06-15,No,16
U01564,43,Bangalore,Working Professional,Google Ads,Free,2025-04-03,No,6
U01565,28,Delhi,Family,Instagram Ads,Free,2024-11-28,Yes,37
U01566,44,Mumbai,Family,Instagram Ads,Premium,2024-09-01,No,14
U01567,22,Hyderabad,Working Professional,Organic,Premium,2024-03-04,No,17
U01568,37,Bangalore,Working Professional,Referral,Free,2024-09-22,No,26
U01569,28,Mumbai,Family,Referral,Free,2024-06-10,No,6
U01570,47,Mumbai,Student,Google Ads,Free,2024-02-14,No,11
U01571,27,Bangalore,Student,Influencer,Free,2024-01-25,Yes,40
U01572,25,Delhi,Student,Influencer,Free,2024-10-26,No,25
U01573,23,Delhi,Family,Organic,Premium,2024-08-12,Yes,54
U01574,23,Pune,Working Professional,Influencer,Free,2024-03-14,No,3
U01575,25,Delhi,Student,Google Ads,Premium,2024-04-25,No,26
U01576,40,Hyderabad,Family,Organic,Free,2024-05-31,No,8
U01577,32,Chennai,Working Professional,Referral,Free,2025-08-03,Yes,106
U01578,43,Delhi,Family,Influencer,Free,2025-12-14,Yes,58
U01579,31,Mumbai,Student,Google Ads,Free,2024-03-31,No,21
U01580,28,Bangalore,Working Professional,Google Ads,Free,2025-07-15,No,22
U01581,29,Pune,Working Professional,Referral,Free,2024-10-15,No,13
U01582,43,Chennai,Working Professional,Google Ads,Premium,2024-04-01,No,12
U01583,30,Hyderabad,Working Professional,Organic,Free,2025-01-21,Yes,117
U01584,25,Delhi,Family,Organic,Premium,2025-02-18,No,28
U01585,47,Bangalore,Working Professional,Instagram Ads,Free,2025-06-24,No,21
U01586,35,Mumbai,Family,Referral,Premium,2024-06-20,No,14
U01587,42,Mumbai,Student,Google Ads,Premium,2025-11-15,No,6
U01588,18,Delhi,Student,Influencer,Free,2025-01-06,No,27
U01589,32,Delhi,Student,Organic,Premium,2025-05-12,No,2
U01590,25,Hyderabad,Working Professional,Referral,Premium,2024-08-23,No,15
U01591,45,Mumbai,Working Professional,Referral,Free,2024-02-11,Yes,37
U01592,28,Mumbai,Family,Organic,Free,2024-05-28,No,25
U01593,29,Mumbai,Working Professional,Instagram Ads,Premium,2025-12-25,No,23
U01594,29,Pune,Working Professional,Referral,Free,2025-11-17,No,22
U01595,21,Hyderabad,Working Professional,Google Ads,Free,2025-09-02,Yes,116
U01596,33,Delhi,Student,Influencer,Free,2025-04-22,Yes,59
U01597,21,Delhi,Student,Influencer,Free,2024-04-29,No,4
U01598,22,Delhi,Working Professional,Organic,Premium,2025-06-12,No,26
U01599,41,Chennai,Working Professional,Referral,Free,2025-06-24,Yes,102
U01600,22,Bangalore,Working Professional,Influencer,Premium,2024-02-17,Yes,72
U01601,25,Bangalore,Working Professional,Referral,Premium,2025-01-20,No,7
U01602,48,Bangalore,Working Professional,Organic,Free,2024-05-07,No,15
U01603,27,Mumbai,Working Professional,Instagram Ads,Free,2025-05-16,No,20
U01604,34,Pune,Family,Influencer,Free,2025-03-22,Yes,67
U01605,45,Bangalore,Student,Google Ads,Free,2025-08-02,Yes,77
U01606,48,Delhi,Working Professional,Organic,Free,2024-02-08,No,10
U01607,43,Delhi,Working Professional,Instagram Ads,Premium,2025-04-17,No,24
U01608,26,Bangalore,Family,Google Ads,Premium,2024-05-12,Yes,115
U01609,39,Chennai,Student,Google Ads,Free,2024-04-28,No,2
U01610,36,Mumbai,Working Professional,Influencer,Premium,2024-11-19,No,7
U01611,46,Pune,Student,Referral,Free,2024-02-21,No,24
U01612,31,Hyderabad,Working Professional,Organic,Free,2024-05-15,Yes,46
U01613,25,Delhi,Student,Google Ads,Free,2025-02-07,Yes,118
U01614,26,Delhi,Student,Influencer,Free,2024-06-17,Yes,82
U01615,39,Delhi,Working Professional,Instagram Ads,Free,2025-08-04,No,8
U01616,28,Hyderabad,Student,Google Ads,Free,2025-07-01,Yes,54
U01617,40,Delhi,Student,Instagram Ads,Premium,2025-05-31,No,26
U01618,18,Mumbai,Student,Organic,Premium,2024-12-25,No,15
U01619,31,Bangalore,Student,Influencer,Free,2025-10-21,Yes,39
U01620,22,Hyderabad,Family,Instagram Ads,Premium,2024-08-24,Yes,102
U01621,38,Delhi,Working Professional,Referral,Free,2024-03-08,No,23
U01622,43,Mumbai,Family,Instagram Ads,Premium,2024-05-29,No,10
U01623,31,Mumbai,Working Professional,Instagram Ads,Premium,2025-04-25,No,25
U01624,21,Bangalore,Family,Influencer,Premium,2025-02-18,No,21
U01625,39,Pune,Working Professional,Influencer,Free,2024-08-08,No,28
U01626,40,Delhi,Working Professional,Google Ads,Premium,2024-09-17,Yes,49
U01627,42,Pune,Working Professional,Instagram Ads,Premium,2024-09-22,No,17
U01628,18,Hyderabad,Working Professional,Instagram Ads,Free,2025-04-03,No,26
U01629,48,Bangalore,Working Professional,Influencer,Free,2025-09-17,Yes,108
U01630,39,Hyderabad,Student,Referral,Free,2025-11-07,Yes,68
U01631,40,Mumbai,Student,Influencer,Free,2024-02-25,Yes,50
U01632,36,Delhi,Working Professional,Referral,Premium,2025-02-11,No,2
U01633,25,Bangalore,Working Professional,Influencer,Premium,2025-04-13,No,5
U01634,32,Bangalore,Student,Organic,Free,2024-08-30,Yes,99
U01635,38,Bangalore,Working Professional,Instagram Ads,Free,2025-05-28,No,12
U01636,32,Mumbai,Working Professional,Referral,Free,2025-10-16,No,13
U01637,26,Chennai,Family,Organic,Premium,2024-06-17,No,16
U01638,38,Bangalore,Student,Referral,Free,2025-07-28,No,27
U01639,26,Delhi,Student,Google Ads,Free,2025-03-08,Yes,40
U01640,27,Mumbai,Family,Google Ads,Free,2025-10-27,No,3
U01641,37,Hyderabad,Working Professional,Instagram Ads,Premium,2025-07-31,Yes,39
U01642,42,Hyderabad,Student,Organic,Free,2024-10-11,Yes,73
U01643,38,Mumbai,Family,Organic,Premium,2025-03-29,No,10
U01644,43,Pune,Working Professional,Google Ads,Premium,2024-07-06,No,14
U01645,26,Delhi,Working Professional,Instagram Ads,Free,2025-12-05,Yes,88
U01646,20,Mumbai,Family,Google Ads,Premium,2024-10-22,No,19
U01647,48,Pune,Family,Organic,Free,2025-06-06,Yes,41
U01648,37,Pune,Working Professional,Referral,Free,2025-11-22,Yes,115
U01649,42,Hyderabad,Student,Organic,Free,2025-01-16,Yes,94
U01650,43,Pune,Student,Instagram Ads,Free,2024-12-08,No,17
U01651,28,Delhi,Student,Organic,Premium,2025-08-24,No,7
U01652,23,Pune,Student,Influencer,Premium,2024-08-10,No,4
U01653,19,Mumbai,Working Professional,Organic,Free,2024-11-30,Yes,46
U01654,24,Delhi,Family,Influencer,Free,2025-04-01,Yes,82
U01655,35,Delhi,Family,Google Ads,Free,2025-03-23,No,4
U01656,44,Mumbai,Working Professional,Influencer,Free,2025-09-06,No,16
U01657,19,Delhi,Working Professional,Organic,Free,2024-12-02,No,27
U01658,44,Mumbai,Student,Organic,Premium,2024-12-20,No,23
U01659,34,Delhi,Student,Organic,Free,2024-12-21,Yes,87
U01660,49,Mumbai,Student,Instagram Ads,Free,2024-08-19,Yes,100
U01661,28,Bangalore,Working Professional,Google Ads,Free,2024-09-23,No,11
U01662,44,Mumbai,Student,Influencer,Free,2024-07-08,No,19
U01663,29,Mumbai,Family,Referral,Premium,2024-02-17,Yes,99
U01664,44,Hyderabad,Working Professional,Influencer,Free,2024-10-10,Yes,81
U01665,36,Pune,Student,Organic,Free,2024-02-24,No,12
U01666,39,Hyderabad,Student,Referral,Premium,2024-12-04,No,19
U01667,41,Mumbai,Working Professional,Referral,Free,2024-04-28,No,10
U01668,42,Hyderabad,Family,Influencer,Premium,2024-01-02,No,8
U01669,24,Delhi,Working Professional,Influencer,Free,2024-08-11,Yes,98
U01670,37,Delhi,Student,Influencer,Free,2024-07-21,No,17
U01671,23,Mumbai,Working Professional,Influencer,Free,2025-10-17,Yes,103
U01672,38,Pune,Student,Google Ads,Free,2024-01-11,No,8
U01673,41,Delhi,Family,Instagram Ads,Premium,2024-09-15,No,9
U01674,18,Delhi,Working Professional,Instagram Ads,Premium,2024-10-24,No,24
U01675,34,Delhi,Working Professional,Influencer,Free,2025-10-30,Yes,81
U01676,46,Pune,Working Professional,Instagram Ads,Free,2024-07-15,Yes,111
U01677,48,Bangalore,Working Professional,Influencer,Free,2025-08-26,Yes,74
U01678,28,Delhi,Student,Influencer,Free,2025-02-18,Yes,82
U01679,39,Bangalore,Student,Influencer,Free,2024-11-28,No,22
U01680,43,Bangalore,Working Professional,Google Ads,Free,2024-06-01,No,8
U01681,45,Bangalore,Family,Organic,Free,2025-01-10,Yes,47
U01682,35,Delhi,Working Professional,Instagram Ads,Free,2024-05-13,No,2
U01683,38,Pune,Student,Instagram Ads,Free,2024-04-25,No,1
U01684,34,Mumbai,Family,Google Ads,Free,2024-03-07,No,8
U01685,24,Hyderabad,Student,Google Ads,Free,2025-10-23,Yes,118
U01686,34,Delhi,Student,Influencer,Free,2024-09-12,No,6
U01687,37,Mumbai,Student,Influencer,Free,2025-07-06,No,28
U01688,26,Mumbai,Working Professional,Organic,Free,2025-11-23,Yes,104
U01689,34,Bangalore,Working Professional,Instagram Ads,Premium,2024-07-06,No,3
U01690,37,Delhi,Working Professional,Google Ads,Free,2024-02-08,No,14
U01691,39,Hyderabad,Working Professional,Organic,Free,2025-04-24,Yes,91
U01692,39,Delhi,Student,Instagram Ads,Free,2024-11-22,No,5
U01693,45,Bangalore,Working Professional,Organic,Free,2025-12-29,Yes,118
U01694,48,Pune,Student,Organic,Free,2024-05-09,Yes,103
U01695,46,Bangalore,Working Professional,Influencer,Free,2025-09-17,No,20
U01696,25,Hyderabad,Working Professional,Organic,Free,2024-03-03,Yes,70
U01697,34,Bangalore,Working Professional,Influencer,Premium,2024-04-06,No,21
U01698,24,Mumbai,Working Professional,Instagram Ads,Free,2025-02-15,Yes,63
U01699,18,Pune,Working Professional,Instagram Ads,Premium,2025-06-13,No,5
U01700,49,Mumbai,Student,Influencer,Premium,2025-03-21,No,10
U01701,30,Bangalore,Family,Referral,Premium,2025-12-17,No,13
U01702,47,Hyderabad,Student,Organic,Free,2025-12-25,Yes,108
U01703,40,Mumbai,Student,Instagram Ads,Premium,2025-08-31,No,8
U01704,36,Mumbai,Working Professional,Organic,Free,2024-08-23,No,2
U01705,44,Mumbai,Working Professional,Referral,Free,2025-11-10,No,2
U01706,41,Pune,Student,Organic,Free,2025-07-25,No,22
U01707,36,Chennai,Family,Referral,Premium,2024-03-25,No,19
U01708,47,Bangalore,Family,Google Ads,Premium,2024-12-20,Yes,52
U01709,49,Bangalore,Working Professional,Referral,Free,2025-02-05,No,15
U01710,47,Chennai,Working Professional,Instagram Ads,Free,2024-06-14,Yes,103
U01711,46,Delhi,Working Professional,Influencer,Premium,2024-08-15,No,16
U01712,34,Delhi,Student,Influencer,Free,2025-01-01,No,10
U01713,30,Hyderabad,Working Professional,Organic,Premium,2025-02-13,Yes,66
U01714,46,Pune,Family,Google Ads,Free,2024-02-29,No,26
U01715,47,Pune,Family,Organic,Premium,2024-06-12,No,20
U01716,33,Mumbai,Family,Referral,Free,2024-08-17,No,27
U01717,25,Delhi,Student,Influencer,Free,2025-08-16,Yes,34
U01718,36,Mumbai,Student,Referral,Free,2024-06-05,Yes,40
U01719,35,Delhi,Student,Influencer,Free,2025-12-03,Yes,109
U01720,18,Mumbai,Working Professional,Influencer,Premium,2025-01-08,No,9
U01721,31,Hyderabad,Student,Influencer,Free,2024-08-29,Yes,57
U01722,36,Delhi,Working Professional,Instagram Ads,Free,2024-06-16,Yes,58
U01723,32,Pune,Working Professional,Referral,Premium,2024-04-30,No,7
U01724,35,Mumbai,Working Professional,Organic,Premium,2024-01-02,No,25
U01725,19,Bangalore,Working Professional,Google Ads,Free,2024-04-27,No,25
U01726,39,Delhi,Family,Organic,Premium,2025-10-09,No,6
U01727,45,Mumbai,Student,Referral,Free,2025-09-30,No,1
U01728,34,Delhi,Student,Google Ads,Free,2025-05-21,Yes,80
U01729,35,Chennai,Working Professional,Organic,Free,2025-01-08,No,26
U01730,47,Pune,Working Professional,Google Ads,Premium,2024-04-17,No,18
U01731,23,Mumbai,Working Professional,Referral,Free,2024-10-25,Yes,112
U01732,36,Delhi,Student,Influencer,Premium,2025-03-08,No,5
U01733,48,Chennai,Student,Referral,Premium,2024-04-21,No,26
U01734,21,Mumbai,Working Professional,Instagram Ads,Free,2025-02-09,Yes,31
U01735,18,Delhi,Family,Google Ads,Free,2025-05-14,No,18
U01736,25,Bangalore,Family,Referral,Premium,2025-11-05,No,15
U01737,46,Chennai,Working Professional,Influencer,Premium,2024-01-19,No,15
U01738,40,Delhi,Working Professional,Influencer,Free,2024-01-20,No,6
U01739,24,Delhi,Family,Referral,Free,2025-07-14,Yes,48
U01740,20,Chennai,Working Professional,Organic,Free,2025-05-20,No,13
U01741,49,Delhi,Working Professional,Referral,Free,2024-06-02,No,12
U01742,27,Delhi,Family,Influencer,Free,2025-05-29,No,26
U01743,27,Bangalore,Working Professional,Referral,Free,2025-04-22,Yes,99
U01744,36,Pune,Family,Instagram Ads,Free,2025-01-18,Yes,94
U01745,31,Mumbai,Student,Organic,Free,2025-11-11,No,26
U01746,19,Chennai,Working Professional,Referral,Premium,2024-07-16,No,27
U01747,45,Bangalore,Family,Influencer,Free,2024-06-27,No,22
U01748,18,Delhi,Student,Referral,Free,2025-09-06,Yes,32
U01749,40,Chennai,Working Professional,Referral,Premium,2025-06-11,No,11
U01750,40,Mumbai,Student,Google Ads,Free,2024-02-16,Yes,101
U01751,45,Mumbai,Family,Referral,Free,2025-07-11,Yes,116
U01752,49,Bangalore,Working Professional,Instagram Ads,Free,2025-09-03,Yes,57
U01753,35,Mumbai,Student,Influencer,Free,2024-07-01,Yes,62
U01754,24,Delhi,Working Professional,Google Ads,Free,2024-12-19,No,9
U01755,46,Delhi,Working Professional,Referral,Free,2025-05-01,No,14
U01756,25,Mumbai,Working Professional,Organic,Premium,2024-08-03,Yes,94
U01757,18,Pune,Working Professional,Instagram Ads,Premium,2025-02-26,No,1
U01758,42,Bangalore,Family,Instagram Ads,Premium,2025-10-07,No,11
U01759,40,Chennai,Working Professional,Instagram Ads,Free,2024-01-09,Yes,57
U01760,20,Mumbai,Working Professional,Google Ads,Premium,2024-07-31,No,22
U01761,41,Mumbai,Student,Referral,Premium,2024-05-18,No,2
U01762,40,Delhi,Family,Instagram Ads,Free,2024-11-16,No,10
U01763,44,Delhi,Student,Referral,Free,2024-03-31,Yes,47
U01764,48,Mumbai,Working Professional,Organic,Free,2024-11-10,No,25
U01765,46,Hyderabad,Family,Referral,Free,2024-04-21,Yes,100
U01766,25,Chennai,Student,Referral,Free,2024-04-22,Yes,88
U01767,39,Chennai,Working Professional,Referral,Free,2025-12-10,No,11
U01768,42,Delhi,Student,Influencer,Free,2025-01-08,No,18
U01769,32,Pune,Working Professional,Google Ads,Free,2024-09-19,No,14
U01770,22,Mumbai,Working Professional,Referral,Free,2025-01-02,Yes,90
U01771,20,Delhi,Family,Instagram Ads,Premium,2025-01-12,No,8
U01772,36,Pune,Family,Influencer,Free,2025-11-04,Yes,46
U01773,18,Bangalore,Working Professional,Referral,Free,2025-08-18,Yes,112
U01774,45,Delhi,Working Professional,Influencer,Free,2025-07-10,Yes,98
U01775,32,Mumbai,Working Professional,Google Ads,Free,2024-02-14,Yes,84
U01776,25,Mumbai,Working Professional,Influencer,Free,2024-09-27,Yes,42
U01777,19,Hyderabad,Working Professional,Instagram Ads,Free,2025-05-09,Yes,105
U01778,20,Mumbai,Family,Referral,Free,2025-12-22,No,24
U01779,49,Chennai,Working Professional,Instagram Ads,Free,2025-11-16,No,9
U01780,41,Delhi,Student,Organic,Premium,2024-09-03,Yes,69
U01781,31,Mumbai,Working Professional,Influencer,Free,2024-06-22,Yes,44
U01782,49,Mumbai,Working Professional,Influencer,Free,2024-02-05,Yes,57
U01783,41,Bangalore,Student,Influencer,Free,2024-10-28,No,2
U01784,31,Mumbai,Working Professional,Google Ads,Free,2024-06-06,No,13
U01785,28,Hyderabad,Working Professional,Instagram Ads,Premium,2025-10-12,No,17
U01786,33,Pune,Working Professional,Organic,Free,2024-02-02,No,26
U01787,21,Chennai,Working Professional,Google Ads,Premium,2025-01-16,No,25
U01788,37,Pune,Working Professional,Google Ads,Free,2025-02-27,No,14
U01789,22,Pune,Family,Referral,Free,2025-11-13,No,11
U01790,39,Bangalore,Family,Organic,Free,2025-09-13,Yes,49
U01791,38,Pune,Working Professional,Influencer,Premium,2025-11-09,No,26
U01792,31,Mumbai,Student,Influencer,Free,2025-09-28,Yes,69
U01793,48,Mumbai,Family,Referral,Free,2025-12-26,No,3
U01794,40,Mumbai,Working Professional,Influencer,Free,2024-10-21,No,11
U01795,33,Mumbai,Student,Instagram Ads,Free,2025-11-23,No,3
U01796,35,Mumbai,Student,Influencer,Free,2025-08-17,No,1
U01797,24,Chennai,Student,Instagram Ads,Free,2025-02-18,No,19
U01798,27,Mumbai,Student,Referral,Free,2024-11-14,No,14
U01799,24,Delhi,Student,Referral,Free,2024-01-25,No,28
U01800,18,Bangalore,Family,Instagram Ads,Free,2025-07-06,No,17
U01801,40,Delhi,Working Professional,Influencer,Free,2025-03-09,No,19
U01802,38,Delhi,Working Professional,Referral,Premium,2024-02-28,No,19
U01803,36,Delhi,Family,Referral,Free,2024-06-25,Yes,97
U01804,33,Mumbai,Working Professional,Instagram Ads,Premium,2025-06-25,No,21
U01805,46,Mumbai,Family,Referral,Premium,2024-02-14,No,19
U01806,36,Hyderabad,Family,Influencer,Free,2025-03-27,No,26
U01807,21,Hyderabad,Working Professional,Referral,Free,2024-11-04,No,19
U01808,46,Mumbai,Family,Instagram Ads,Premium,2024-06-02,No,1
U01809,45,Mumbai,Working Professional,Influencer,Free,2025-07-05,No,25
U01810,35,Mumbai,Student,Organic,Free,2024-05-19,No,11
U01811,19,Hyderabad,Working Professional,Instagram Ads,Free,2025-08-04,Yes,41
U01812,18,Delhi,Working Professional,Organic,Free,2025-01-19,No,23
U01813,32,Delhi,Family,Referral,Premium,2025-10-09,No,7
U01814,22,Hyderabad,Working Professional,Influencer,Premium,2025-09-15,No,8
U01815,37,Mumbai,Working Professional,Referral,Premium,2024-02-02,No,7
U01816,28,Delhi,Student,Influencer,Premium,2025-12-08,Yes,102
U01817,27,Delhi,Student,Google Ads,Free,2025-01-05,No,26
U01818,48,Chennai,Student,Referral,Free,2024-06-26,No,16
U01819,19,Pune,Working Professional,Referral,Free,2024-12-25,No,22
U01820,20,Hyderabad,Family,Referral,Free,2025-10-07,Yes,91
U01821,40,Mumbai,Student,Instagram Ads,Free,2025-12-03,Yes,47
U01822,40,Bangalore,Working Professional,Influencer,Free,2025-03-11,Yes,50
U01823,29,Chennai,Student,Influencer,Free,2024-01-06,No,4
U01824,37,Chennai,Student,Influencer,Free,2025-11-21,Yes,64
U01825,22,Delhi,Working Professional,Instagram Ads,Premium,2025-09-09,No,4
U01826,22,Pune,Student,Influencer,Premium,2024-08-18,No,19
U01827,23,Delhi,Working Professional,Referral,Free,2025-02-04,No,27
U01828,49,Delhi,Student,Organic,Free,2025-12-27,Yes,83
U01829,47,Bangalore,Student,Google Ads,Free,2025-09-08,Yes,106
U01830,26,Mumbai,Working Professional,Influencer,Free,2024-01-23,No,16
U01831,19,Chennai,Working Professional,Instagram Ads,Free,2024-06-09,Yes,44
U01832,38,Delhi,Student,Instagram Ads,Premium,2024-07-12,No,24
U01833,29,Bangalore,Working Professional,Influencer,Free,2024-09-22,No,7
U01834,20,Chennai,Family,Organic,Free,2024-03-23,No,13
U01835,37,Chennai,Working Professional,Influencer,Free,2024-06-16,No,3
U01836,43,Delhi,Student,Instagram Ads,Free,2025-10-16,No,21
U01837,39,Mumbai,Working Professional,Google Ads,Free,2025-07-08,No,18
U01838,29,Bangalore,Working Professional,Organic,Free,2024-12-09,No,17
U01839,41,Delhi,Student,Influencer,Free,2024-01-12,No,3
U01840,34,Chennai,Family,Google Ads,Free,2025-06-17,Yes,69
U01841,27,Chennai,Family,Influencer,Free,2025-06-13,No,4
U01842,47,Delhi,Family,Organic,Premium,2025-03-25,No,11
U01843,41,Delhi,Family,Instagram Ads,Free,2025-07-27,No,18
U01844,44,Delhi,Working Professional,Organic,Premium,2025-12-01,No,19
U01845,31,Chennai,Working Professional,Referral,Free,2025-08-13,Yes,55
U01846,40,Delhi,Working Professional,Influencer,Premium,2025-05-04,No,13
U01847,49,Mumbai,Family,Google Ads,Free,2024-06-15,Yes,59
U01848,49,Mumbai,Working Professional,Google Ads,Free,2025-10-23,No,18
U01849,34,Bangalore,Student,Organic,Free,2025-04-09,Yes,66
U01850,35,Delhi,Working Professional,Organic,Free,2025-09-08,No,1
U01851,36,Delhi,Family,Organic,Free,2024-01-07,Yes,103
U01852,34,Chennai,Student,Google Ads,Premium,2024-06-11,No,25
U01853,31,Chennai,Working Professional,Instagram Ads,Free,2024-07-13,No,17
U01854,26,Hyderabad,Family,Google Ads,Free,2024-11-14,No,3
U01855,25,Delhi,Working Professional,Instagram Ads,Free,2024-05-09,Yes,64
U01856,19,Mumbai,Family,Organic,Free,2024-04-18,Yes,98
U01857,30,Bangalore,Working Professional,Referral,Premium,2024-08-06,No,7
U01858,42,Delhi,Student,Google Ads,Free,2025-05-20,No,23
U01859,24,Chennai,Family,Organic,Free,2025-03-04,Yes,40
U01860,26,Bangalore,Student,Google Ads,Premium,2025-10-03,No,15
U01861,39,Delhi,Working Professional,Organic,Free,2024-08-31,No,7
U01862,39,Chennai,Student,Google Ads,Free,2025-03-13,No,7
U01863,28,Chennai,Student,Influencer,Premium,2024-11-02,Yes,46
U01864,31,Delhi,Working Professional,Google Ads,Free,2025-08-19,No,9
U01865,21,Bangalore,Working Professional,Influencer,Free,2024-09-11,Yes,60
U01866,43,Mumbai,Working Professional,Instagram Ads,Free,2024-11-22,Yes,35
U01867,43,Mumbai,Family,Google Ads,Free,2025-02-12,No,10
U01868,46,Delhi,Student,Instagram Ads,Free,2024-01-01,Yes,71
U01869,30,Bangalore,Student,Referral,Free,2024-07-12,Yes,79
U01870,19,Chennai,Working Professional,Influencer,Free,2024-12-29,Yes,56
U01871,40,Bangalore,Working Professional,Google Ads,Free,2024-05-01,No,26
U01872,22,Delhi,Family,Instagram Ads,Free,2024-12-29,No,8
U01873,28,Bangalore,Student,Organic,Free,2024-01-04,No,13
U01874,23,Mumbai,Family,Instagram Ads,Free,2024-05-28,Yes,94
U01875,35,Pune,Working Professional,Google Ads,Premium,2024-03-01,No,14
U01876,49,Mumbai,Working Professional,Referral,Free,2024-04-26,No,22
U01877,38,Delhi,Student,Influencer,Free,2025-11-14,Yes,80
U01878,27,Delhi,Working Professional,Organic,Free,2024-08-25,No,25
U01879,21,Hyderabad,Student,Instagram Ads,Free,2024-05-17,No,18
U01880,26,Delhi,Student,Google Ads,Free,2025-12-30,Yes,110
U01881,23,Hyderabad,Working Professional,Google Ads,Free,2025-04-02,No,2
U01882,19,Delhi,Family,Influencer,Premium,2025-04-29,No,23
U01883,34,Mumbai,Working Professional,Organic,Free,2024-03-22,Yes,70
U01884,22,Mumbai,Working Professional,Instagram Ads,Free,2025-12-14,No,9
U01885,42,Chennai,Working Professional,Instagram Ads,Free,2025-08-09,No,10
U01886,23,Chennai,Working Professional,Instagram Ads,Free,2024-02-16,Yes,94
U01887,43,Delhi,Family,Influencer,Premium,2024-12-09,Yes,70
U01888,29,Mumbai,Working Professional,Influencer,Free,2024-12-04,No,24
U01889,40,Delhi,Student,Organic,Free,2024-08-23,Yes,88
U01890,38,Bangalore,Student,Instagram Ads,Free,2025-04-08,No,10
U01891,27,Mumbai,Working Professional,Instagram Ads,Free,2025-10-24,No,19
U01892,39,Chennai,Working Professional,Organic,Free,2025-01-10,No,1
U01893,38,Chennai,Student,Organic,Premium,2024-05-02,No,24
U01894,44,Mumbai,Family,Organic,Premium,2024-09-02,No,14
U01895,42,Mumbai,Working Professional,Google Ads,Premium,2024-09-10,No,9
U01896,48,Pune,Working Professional,Organic,Free,2025-07-19,Yes,52
U01897,23,Pune,Student,Referral,Premium,2025-11-29,No,12
U01898,44,Delhi,Working Professional,Influencer,Free,2024-10-07,Yes,64
U01899,25,Mumbai,Family,Organic,Free,2024-03-07,No,18
U01900,19,Mumbai,Family,Google Ads,Free,2025-10-14,No,17
U01901,29,Delhi,Student,Referral,Free,2025-06-16,No,20
U01902,30,Delhi,Student,Google Ads,Free,2025-06-17,Yes,36
U01903,42,Delhi,Working Professional,Google Ads,Free,2024-06-23,Yes,48
U01904,38,Bangalore,Working Professional,Google Ads,Free,2024-07-09,No,1
U01905,24,Delhi,Working Professional,Google Ads,Free,2024-10-11,No,4
U01906,27,Delhi,Family,Instagram Ads,Free,2024-10-31,No,12
U01907,30,Delhi,Working Professional,Influencer,Free,2025-02-10,Yes,91
U01908,34,Pune,Student,Instagram Ads,Free,2024-11-27,No,5
U01909,43,Pune,Family,Referral,Free,2024-10-31,Yes,82
U01910,38,Mumbai,Student,Instagram Ads,Free,2025-10-30,Yes,40
U01911,45,Mumbai,Family,Referral,Free,2025-07-04,Yes,101
U01912,47,Chennai,Working Professional,Organic,Free,2024-12-02,No,13
U01913,43,Delhi,Family,Referral,Free,2024-01-30,No,1
U01914,31,Delhi,Student,Instagram Ads,Free,2025-03-15,Yes,42
U01915,49,Mumbai,Student,Instagram Ads,Free,2024-09-14,No,1
U01916,19,Delhi,Working Professional,Referral,Free,2025-07-16,No,20
U01917,45,Mumbai,Working Professional,Instagram Ads,Premium,2024-08-21,No,7
U01918,39,Chennai,Student,Referral,Premium,2024-01-26,No,19
U01919,28,Bangalore,Family,Google Ads,Free,2025-06-06,Yes,72
U01920,18,Mumbai,Family,Influencer,Premium,2025-01-18,No,3
U01921,36,Chennai,Working Professional,Referral,Free,2025-06-19,Yes,45
U01922,38,Delhi,Student,Google Ads,Premium,2025-01-27,No,18
U01923,21,Delhi,Working Professional,Google Ads,Premium,2025-04-06,No,21
U01924,36,Bangalore,Working Professional,Google Ads,Free,2025-12-28,Yes,107
U01925,43,Bangalore,Working Professional,Google Ads,Free,2024-05-17,Yes,92
U01926,46,Delhi,Family,Referral,Free,2024-04-19,No,25
U01927,38,Mumbai,Student,Instagram Ads,Premium,2025-04-19,No,21
U01928,28,Bangalore,Student,Google Ads,Free,2024-11-23,No,6
U01929,25,Hyderabad,Student,Organic,Free,2024-07-24,No,28
U01930,28,Bangalore,Working Professional,Google Ads,Free,2024-03-11,Yes,84
U01931,49,Mumbai,Working Professional,Instagram Ads,Premium,2024-07-28,No,14
U01932,21,Delhi,Student,Instagram Ads,Free,2024-07-03,No,26
U01933,34,Mumbai,Student,Influencer,Free,2025-08-24,No,7
U01934,44,Delhi,Student,Influencer,Free,2025-01-17,No,26
U01935,24,Chennai,Student,Google Ads,Free,2025-02-02,No,11
U01936,25,Mumbai,Working Professional,Google Ads,Free,2025-06-28,No,21
U01937,20,Mumbai,Student,Influencer,Free,2025-10-20,Yes,108
U01938,39,Hyderabad,Student,Google Ads,Premium,2025-11-12,No,13
U01939,19,Mumbai,Family,Organic,Free,2025-12-26,No,13
U01940,40,Mumbai,Working Professional,Referral,Premium,2024-11-09,No,27
U01941,32,Pune,Working Professional,Influencer,Free,2024-08-15,Yes,104
U01942,41,Pune,Student,Influencer,Free,2025-10-19,No,2
U01943,39,Bangalore,Working Professional,Instagram Ads,Free,2024-05-25,Yes,95
U01944,39,Delhi,Working Professional,Google Ads,Free,2024-01-22,No,4
U01945,22,Bangalore,Student,Influencer,Free,2025-08-23,No,14
U01946,41,Hyderabad,Student,Influencer,Free,2025-11-22,No,5
U01947,18,Delhi,Family,Organic,Free,2024-10-26,Yes,99
U01948,43,Delhi,Family,Google Ads,Premium,2024-09-21,Yes,35
U01949,21,Pune,Student,Referral,Free,2024-02-19,No,20
U01950,32,Delhi,Student,Organic,Free,2025-01-09,Yes,33
U01951,37,Hyderabad,Family,Referral,Premium,2024-03-01,No,20
U01952,36,Mumbai,Student,Instagram Ads,Free,2024-01-19,Yes,105
U01953,20,Mumbai,Working Professional,Influencer,Premium,2024-11-03,No,5
U01954,37,Delhi,Family,Organic,Premium,2025-06-20,No,12
U01955,28,Pune,Family,Referral,Free,2024-07-25,No,13
U01956,34,Mumbai,Working Professional,Google Ads,Free,2024-11-20,Yes,51
U01957,47,Bangalore,Student,Instagram Ads,Free,2024-03-15,No,27
U01958,44,Bangalore,Student,Instagram Ads,Free,2025-10-14,Yes,67
U01959,30,Hyderabad,Family,Influencer,Premium,2025-02-21,No,16
U01960,28,Chennai,Family,Influencer,Free,2024-11-23,Yes,43
U01961,19,Bangalore,Working Professional,Referral,Free,2024-10-07,No,22
U01962,26,Mumbai,Working Professional,Referral,Free,2025-08-25,No,4
U01963,43,Chennai,Working Professional,Instagram Ads,Premium,2024-03-15,No,13
U01964,19,Bangalore,Working Professional,Referral,Premium,2025-07-29,No,18
U01965,38,Mumbai,Family,Influencer,Free,2025-08-16,No,13
U01966,26,Delhi,Working Professional,Instagram Ads,Free,2025-10-11,No,12
U01967,26,Pune,Working Professional,Instagram Ads,Free,2025-08-31,Yes,110
U01968,25,Mumbai,Student,Google Ads,Premium,2025-09-03,No,17
U01969,34,Bangalore,Working Professional,Google Ads,Free,2024-08-28,No,10
U01970,18,Mumbai,Working Professional,Referral,Free,2024-01-05,No,7
U01971,42,Delhi,Student,Referral,Free,2024-08-02,No,21
U01972,46,Bangalore,Family,Influencer,Premium,2025-08-01,No,14
U01973,28,Delhi,Working Professional,Influencer,Premium,2025-05-01,Yes,101
U01974,25,Mumbai,Family,Google Ads,Free,2024-12-22,Yes,91
U01975,27,Bangalore,Student,Instagram Ads,Premium,2025-01-28,No,1
U01976,42,Mumbai,Working Professional,Organic,Free,2024-06-03,No,14
U01977,24,Hyderabad,Student,Organic,Free,2025-01-25,Yes,100
U01978,20,Pune,Family,Referral,Free,2025-01-03,No,9
U01979,20,Hyderabad,Student,Organic,Free,2024-01-29,No,11
U01980,35,Delhi,Working Professional,Organic,Free,2025-02-26,Yes,36
U01981,22,Delhi,Working Professional,Google Ads,Premium,2024-01-09,No,15
U01982,29,Bangalore,Working Professional,Instagram Ads,Premium,2024-07-18,No,23
U01983,29,Chennai,Family,Influencer,Free,2025-03-20,Yes,53
U01984,36,Pune,Family,Google Ads,Premium,2024-11-29,No,19
U01985,47,Pune,Student,Influencer,Premium,2024-08-17,No,26
U01986,23,Mumbai,Student,Google Ads,Free,2025-01-27,No,4
U01987,19,Mumbai,Student,Google Ads,Free,2024-11-03,Yes,55
U01988,29,Mumbai,Student,Organic,Free,2024-11-26,No,27
U01989,36,Delhi,Family,Influencer,Free,2024-12-25,No,13
U01990,22,Delhi,Family,Google Ads,Premium,2025-11-05,No,6
U01991,29,Chennai,Student,Organic,Premium,2025-08-09,No,22
U01992,44,Delhi,Working Professional,Referral,Free,2024-07-01,Yes,72
U01993,44,Delhi,Working Professional,Influencer,Premium,2025-01-21,No,7
U01994,34,Delhi,Student,Google Ads,Premium,2024-04-18,No,16
U01995,46,Chennai,Working Professional,Referral,Free,2024-12-04,Yes,118
U01996,34,Bangalore,Student,Organic,Free,2024-07-18,Yes,67
U01997,27,Bangalore,Working Professional,Google Ads,Premium,2024-06-29,No,24
U01998,42,Chennai,Working Professional,Organic,Free,2025-06-23,No,9
U01999,40,Mumbai,Working Professional,Organic,Free,2025-07-18,No,9
U02000,34,Bangalore,Student,Organic,Free,2025-03-12,Yes,53
U02001,32,Delhi,Family,Influencer,Premium,2024-02-09,No,23
U02002,29,Delhi,Working Professional,Referral,Free,2024-08-09,No,19
U02003,47,Pune,Family,Referral,Free,2024-10-23,No,21
U02004,33,Hyderabad,Working Professional,Instagram Ads,Premium,2025-11-08,No,11
U02005,41,Mumbai,Family,Google Ads,Free,2024-01-29,Yes,113
U02006,36,Mumbai,Family,Organic,Free,2025-12-01,Yes,113
U02007,25,Bangalore,Working Professional,Google Ads,Free,2024-07-20,No,9
U02008,48,Delhi,Working Professional,Referral,Free,2025-04-29,Yes,63
U02009,38,Delhi,Family,Referral,Free,2024-05-09,Yes,40
U02010,34,Delhi,Working Professional,Organic,Free,2024-02-17,No,8
U02011,40,Delhi,Family,Influencer,Free,2025-02-19,No,3
U02012,22,Pune,Working Professional,Organic,Premium,2025-08-22,Yes,40
U02013,39,Delhi,Working Professional,Organic,Premium,2025-07-24,No,6
U02014,33,Delhi,Student,Instagram Ads,Free,2025-04-01,Yes,54
U02015,23,Bangalore,Student,Influencer,Free,2024-02-18,No,11
U02016,25,Pune,Family,Google Ads,Premium,2025-12-28,No,28
U02017,42,Delhi,Student,Influencer,Free,2024-03-16,Yes,103
U02018,35,Delhi,Student,Organic,Premium,2025-06-29,No,20
U02019,42,Mumbai,Working Professional,Organic,Free,2024-09-04,No,11
U02020,29,Hyderabad,Working Professional,Organic,Free,2024-10-16,Yes,87
U02021,32,Bangalore,Student,Organic,Premium,2025-06-18,No,8
U02022,44,Pune,Student,Organic,Free,2025-06-14,Yes,49
U02023,43,Chennai,Working Professional,Influencer,Free,2025-03-11,Yes,108
U02024,26,Hyderabad,Student,Organic,Premium,2025-01-17,Yes,109
U02025,30,Bangalore,Working Professional,Referral,Free,2024-04-05,Yes,91
U02026,43,Mumbai,Student,Referral,Free,2024-09-07,Yes,90
U02027,32,Delhi,Family,Instagram Ads,Free,2024-08-28,Yes,114
U02028,49,Chennai,Family,Google Ads,Premium,2024-10-31,No,1
U02029,27,Mumbai,Working Professional,Referral,Free,2025-07-10,No,11
U02030,33,Delhi,Student,Instagram Ads,Free,2025-08-10,No,1
U02031,24,Bangalore,Working Professional,Influencer,Free,2025-09-10,Yes,30
U02032,34,Mumbai,Working Professional,Google Ads,Free,2025-07-25,No,25
U02033,40,Bangalore,Student,Organic,Free,2025-03-15,No,14
U02034,43,Bangalore,Family,Organic,Premium,2025-05-02,No,26
U02035,38,Mumbai,Working Professional,Influencer,Premium,2025-05-12,No,28
U02036,39,Pune,Family,Google Ads,Premium,2024-05-11,No,9
U02037,43,Delhi,Student,Referral,Free,2025-02-05,Yes,105
U02038,24,Mumbai,Student,Google Ads,Premium,2025-10-30,No,12
U02039,31,Bangalore,Family,Instagram Ads,Free,2025-01-10,No,21
U02040,32,Bangalore,Working Professional,Influencer,Free,2025-07-20,No,28
U02041,38,Hyderabad,Working Professional,Referral,Free,2025-11-28,Yes,31
U02042,24,Mumbai,Working Professional,Google Ads,Free,2025-11-17,No,4
U02043,26,Bangalore,Student,Google Ads,Free,2025-06-26,Yes,79
U02044,36,Delhi,Working Professional,Referral,Free,2025-01-05,No,11
U02045,33,Chennai,Student,Instagram Ads,Free,2025-02-15,No,22
U02046,25,Mumbai,Working Professional,Instagram Ads,Premium,2024-06-03,No,16
U02047,35,Hyderabad,Working Professional,Google Ads,Premium,2024-09-01,No,18
U02048,44,Delhi,Family,Organic,Premium,2025-06-25,Yes,51
U02049,40,Delhi,Working Professional,Referral,Free,2025-07-14,No,20
U02050,46,Mumbai,Student,Instagram Ads,Free,2025-11-12,No,4
U02051,35,Pune,Working Professional,Instagram Ads,Premium,2024-03-15,No,2
U02052,48,Bangalore,Student,Instagram Ads,Premium,2024-07-24,No,9
U02053,47,Chennai,Student,Influencer,Free,2025-03-03,No,12
U02054,37,Mumbai,Student,Organic,Premium,2025-02-24,No,28
U02055,24,Mumbai,Working Professional,Instagram Ads,Free,2025-11-03,Yes,85
U02056,20,Delhi,Student,Organic,Premium,2024-05-28,No,22
U02057,35,Pune,Working Professional,Google Ads,Free,2024-03-28,Yes,73
U02058,44,Delhi,Family,Google Ads,Free,2025-05-20,Yes,117
U02059,27,Pune,Working Professional,Influencer,Free,2024-06-16,No,9
U02060,24,Chennai,Student,Organic,Premium,2024-07-07,No,24
U02061,34,Chennai,Student,Referral,Premium,2024-04-23,No,25
U02062,31,Bangalore,Working Professional,Influencer,Free,2024-01-13,No,23
U02063,48,Bangalore,Family,Instagram Ads,Free,2025-11-08,Yes,107
U02064,41,Hyderabad,Student,Google Ads,Free,2024-06-05,No,10
U02065,20,Delhi,Family,Google Ads,Free,2024-06-29,No,9
U02066,29,Bangalore,Working Professional,Referral,Premium,2024-11-15,No,5
U02067,45,Delhi,Working Professional,Influencer,Free,2024-10-18,No,23
U02068,30,Mumbai,Family,Organic,Free,2025-09-07,Yes,71
U02069,19,Delhi,Working Professional,Google Ads,Free,2025-09-14,No,1
U02070,20,Delhi,Family,Instagram Ads,Free,2025-10-21,No,16
U02071,22,Mumbai,Working Professional,Referral,Premium,2025-04-21,Yes,69
U02072,28,Mumbai,Working Professional,Referral,Free,2025-10-12,Yes,103
U02073,25,Bangalore,Working Professional,Referral,Free,2025-03-08,Yes,36
U02074,43,Delhi,Student,Instagram Ads,Free,2024-06-17,No,5
U02075,40,Bangalore,Working Professional,Referral,Premium,2025-02-05,Yes,116
U02076,40,Delhi,Student,Organic,Free,2024-06-06,No,5
U02077,29,Bangalore,Student,Organic,Premium,2025-01-18,No,4
U02078,24,Bangalore,Working Professional,Influencer,Free,2025-02-01,No,25
U02079,32,Bangalore,Working Professional,Influencer,Premium,2024-02-25,No,14
U02080,41,Hyderabad,Family,Organic,Free,2024-03-13,No,27
U02081,34,Mumbai,Working Professional,Instagram Ads,Free,2025-04-17,Yes,45
U02082,21,Hyderabad,Working Professional,Influencer,Premium,2024-06-28,No,28
U02083,46,Mumbai,Student,Referral,Free,2025-08-25,No,8
U02084,39,Mumbai,Family,Organic,Free,2024-07-12,No,13
U02085,42,Bangalore,Working Professional,Google Ads,Free,2025-12-07,No,21
U02086,30,Delhi,Working Professional,Instagram Ads,Premium,2025-01-18,Yes,78
U02087,35,Bangalore,Working Professional,Instagram Ads,Free,2024-08-16,Yes,40
U02088,18,Bangalore,Student,Organic,Free,2025-11-05,Yes,91
U02089,33,Mumbai,Working Professional,Google Ads,Free,2025-08-25,No,23
U02090,30,Delhi,Family,Instagram Ads,Free,2025-12-23,Yes,39
U02091,27,Delhi,Student,Influencer,Premium,2024-09-22,No,28
U02092,29,Chennai,Working Professional,Google Ads,Free,2025-09-30,Yes,47
U02093,47,Hyderabad,Family,Referral,Free,2024-03-11,Yes,91
U02094,19,Delhi,Student,Influencer,Free,2024-03-31,No,7
U02095,40,Mumbai,Family,Google Ads,Free,2025-08-28,No,19
U02096,20,Bangalore,Family,Organic,Free,2024-03-16,No,17
U02097,27,Pune,Working Professional,Instagram Ads,Free,2025-09-07,No,24
U02098,19,Delhi,Student,Influencer,Free,2025-03-20,Yes,105
U02099,47,Delhi,Student,Organic,Free,2024-07-15,No,26
U02100,44,Pune,Student,Google Ads,Free,2024-07-02,Yes,110
U02101,40,Delhi,Family,Referral,Free,2024-03-17,Yes,55
U02102,30,Delhi,Family,Instagram Ads,Free,2025-03-23,Yes,38
U02103,30,Chennai,Working Professional,Instagram Ads,Premium,2024-10-23,No,25
U02104,35,Bangalore,Working Professional,Influencer,Free,2025-01-22,No,28
U02105,49,Delhi,Student,Organic,Free,2024-11-17,No,14
U02106,49,Delhi,Working Professional,Google Ads,Free,2025-02-24,No,23
U02107,20,Delhi,Working Professional,Google Ads,Premium,2025-06-29,No,12
U02108,44,Delhi,Family,Organic,Premium,2025-09-25,No,11
U02109,24,Pune,Working Professional,Instagram Ads,Premium,2024-11-01,No,23
U02110,31,Mumbai,Family,Organic,Free,2024-12-11,No,27
U02111,37,Hyderabad,Working Professional,Google Ads,Premium,2025-12-15,No,24
U02112,46,Chennai,Working Professional,Organic,Free,2025-10-02,Yes,67
U02113,47,Mumbai,Working Professional,Instagram Ads,Free,2025-12-25,Yes,85
U02114,34,Delhi,Family,Influencer,Free,2025-10-11,Yes,43
U02115,46,Bangalore,Working Professional,Instagram Ads,Premium,2024-09-17,No,1
U02116,47,Chennai,Working Professional,Referral,Free,2024-12-11,Yes,83
U02117,38,Pune,Student,Referral,Free,2025-11-14,No,11
U02118,29,Delhi,Student,Organic,Premium,2025-10-20,No,5
U02119,42,Hyderabad,Working Professional,Instagram Ads,Free,2024-05-28,Yes,98
U02120,33,Bangalore,Student,Instagram Ads,Free,2025-02-21,No,3
U02121,41,Chennai,Student,Google Ads,Free,2024-01-29,Yes,33
U02122,29,Delhi,Working Professional,Influencer,Free,2025-09-05,No,18
U02123,32,Bangalore,Student,Instagram Ads,Premium,2025-04-07,No,28
U02124,42,Pune,Family,Organic,Free,2025-07-14,Yes,93
U02125,27,Mumbai,Working Professional,Google Ads,Free,2024-07-07,Yes,59
U02126,47,Mumbai,Working Professional,Google Ads,Free,2024-03-05,Yes,104
U02127,42,Delhi,Student,Organic,Free,2025-04-03,No,24
U02128,48,Delhi,Student,Organic,Premium,2025-11-06,No,14
U02129,24,Mumbai,Working Professional,Instagram Ads,Premium,2024-08-11,No,5
U02130,37,Chennai,Family,Instagram Ads,Premium,2025-04-20,No,2
U02131,22,Mumbai,Working Professional,Google Ads,Premium,2024-11-21,No,7
U02132,18,Mumbai,Student,Google Ads,Premium,2025-06-02,No,23
U02133,47,Bangalore,Working Professional,Influencer,Free,2025-07-26,No,28
U02134,34,Delhi,Student,Google Ads,Free,2024-07-10,Yes,100
U02135,20,Mumbai,Family,Organic,Free,2024-03-28,No,16
U02136,30,Hyderabad,Family,Organic,Free,2025-04-02,No,22
U02137,31,Pune,Working Professional,Influencer,Free,2024-06-06,No,27
U02138,41,Bangalore,Working Professional,Referral,Free,2024-09-29,No,5
U02139,47,Bangalore,Family,Referral,Premium,2024-11-27,No,20
U02140,35,Delhi,Working Professional,Organic,Free,2024-10-08,No,12
U02141,21,Chennai,Working Professional,Referral,Premium,2025-10-18,No,13
U02142,35,Delhi,Family,Referral,Premium,2024-06-11,No,26
U02143,47,Hyderabad,Working Professional,Influencer,Free,2024-06-22,No,8
U02144,22,Delhi,Working Professional,Google Ads,Free,2024-04-17,No,14
U02145,42,Chennai,Family,Google Ads,Free,2024-10-27,No,24
U02146,33,Hyderabad,Working Professional,Referral,Free,2024-11-26,No,28
U02147,18,Hyderabad,Working Professional,Instagram Ads,Premium,2024-05-23,No,5
U02148,38,Delhi,Student,Influencer,Free,2024-02-27,No,27
U02149,31,Mumbai,Working Professional,Referral,Premium,2024-10-24,No,4
U02150,32,Bangalore,Student,Instagram Ads,Premium,2024-07-06,No,9
U02151,26,Hyderabad,Working Professional,Instagram Ads,Premium,2025-03-15,Yes,77
U02152,32,Delhi,Working Professional,Influencer,Free,2025-05-02,No,27
U02153,34,Chennai,Family,Google Ads,Free,2025-01-24,No,14
U02154,42,Pune,Working Professional,Organic,Free,2024-01-20,Yes,61
U02155,41,Delhi,Working Professional,Instagram Ads,Free,2024-07-30,No,28
U02156,21,Pune,Student,Organic,Free,2025-06-19,No,15
U02157,29,Bangalore,Family,Organic,Free,2025-08-25,No,4
U02158,44,Mumbai,Working Professional,Influencer,Free,2025-12-28,Yes,106
U02159,43,Mumbai,Working Professional,Google Ads,Free,2025-07-17,No,22
U02160,22,Bangalore,Student,Influencer,Free,2025-10-11,Yes,69
U02161,46,Hyderabad,Working Professional,Instagram Ads,Free,2025-10-26,Yes,64
U02162,22,Mumbai,Working Professional,Google Ads,Free,2024-08-07,No,17
U02163,28,Bangalore,Working Professional,Referral,Free,2024-06-21,Yes,91
U02164,45,Hyderabad,Family,Google Ads,Free,2024-01-01,No,21
U02165,23,Hyderabad,Family,Influencer,Free,2025-04-12,No,14
U02166,24,Delhi,Family,Influencer,Free,2024-01-25,No,23
U02167,41,Pune,Working Professional,Organic,Free,2024-07-22,Yes,77
U02168,48,Mumbai,Family,Referral,Premium,2024-07-19,No,28
U02169,31,Delhi,Family,Google Ads,Free,2024-07-09,No,17
U02170,41,Delhi,Student,Referral,Free,2025-02-12,No,19
U02171,28,Mumbai,Working Professional,Organic,Premium,2025-04-22,No,13
U02172,47,Pune,Student,Referral,Free,2024-10-30,No,13
U02173,30,Mumbai,Student,Referral,Free,2025-07-31,Yes,56
U02174,19,Hyderabad,Student,Google Ads,Premium,2025-06-19,No,2
U02175,42,Delhi,Student,Referral,Premium,2024-03-22,No,15
U02176,24,Mumbai,Working Professional,Organic,Free,2025-08-25,Yes,109
U02177,37,Chennai,Working Professional,Instagram Ads,Free,2025-11-14,Yes,52
U02178,21,Hyderabad,Student,Instagram Ads,Premium,2025-06-30,No,15
U02179,44,Delhi,Working Professional,Influencer,Free,2025-06-29,Yes,85
U02180,25,Bangalore,Family,Instagram Ads,Free,2024-09-18,No,11
U02181,37,Delhi,Family,Google Ads,Free,2024-06-25,No,3
U02182,46,Mumbai,Working Professional,Influencer,Free,2025-10-17,No,27
U02183,48,Hyderabad,Working Professional,Instagram Ads,Premium,2024-08-02,No,27
U02184,39,Hyderabad,Student,Instagram Ads,Free,2024-05-20,No,20
U02185,38,Delhi,Student,Influencer,Free,2024-09-24,Yes,91
U02186,36,Chennai,Student,Google Ads,Free,2024-05-18,No,21
U02187,30,Bangalore,Working Professional,Influencer,Free,2024-02-16,No,14
U02188,31,Mumbai,Family,Google Ads,Premium,2024-02-29,No,21
U02189,27,Bangalore,Student,Google Ads,Premium,2025-07-14,No,5
U02190,28,Bangalore,Student,Organic,Premium,2025-07-17,No,17
U02191,19,Bangalore,Student,Instagram Ads,Premium,2024-03-01,No,24
U02192,42,Mumbai,Working Professional,Instagram Ads,Free,2025-12-26,Yes,76
U02193,43,Bangalore,Working Professional,Referral,Free,2024-04-04,No,2
U02194,26,Delhi,Working Professional,Influencer,Premium,2025-09-23,No,22
U02195,34,Pune,Student,Organic,Premium,2025-04-19,Yes,33
U02196,43,Bangalore,Working Professional,Instagram Ads,Premium,2024-02-09,No,10
U02197,20,Delhi,Student,Referral,Free,2024-12-11,No,10
U02198,41,Hyderabad,Working Professional,Organic,Free,2024-11-22,Yes,30
U02199,23,Chennai,Student,Google Ads,Free,2025-03-12,No,8
U02200,22,Chennai,Working Professional,Instagram Ads,Free,2025-02-09,Yes,114
U02201,22,Mumbai,Working Professional,Influencer,Free,2024-07-29,Yes,92
U02202,39,Delhi,Working Professional,Organic,Premium,2024-02-07,No,9
U02203,32,Bangalore,Working Professional,Referral,Free,2025-04-12,No,28
U02204,40,Delhi,Working Professional,Influencer,Free,2024-11-12,No,16
U02205,34,Chennai,Student,Google Ads,Free,2024-07-29,Yes,97
U02206,26,Delhi,Working Professional,Influencer,Free,2024-03-23,No,26
U02207,20,Delhi,Working Professional,Referral,Free,2024-12-21,Yes,86
U02208,37,Mumbai,Working Professional,Google Ads,Premium,2025-09-21,No,9
U02209,43,Mumbai,Working Professional,Referral,Premium,2025-06-22,No,12
U02210,34,Hyderabad,Family,Instagram Ads,Free,2024-07-27,Yes,117
U02211,46,Mumbai,Working Professional,Referral,Premium,2025-09-28,No,10
U02212,44,Delhi,Student,Influencer,Premium,2024-10-02,No,27
U02213,27,Delhi,Working Professional,Instagram Ads,Free,2025-05-06,No,24
U02214,20,Bangalore,Student,Instagram Ads,Free,2024-10-24,No,21
U02215,35,Delhi,Working Professional,Organic,Free,2025-08-06,No,23
U02216,35,Bangalore,Working Professional,Influencer,Premium,2024-02-27,No,16
U02217,47,Bangalore,Student,Influencer,Premium,2024-10-22,No,5
U02218,34,Hyderabad,Family,Google Ads,Free,2025-04-03,No,13
U02219,41,Chennai,Working Professional,Referral,Free,2025-09-22,No,22
U02220,20,Chennai,Working Professional,Referral,Free,2025-01-30,No,7
U02221,49,Chennai,Student,Influencer,Free,2025-01-08,No,9
U02222,20,Delhi,Working Professional,Referral,Free,2024-03-02,No,22
U02223,23,Delhi,Family,Influencer,Premium,2025-03-21,No,17
U02224,30,Mumbai,Working Professional,Instagram Ads,Premium,2024-03-27,No,17
U02225,41,Pune,Family,Referral,Premium,2025-09-02,No,17
U02226,46,Chennai,Student,Referral,Free,2025-02-02,No,26
U02227,32,Pune,Working Professional,Influencer,Premium,2024-05-03,Yes,66
U02228,42,Delhi,Working Professional,Influencer,Free,2025-06-02,No,6
U02229,26,Chennai,Working Professional,Google Ads,Free,2025-10-07,Yes,30
U02230,21,Mumbai,Student,Referral,Premium,2024-10-09,No,9
U02231,31,Delhi,Working Professional,Organic,Free,2025-05-28,No,10
U02232,22,Mumbai,Working Professional,Influencer,Free,2025-11-02,No,17
U02233,19,Delhi,Working Professional,Organic,Free,2024-06-05,No,3
U02234,28,Bangalore,Working Professional,Instagram Ads,Free,2024-08-13,Yes,117
U02235,26,Mumbai,Working Professional,Instagram Ads,Premium,2025-10-16,No,9
U02236,41,Mumbai,Working Professional,Organic,Free,2025-01-28,No,1
U02237,20,Bangalore,Student,Instagram Ads,Premium,2024-09-22,No,24
U02238,44,Pune,Working Professional,Organic,Free,2024-09-22,No,19
U02239,45,Bangalore,Working Professional,Google Ads,Free,2025-07-02,Yes,75
U02240,46,Mumbai,Family,Google Ads,Free,2024-10-14,No,8
U02241,26,Pune,Student,Instagram Ads,Premium,2024-10-18,No,18
U02242,20,Chennai,Working Professional,Organic,Free,2024-11-15,Yes,36
U02243,42,Delhi,Student,Organic,Free,2025-04-17,Yes,43
U02244,19,Bangalore,Student,Organic,Free,2025-02-02,Yes,44
U02245,29,Mumbai,Working Professional,Instagram Ads,Premium,2024-03-13,No,7
U02246,27,Delhi,Working Professional,Organic,Free,2025-06-11,No,6
U02247,26,Bangalore,Student,Influencer,Premium,2024-03-23,No,11
U02248,32,Pune,Working Professional,Organic,Premium,2024-06-22,No,23
U02249,25,Delhi,Family,Influencer,Free,2025-03-03,Yes,102
U02250,42,Pune,Family,Google Ads,Premium,2025-08-10,No,28
U02251,22,Pune,Student,Influencer,Free,2024-10-17,Yes,76
U02252,28,Chennai,Working Professional,Google Ads,Free,2025-01-15,No,25
U02253,44,Delhi,Working Professional,Instagram Ads,Free,2025-07-16,No,22
U02254,19,Chennai,Student,Google Ads,Premium,2024-12-28,Yes,67
U02255,41,Mumbai,Working Professional,Google Ads,Premium,2024-07-04,No,8
U02256,45,Bangalore,Working Professional,Organic,Premium,2024-01-05,No,26
U02257,32,Delhi,Student,Referral,Premium,2024-09-18,No,13
U02258,23,Delhi,Family,Google Ads,Free,2024-06-27,No,6
U02259,25,Hyderabad,Family,Influencer,Free,2024-05-21,No,10
U02260,44,Mumbai,Working Professional,Instagram Ads,Free,2024-09-24,No,18
U02261,22,Delhi,Working Professional,Influencer,Free,2025-09-17,Yes,101
U02262,33,Delhi,Working Professional,Instagram Ads,Premium,2025-04-14,No,5
U02263,43,Bangalore,Working Professional,Influencer,Premium,2025-11-22,No,11
U02264,35,Delhi,Working Professional,Google Ads,Free,2024-03-08,Yes,72
U02265,23,Pune,Family,Referral,Free,2024-04-16,No,21
U02266,22,Delhi,Student,Google Ads,Free,2025-07-24,No,27
U02267,45,Delhi,Student,Organic,Premium,2025-03-12,Yes,41
U02268,33,Mumbai,Working Professional,Influencer,Premium,2024-01-31,No,4
U02269,30,Mumbai,Student,Referral,Premium,2025-06-30,No,25
U02270,45,Mumbai,Working Professional,Influencer,Free,2025-06-04,No,13
U02271,22,Mumbai,Working Professional,Organic,Premium,2025-09-12,No,15
U02272,30,Chennai,Family,Organic,Free,2025-10-16,No,28
U02273,34,Bangalore,Working Professional,Organic,Free,2024-02-11,Yes,40
U02274,35,Delhi,Working Professional,Google Ads,Free,2024-07-05,Yes,88
U02275,25,Mumbai,Student,Google Ads,Premium,2025-08-19,Yes,116
U02276,30,Pune,Working Professional,Referral,Free,2025-12-13,Yes,64
U02277,49,Mumbai,Working Professional,Organic,Premium,2024-10-27,No,15
U02278,47,Delhi,Working Professional,Google Ads,Free,2024-09-17,No,23
U02279,46,Hyderabad,Student,Instagram Ads,Premium,2025-05-04,No,24
U02280,36,Bangalore,Student,Instagram Ads,Premium,2025-11-01,No,14
U02281,43,Bangalore,Working Professional,Google Ads,Free,2025-10-26,Yes,33
U02282,20,Delhi,Working Professional,Referral,Free,2025-11-26,No,20
U02283,41,Delhi,Working Professional,Influencer,Premium,2024-09-13,Yes,100
U02284,25,Bangalore,Working Professional,Organic,Free,2024-03-07,Yes,77
U02285,19,Delhi,Student,Google Ads,Premium,2025-12-25,No,22
U02286,25,Bangalore,Working Professional,Referral,Premium,2024-08-07,No,21
U02287,44,Bangalore,Working Professional,Influencer,Free,2024-11-18,Yes,52
U02288,30,Mumbai,Student,Referral,Premium,2025-08-28,No,22
U02289,30,Chennai,Working Professional,Influencer,Free,2024-02-28,No,10
U02290,18,Pune,Working Professional,Instagram Ads,Free,2024-06-26,Yes,71
U02291,23,Hyderabad,Working Professional,Influencer,Free,2025-04-05,Yes,67
U02292,41,Delhi,Family,Instagram Ads,Premium,2024-10-16,No,15
U02293,36,Delhi,Student,Organic,Free,2024-04-21,Yes,87
U02294,33,Mumbai,Family,Google Ads,Free,2024-11-19,Yes,92
U02295,25,Delhi,Working Professional,Instagram Ads,Free,2024-06-30,No,19
U02296,45,Chennai,Working Professional,Referral,Premium,2025-04-10,No,7
U02297,18,Delhi,Family,Influencer,Free,2024-08-11,Yes,79
U02298,44,Mumbai,Family,Referral,Free,2025-02-01,No,11
U02299,44,Mumbai,Working Professional,Instagram Ads,Free,2024-06-08,Yes,110
U02300,33,Bangalore,Working Professional,Referral,Free,2025-03-29,Yes,104
U02301,26,Delhi,Working Professional,Influencer,Free,2024-12-28,Yes,42
U02302,30,Mumbai,Working Professional,Google Ads,Premium,2025-11-05,No,16
U02303,28,Delhi,Student,Referral,Premium,2024-01-03,No,25
U02304,30,Pune,Student,Organic,Premium,2025-08-15,No,5
U02305,42,Delhi,Family,Influencer,Premium,2025-11-21,No,27
U02306,38,Chennai,Student,Influencer,Free,2024-12-25,No,9
U02307,27,Pune,Student,Organic,Free,2024-11-10,No,1
U02308,21,Mumbai,Working Professional,Instagram Ads,Free,2025-08-28,Yes,43
U02309,48,Hyderabad,Student,Organic,Free,2025-12-29,No,3
U02310,44,Delhi,Student,Instagram Ads,Free,2024-01-22,Yes,70
U02311,23,Chennai,Working Professional,Google Ads,Premium,2025-02-24,Yes,85
U02312,45,Bangalore,Working Professional,Instagram Ads,Free,2024-05-05,No,14
U02313,24,Mumbai,Working Professional,Google Ads,Free,2025-02-08,Yes,51
U02314,22,Mumbai,Working Professional,Google Ads,Free,2025-10-16,No,20
U02315,28,Delhi,Working Professional,Organic,Free,2024-09-24,Yes,52
U02316,30,Chennai,Working Professional,Google Ads,Free,2025-09-06,No,21
U02317,43,Delhi,Working Professional,Instagram Ads,Free,2025-07-21,Yes,61
U02318,42,Bangalore,Working Professional,Referral,Free,2024-04-15,No,11
U02319,36,Mumbai,Family,Influencer,Premium,2025-10-17,No,5
U02320,48,Chennai,Working Professional,Influencer,Premium,2025-06-28,No,25
U02321,40,Delhi,Working Professional,Instagram Ads,Free,2025-09-20,No,3
U02322,27,Bangalore,Student,Referral,Free,2024-06-19,No,10
U02323,27,Mumbai,Working Professional,Google Ads,Premium,2024-10-31,No,22
U02324,49,Hyderabad,Student,Instagram Ads,Free,2024-11-29,Yes,63
U02325,28,Delhi,Working Professional,Google Ads,Free,2024-01-18,Yes,110
U02326,38,Delhi,Family,Organic,Free,2025-02-03,Yes,108
U02327,47,Delhi,Working Professional,Referral,Free,2024-06-16,No,26
U02328,24,Hyderabad,Student,Influencer,Free,2024-11-30,No,22
U02329,48,Delhi,Working Professional,Instagram Ads,Free,2024-06-03,No,6
U02330,35,Bangalore,Student,Influencer,Premium,2025-09-21,No,23
U02331,21,Delhi,Working Professional,Google Ads,Free,2025-01-10,Yes,95
U02332,19,Pune,Working Professional,Google Ads,Premium,2024-03-21,No,8
U02333,31,Chennai,Student,Organic,Premium,2025-03-25,No,2
U02334,30,Bangalore,Family,Google Ads,Free,2024-11-05,Yes,86
U02335,46,Mumbai,Student,Google Ads,Free,2025-11-10,No,4
U02336,29,Delhi,Family,Influencer,Free,2025-11-15,Yes,37
U02337,24,Delhi,Student,Influencer,Premium,2024-12-20,Yes,116
U02338,19,Delhi,Student,Instagram Ads,Free,2024-11-19,No,5
U02339,49,Bangalore,Student,Instagram Ads,Premium,2025-12-30,No,19
U02340,30,Bangalore,Student,Google Ads,Premium,2024-08-15,No,28
U02341,31,Chennai,Working Professional,Referral,Free,2024-07-09,No,19
U02342,44,Mumbai,Working Professional,Instagram Ads,Free,2025-11-10,No,9
U02343,34,Hyderabad,Working Professional,Google Ads,Free,2024-10-23,No,5
U02344,26,Mumbai,Student,Influencer,Free,2024-07-07,No,16
U02345,34,Bangalore,Working Professional,Organic,Free,2024-07-11,No,26
U02346,25,Delhi,Working Professional,Influencer,Premium,2025-05-27,No,7
U02347,48,Mumbai,Working Professional,Influencer,Premium,2024-01-09,Yes,32
U02348,19,Mumbai,Working Professional,Organic,Free,2025-08-09,No,14
U02349,45,Hyderabad,Working Professional,Influencer,Free,2024-05-22,No,22
U02350,49,Chennai,Student,Instagram Ads,Free,2025-05-01,No,1
U02351,41,Mumbai,Working Professional,Influencer,Premium,2024-07-12,Yes,63
U02352,30,Delhi,Working Professional,Organic,Free,2025-06-05,No,17
U02353,20,Mumbai,Working Professional,Google Ads,Premium,2025-03-08,No,27
U02354,33,Bangalore,Student,Google Ads,Free,2024-05-18,No,19
U02355,23,Delhi,Student,Google Ads,Free,2024-01-30,No,6
U02356,36,Hyderabad,Working Professional,Organic,Premium,2024-10-05,No,14
U02357,47,Chennai,Student,Organic,Free,2024-02-11,No,8
U02358,24,Chennai,Student,Instagram Ads,Free,2024-08-15,Yes,84
U02359,27,Delhi,Family,Organic,Free,2025-04-24,No,14
U02360,26,Pune,Working Professional,Google Ads,Free,2025-02-20,Yes,37
U02361,49,Hyderabad,Working Professional,Organic,Free,2024-07-19,No,17
U02362,19,Mumbai,Student,Referral,Free,2024-11-16,No,12
U02363,48,Bangalore,Family,Influencer,Free,2025-12-22,No,26
U02364,45,Pune,Student,Instagram Ads,Premium,2025-11-20,No,4
U02365,45,Mumbai,Working Professional,Google Ads,Premium,2025-01-02,No,19
U02366,32,Mumbai,Family,Google Ads,Premium,2025-08-20,No,27
U02367,47,Mumbai,Working Professional,Referral,Free,2025-07-13,Yes,42
U02368,22,Bangalore,Family,Instagram Ads,Free,2025-12-18,No,5
U02369,46,Delhi,Working Professional,Influencer,Free,2024-11-21,No,24
U02370,39,Chennai,Student,Instagram Ads,Premium,2024-11-05,No,14
U02371,21,Bangalore,Student,Instagram Ads,Free,2025-12-03,No,7
U02372,37,Bangalore,Student,Google Ads,Free,2024-12-26,Yes,94
U02373,49,Delhi,Student,Organic,Premium,2025-06-11,No,5
U02374,21,Bangalore,Working Professional,Influencer,Free,2025-10-01,Yes,42
U02375,35,Delhi,Student,Instagram Ads,Free,2024-10-29,Yes,92
U02376,21,Delhi,Family,Referral,Free,2025-11-27,No,22
U02377,44,Bangalore,Working Professional,Google Ads,Free,2025-10-03,Yes,107
U02378,49,Mumbai,Working Professional,Organic,Free,2025-11-07,Yes,43
U02379,34,Bangalore,Family,Organic,Free,2025-08-27,Yes,100
U02380,29,Delhi,Student,Google Ads,Premium,2024-10-05,No,2
U02381,39,Mumbai,Working Professional,Instagram Ads,Free,2025-12-25,Yes,72
U02382,34,Delhi,Working Professional,Google Ads,Free,2025-10-14,No,15
U02383,27,Chennai,Student,Organic,Free,2025-09-18,No,14
U02384,39,Bangalore,Working Professional,Organic,Premium,2024-11-16,No,13
U02385,18,Hyderabad,Working Professional,Referral,Free,2025-04-21,Yes,38
U02386,39,Mumbai,Working Professional,Referral,Free,2024-10-30,No,18
U02387,43,Delhi,Working Professional,Organic,Premium,2025-06-02,No,2
U02388,41,Chennai,Working Professional,Referral,Free,2024-02-25,Yes,54
U02389,44,Mumbai,Working Professional,Referral,Free,2024-07-10,No,7
U02390,35,Mumbai,Student,Referral,Free,2024-01-22,No,10
U02391,35,Bangalore,Working Professional,Organic,Free,2024-03-20,No,20
U02392,31,Delhi,Family,Instagram Ads,Premium,2024-10-10,No,25
U02393,49,Pune,Family,Instagram Ads,Free,2025-03-03,No,23
U02394,32,Bangalore,Working Professional,Influencer,Free,2024-04-12,No,26
U02395,46,Delhi,Working Professional,Referral,Free,2025-12-29,No,10
U02396,29,Delhi,Family,Instagram Ads,Premium,2024-05-21,No,6
U02397,21,Delhi,Working Professional,Influencer,Free,2025-08-19,No,4
U02398,44,Pune,Working Professional,Google Ads,Free,2025-02-06,No,8
U02399,20,Hyderabad,Student,Referral,Free,2025-08-11,No,13
U02400,37,Delhi,Family,Instagram Ads,Free,2025-08-12,Yes,63
U02401,46,Delhi,Working Professional,Instagram Ads,Free,2024-06-10,No,8
U02402,29,Hyderabad,Working Professional,Instagram Ads,Free,2025-08-16,No,28
U02403,24,Bangalore,Student,Influencer,Free,2024-08-03,No,8
U02404,46,Mumbai,Working Professional,Google Ads,Premium,2025-04-22,No,27
U02405,28,Mumbai,Working Professional,Referral,Free,2025-07-16,Yes,107
U02406,18,Delhi,Working Professional,Instagram Ads,Free,2025-11-06,No,14
U02407,23,Bangalore,Student,Organic,Free,2024-09-07,Yes,32
U02408,32,Chennai,Working Professional,Referral,Free,2025-12-25,No,11
U02409,32,Delhi,Student,Organic,Premium,2025-12-23,No,25
U02410,49,Bangalore,Working Professional,Influencer,Premium,2025-02-13,No,23
U02411,36,Mumbai,Student,Instagram Ads,Free,2025-11-05,Yes,84
U02412,28,Mumbai,Student,Referral,Premium,2024-11-14,No,7
U02413,43,Delhi,Student,Referral,Premium,2025-01-22,No,13
U02414,40,Pune,Student,Instagram Ads,Free,2024-03-25,No,22
U02415,43,Mumbai,Student,Google Ads,Free,2025-05-29,Yes,31
U02416,19,Bangalore,Family,Influencer,Premium,2024-01-05,No,8
U02417,31,Mumbai,Working Professional,Instagram Ads,Premium,2024-08-22,No,17
U02418,19,Delhi,Working Professional,Referral,Premium,2025-02-16,No,24
U02419,46,Delhi,Working Professional,Google Ads,Free,2025-01-09,No,14
U02420,21,Hyderabad,Working Professional,Referral,Free,2024-10-01,Yes,75
U02421,34,Delhi,Family,Organic,Premium,2025-01-05,No,9
U02422,20,Hyderabad,Student,Referral,Free,2025-06-15,No,22
U02423,30,Mumbai,Student,Influencer,Premium,2025-12-07,Yes,48
U02424,26,Mumbai,Family,Instagram Ads,Premium,2025-01-28,No,23
U02425,24,Mumbai,Working Professional,Referral,Free,2025-10-22,Yes,47
U02426,32,Mumbai,Student,Organic,Premium,2025-09-19,No,15
U02427,40,Delhi,Student,Organic,Free,2024-01-04,No,16
U02428,46,Mumbai,Student,Instagram Ads,Free,2025-06-17,No,20
U02429,46,Bangalore,Family,Organic,Premium,2025-12-02,No,9
U02430,28,Bangalore,Student,Instagram Ads,Free,2025-06-07,Yes,41
U02431,37,Mumbai,Family,Influencer,Free,2025-02-09,Yes,74
U02432,49,Mumbai,Family,Instagram Ads,Free,2025-02-16,No,12
U02433,19,Delhi,Working Professional,Google Ads,Free,2024-07-07,Yes,83
U02434,32,Delhi,Student,Organic,Free,2024-11-12,No,17
U02435,31,Delhi,Student,Organic,Premium,2025-06-22,No,17
U02436,37,Pune,Working Professional,Referral,Free,2025-03-06,Yes,53
U02437,39,Delhi,Working Professional,Google Ads,Premium,2024-12-05,No,24
U02438,28,Delhi,Working Professional,Referral,Premium,2025-10-15,No,24
U02439,44,Delhi,Working Professional,Instagram Ads,Free,2025-06-02,Yes,78
U02440,20,Delhi,Family,Influencer,Premium,2025-03-05,Yes,119
U02441,34,Bangalore,Working Professional,Organic,Premium,2025-03-02,Yes,50
U02442,47,Delhi,Working Professional,Influencer,Free,2025-06-05,Yes,99
U02443,29,Delhi,Family,Instagram Ads,Free,2025-11-21,No,18
U02444,41,Bangalore,Student,Instagram Ads,Premium,2025-05-29,No,21
U02445,45,Mumbai,Student,Google Ads,Premium,2025-09-06,No,28
U02446,46,Hyderabad,Student,Referral,Premium,2024-10-26,No,23
U02447,38,Bangalore,Student,Organic,Premium,2024-02-23,No,10
U02448,32,Delhi,Working Professional,Organic,Free,2024-06-10,Yes,62
U02449,33,Bangalore,Student,Influencer,Free,2025-03-24,Yes,105
U02450,22,Delhi,Working Professional,Google Ads,Free,2024-07-29,Yes,56
U02451,44,Bangalore,Family,Instagram Ads,Free,2025-03-22,No,5
U02452,37,Mumbai,Student,Google Ads,Free,2024-03-10,No,1
U02453,23,Delhi,Working Professional,Organic,Free,2024-10-27,Yes,30
U02454,36,Bangalore,Student,Referral,Free,2024-03-08,Yes,93
U02455,42,Pune,Student,Influencer,Free,2024-10-08,Yes,101
U02456,22,Chennai,Working Professional,Instagram Ads,Free,2024-06-02,Yes,101
U02457,20,Bangalore,Family,Instagram Ads,Free,2025-04-06,Yes,55
U02458,44,Mumbai,Working Professional,Instagram Ads,Free,2024-08-11,Yes,119
U02459,18,Delhi,Student,Referral,Free,2025-01-02,Yes,78
U02460,43,Delhi,Working Professional,Organic,Premium,2024-07-07,No,19
U02461,45,Mumbai,Student,Organic,Free,2025-01-20,No,27
U02462,23,Mumbai,Student,Google Ads,Free,2024-02-10,Yes,72
U02463,32,Chennai,Working Professional,Google Ads,Free,2025-11-15,No,1
U02464,19,Mumbai,Student,Organic,Free,2025-11-07,No,7
U02465,46,Mumbai,Working Professional,Instagram Ads,Free,2025-10-03,Yes,100
U02466,20,Mumbai,Working Professional,Referral,Premium,2025-05-31,No,10
U02467,49,Pune,Working Professional,Organic,Free,2024-05-09,No,26
U02468,34,Bangalore,Student,Referral,Free,2025-11-18,No,3
U02469,42,Bangalore,Family,Influencer,Free,2024-01-22,Yes,115
U02470,41,Mumbai,Working Professional,Instagram Ads,Premium,2024-02-10,No,17
U02471,29,Pune,Working Professional,Influencer,Premium,2024-06-01,No,25
U02472,35,Delhi,Student,Organic,Free,2025-07-11,Yes,61
U02473,32,Pune,Working Professional,Google Ads,Free,2024-12-15,No,23
U02474,29,Bangalore,Working Professional,Organic,Free,2024-01-09,No,10
U02475,33,Mumbai,Student,Influencer,Premium,2025-09-04,No,9
U02476,44,Mumbai,Student,Referral,Premium,2024-02-16,No,9
U02477,25,Bangalore,Working Professional,Organic,Premium,2024-11-25,No,11
U02478,45,Delhi,Family,Google Ads,Premium,2025-12-19,Yes,37
U02479,31,Pune,Working Professional,Influencer,Premium,2024-01-03,No,27
U02480,42,Mumbai,Student,Organic,Free,2025-02-12,Yes,80
U02481,34,Mumbai,Working Professional,Influencer,Free,2024-02-05,No,26
U02482,46,Delhi,Family,Influencer,Free,2024-08-30,No,21
U02483,38,Mumbai,Working Professional,Instagram Ads,Free,2025-03-09,Yes,107
U02484,25,Mumbai,Student,Referral,Free,2025-02-21,No,7
U02485,32,Mumbai,Family,Instagram Ads,Free,2024-08-06,Yes,62
U02486,44,Bangalore,Student,Influencer,Premium,2024-07-19,No,22
U02487,31,Mumbai,Working Professional,Google Ads,Free,2025-01-28,No,3
U02488,35,Chennai,Working Professional,Google Ads,Free,2025-06-22,Yes,60
U02489,37,Bangalore,Family,Instagram Ads,Free,2025-08-23,No,26
U02490,24,Pune,Family,Google Ads,Free,2024-09-25,Yes,112
U02491,20,Delhi,Family,Influencer,Premium,2024-05-03,No,22
U02492,46,Mumbai,Student,Organic,Free,2025-02-03,No,10
U02493,49,Mumbai,Family,Influencer,Free,2024-10-07,No,6
U02494,29,Bangalore,Student,Organic,Premium,2025-03-08,No,21
U02495,38,Pune,Student,Google Ads,Free,2025-02-03,Yes,90
U02496,41,Delhi,Working Professional,Referral,Free,2024-01-02,No,20
U02497,45,Delhi,Working Professional,Referral,Premium,2024-11-24,No,26
U02498,43,Pune,Working Professional,Influencer,Premium,2025-09-26,Yes,58
U02499,20,Delhi,Working Professional,Influencer,Free,2025-01-17,No,23
U02500,37,Bangalore,Family,Google Ads,Free,2025-08-11,No,28
U02501,31,Bangalore,Student,Referral,Premium,2024-03-18,No,13
U02502,32,Pune,Student,Referral,Free,2024-11-27,Yes,43
U02503,42,Delhi,Family,Influencer,Free,2024-06-11,Yes,66
U02504,47,Delhi,Student,Referral,Free,2024-05-29,Yes,117
U02505,31,Bangalore,Working Professional,Influencer,Free,2025-07-13,No,9
U02506,24,Chennai,Working Professional,Instagram Ads,Free,2025-09-17,Yes,65
U02507,34,Mumbai,Working Professional,Referral,Free,2025-05-19,Yes,87
U02508,47,Mumbai,Working Professional,Organic,Premium,2025-07-29,No,7
U02509,29,Bangalore,Student,Google Ads,Premium,2024-05-29,No,7
U02510,37,Chennai,Family,Influencer,Free,2025-08-07,Yes,34
U02511,21,Pune,Student,Referral,Premium,2024-02-16,No,1
U02512,26,Chennai,Working Professional,Referral,Free,2024-12-27,Yes,30
U02513,23,Delhi,Student,Influencer,Free,2025-11-23,No,12
U02514,33,Delhi,Working Professional,Organic,Premium,2025-01-08,No,14
U02515,42,Bangalore,Working Professional,Referral,Free,2024-04-04,Yes,37
U02516,45,Pune,Family,Instagram Ads,Free,2024-04-10,No,3
U02517,48,Mumbai,Working Professional,Google Ads,Free,2025-01-24,No,3
U02518,39,Delhi,Working Professional,Influencer,Premium,2025-08-17,No,19
U02519,39,Hyderabad,Family,Referral,Premium,2024-03-22,No,9
U02520,38,Delhi,Working Professional,Google Ads,Free,2025-09-24,No,27
U02521,38,Mumbai,Working Professional,Influencer,Free,2025-02-16,No,18
U02522,19,Bangalore,Working Professional,Influencer,Free,2024-01-03,No,1
U02523,41,Bangalore,Working Professional,Influencer,Free,2024-01-13,Yes,47
U02524,25,Hyderabad,Family,Organic,Free,2024-06-12,Yes,39
U02525,28,Mumbai,Student,Instagram Ads,Free,2025-09-08,No,12
U02526,49,Bangalore,Working Professional,Influencer,Free,2024-12-10,No,23
U02527,30,Bangalore,Working Professional,Organic,Premium,2024-06-14,No,18
U02528,34,Bangalore,Family,Influencer,Free,2024-03-15,No,2
U02529,25,Bangalore,Family,Influencer,Premium,2024-02-29,No,24
U02530,38,Delhi,Working Professional,Organic,Free,2025-01-16,Yes,76
U02531,35,Delhi,Working Professional,Instagram Ads,Premium,2024-03-13,No,4
U02532,47,Delhi,Working Professional,Google Ads,Free,2025-10-22,Yes,101
U02533,49,Delhi,Working Professional,Referral,Free,2024-05-02,Yes,113
U02534,35,Bangalore,Family,Influencer,Free,2025-04-11,Yes,72
U02535,31,Pune,Family,Instagram Ads,Free,2024-10-15,Yes,111
U02536,32,Hyderabad,Family,Referral,Free,2025-05-30,Yes,54
U02537,48,Hyderabad,Student,Influencer,Premium,2025-04-25,No,24
U02538,23,Mumbai,Family,Referral,Free,2024-08-24,Yes,47
U02539,49,Mumbai,Family,Organic,Free,2025-12-20,Yes,80
U02540,28,Mumbai,Working Professional,Instagram Ads,Free,2024-06-20,No,4
U02541,30,Delhi,Working Professional,Instagram Ads,Free,2025-01-19,Yes,104
U02542,42,Delhi,Working Professional,Google Ads,Free,2025-03-21,No,23
U02543,18,Bangalore,Working Professional,Google Ads,Premium,2024-07-25,No,28
U02544,45,Chennai,Family,Referral,Premium,2024-05-29,Yes,107
U02545,23,Delhi,Working Professional,Organic,Free,2025-07-24,Yes,115
U02546,26,Delhi,Working Professional,Referral,Free,2024-05-30,Yes,67
U02547,25,Hyderabad,Working Professional,Influencer,Premium,2025-11-03,No,9
U02548,28,Delhi,Working Professional,Instagram Ads,Premium,2024-04-22,No,26
U02549,39,Pune,Family,Referral,Premium,2024-08-19,Yes,34
U02550,36,Hyderabad,Working Professional,Referral,Premium,2025-05-02,No,15
U02551,41,Chennai,Working Professional,Instagram Ads,Free,2025-01-17,No,24
U02552,26,Mumbai,Student,Instagram Ads,Free,2025-01-08,No,19
U02553,34,Bangalore,Working Professional,Google Ads,Free,2025-11-28,Yes,48
U02554,29,Mumbai,Working Professional,Google Ads,Premium,2024-09-03,No,17
U02555,42,Bangalore,Family,Instagram Ads,Free,2024-05-19,No,16
U02556,31,Mumbai,Student,Referral,Premium,2025-09-15,No,4
U02557,49,Delhi,Working Professional,Influencer,Free,2025-02-05,No,4
U02558,32,Bangalore,Student,Referral,Free,2025-12-07,No,8
U02559,33,Bangalore,Working Professional,Influencer,Free,2024-05-04,No,20
U02560,39,Pune,Family,Instagram Ads,Premium,2024-12-21,No,11
U02561,39,Hyderabad,Working Professional,Influencer,Premium,2024-08-26,No,9
U02562,45,Bangalore,Working Professional,Google Ads,Free,2025-05-27,Yes,117
U02563,37,Delhi,Working Professional,Instagram Ads,Premium,2025-09-24,No,23
U02564,18,Hyderabad,Student,Organic,Free,2025-08-23,Yes,111
U02565,27,Bangalore,Working Professional,Influencer,Free,2025-06-15,No,10
U02566,25,Pune,Working Professional,Influencer,Free,2024-09-29,Yes,115
U02567,49,Chennai,Working Professional,Organic,Free,2024-06-25,Yes,41
U02568,35,Delhi,Family,Organic,Premium,2025-02-09,No,14
U02569,45,Pune,Working Professional,Instagram Ads,Free,2024-04-23,Yes,105
U02570,18,Delhi,Working Professional,Referral,Premium,2024-01-27,No,24
U02571,19,Mumbai,Family,Organic,Premium,2025-11-30,No,20
U02572,18,Bangalore,Family,Influencer,Free,2025-02-21,No,10
U02573,18,Delhi,Working Professional,Organic,Premium,2025-08-21,No,27
U02574,26,Hyderabad,Student,Instagram Ads,Premium,2025-08-14,No,22
U02575,30,Delhi,Working Professional,Instagram Ads,Free,2025-04-06,Yes,56
U02576,47,Delhi,Working Professional,Influencer,Free,2024-06-28,No,26
U02577,18,Bangalore,Student,Influencer,Free,2025-07-20,Yes,59
U02578,30,Hyderabad,Student,Influencer,Free,2024-09-03,Yes,104
U02579,37,Chennai,Student,Referral,Free,2025-05-14,No,6
U02580,43,Hyderabad,Working Professional,Influencer,Free,2024-11-12,No,20
U02581,39,Bangalore,Working Professional,Instagram Ads,Free,2025-03-09,Yes,82
U02582,24,Mumbai,Working Professional,Instagram Ads,Premium,2024-08-20,Yes,107
U02583,19,Delhi,Student,Organic,Free,2025-09-12,Yes,74
U02584,23,Delhi,Working Professional,Influencer,Free,2025-01-03,No,1
U02585,24,Bangalore,Student,Referral,Premium,2025-10-28,No,3
U02586,43,Bangalore,Student,Google Ads,Premium,2024-06-16,No,8
U02587,31,Mumbai,Working Professional,Organic,Free,2024-03-08,Yes,107
U02588,43,Hyderabad,Working Professional,Referral,Free,2025-07-04,Yes,80
U02589,35,Bangalore,Working Professional,Influencer,Free,2025-10-16,No,28
U02590,32,Delhi,Working Professional,Referral,Free,2024-12-10,No,12
U02591,19,Delhi,Student,Google Ads,Free,2025-06-13,No,16
U02592,27,Pune,Working Professional,Referral,Free,2024-02-21,Yes,68
U02593,40,Hyderabad,Student,Google Ads,Free,2025-03-20,No,17
U02594,29,Pune,Student,Google Ads,Free,2025-08-14,Yes,35
U02595,34,Delhi,Working Professional,Google Ads,Premium,2025-11-23,No,5
U02596,25,Chennai,Working Professional,Referral,Free,2024-05-19,Yes,51
U02597,28,Delhi,Student,Influencer,Free,2025-12-21,No,1
U02598,46,Delhi,Student,Instagram Ads,Free,2025-02-12,No,8
U02599,20,Chennai,Family,Instagram Ads,Premium,2024-11-30,No,9
U02600,44,Mumbai,Working Professional,Referral,Free,2024-10-07,No,2
U02601,23,Bangalore,Student,Influencer,Premium,2025-02-08,No,13
U02602,26,Delhi,Working Professional,Instagram Ads,Free,2024-05-01,Yes,94
U02603,23,Bangalore,Student,Google Ads,Free,2025-12-23,Yes,119
U02604,26,Chennai,Working Professional,Referral,Free,2025-10-08,No,4
U02605,24,Mumbai,Student,Referral,Free,2025-04-04,Yes,78
U02606,48,Bangalore,Working Professional,Organic,Free,2025-11-19,No,7
U02607,49,Delhi,Student,Organic,Free,2024-02-08,Yes,75
U02608,26,Bangalore,Working Professional,Organic,Free,2024-03-15,No,17
U02609,35,Mumbai,Working Professional,Influencer,Free,2025-07-14,No,7
U02610,29,Delhi,Working Professional,Referral,Free,2024-08-04,Yes,108
U02611,25,Mumbai,Student,Organic,Premium,2024-09-02,No,21
U02612,25,Delhi,Working Professional,Referral,Free,2025-02-21,No,2
U02613,35,Chennai,Working Professional,Google Ads,Free,2024-07-21,No,18
U02614,45,Mumbai,Working Professional,Organic,Premium,2025-10-17,Yes,67
U02615,47,Delhi,Working Professional,Referral,Premium,2025-06-02,Yes,65
U02616,37,Mumbai,Working Professional,Influencer,Premium,2025-09-04,No,11
U02617,47,Mumbai,Working Professional,Influencer,Free,2024-10-22,No,4
U02618,32,Hyderabad,Working Professional,Influencer,Free,2025-03-25,Yes,52
U02619,44,Chennai,Family,Organic,Free,2024-08-15,No,23
U02620,48,Mumbai,Student,Influencer,Free,2024-04-12,Yes,113
U02621,24,Pune,Student,Instagram Ads,Free,2024-04-01,No,28
U02622,28,Bangalore,Working Professional,Google Ads,Free,2024-12-22,Yes,76
U02623,37,Delhi,Family,Referral,Free,2025-11-29,Yes,93
U02624,33,Hyderabad,Family,Instagram Ads,Premium,2024-05-25,No,4
U02625,21,Bangalore,Working Professional,Organic,Free,2024-09-23,No,3
U02626,23,Bangalore,Working Professional,Referral,Free,2024-04-28,Yes,71
U02627,43,Pune,Working Professional,Referral,Free,2025-05-17,No,25
U02628,39,Mumbai,Working Professional,Influencer,Free,2024-09-20,Yes,107
U02629,43,Chennai,Working Professional,Referral,Free,2024-10-02,Yes,115
U02630,48,Hyderabad,Family,Referral,Free,2025-12-15,No,8
U02631,20,Mumbai,Working Professional,Google Ads,Free,2024-02-28,No,23
U02632,48,Bangalore,Working Professional,Organic,Premium,2024-12-12,No,6
U02633,26,Mumbai,Working Professional,Instagram Ads,Free,2025-10-26,Yes,81
U02634,45,Chennai,Working Professional,Influencer,Free,2024-07-04,No,22
U02635,27,Bangalore,Working Professional,Google Ads,Free,2024-04-24,Yes,36
U02636,31,Delhi,Working Professional,Instagram Ads,Free,2024-12-27,No,25
U02637,28,Mumbai,Student,Instagram Ads,Premium,2024-08-23,No,1
U02638,35,Bangalore,Student,Google Ads,Premium,2025-03-17,No,20
U02639,39,Delhi,Working Professional,Influencer,Free,2025-07-31,Yes,112
U02640,29,Delhi,Family,Organic,Premium,2024-09-19,No,27
U02641,40,Mumbai,Student,Google Ads,Premium,2024-02-20,No,9
U02642,29,Mumbai,Working Professional,Google Ads,Free,2024-12-16,Yes,39
U02643,30,Mumbai,Student,Google Ads,Premium,2025-02-20,No,19
U02644,42,Delhi,Student,Influencer,Premium,2024-01-13,No,25
U02645,30,Delhi,Family,Google Ads,Free,2025-01-28,No,14
U02646,36,Hyderabad,Family,Google Ads,Premium,2025-06-15,No,18
U02647,43,Bangalore,Student,Referral,Premium,2024-07-31,Yes,101
U02648,36,Delhi,Working Professional,Referral,Premium,2024-09-26,No,23
U02649,40,Mumbai,Student,Referral,Free,2024-02-09,No,18
U02650,31,Bangalore,Family,Referral,Free,2025-10-08,No,17
U02651,21,Delhi,Student,Google Ads,Premium,2024-06-29,Yes,77
U02652,30,Delhi,Student,Referral,Premium,2024-09-21,No,9
U02653,25,Delhi,Working Professional,Instagram Ads,Free,2024-04-15,No,12
U02654,46,Pune,Family,Organic,Premium,2025-05-01,No,24
U02655,40,Hyderabad,Student,Referral,Free,2025-02-07,Yes,44
U02656,38,Hyderabad,Working Professional,Influencer,Free,2025-01-24,No,15
U02657,40,Hyderabad,Student,Organic,Premium,2025-08-30,No,18
U02658,49,Bangalore,Family,Instagram Ads,Free,2024-05-02,No,17
U02659,36,Mumbai,Student,Organic,Free,2024-02-06,Yes,46
U02660,29,Bangalore,Family,Organic,Premium,2025-12-10,No,10
U02661,35,Delhi,Working Professional,Instagram Ads,Free,2025-05-17,Yes,34
U02662,23,Bangalore,Working Professional,Referral,Free,2025-06-10,Yes,99
U02663,35,Hyderabad,Family,Instagram Ads,Premium,2025-08-19,No,27
U02664,36,Bangalore,Family,Influencer,Free,2024-04-01,No,2
U02665,39,Mumbai,Working Professional,Instagram Ads,Premium,2024-04-09,No,16
U02666,22,Delhi,Student,Google Ads,Free,2025-11-16,No,6
U02667,49,Bangalore,Working Professional,Google Ads,Free,2025-03-30,No,5
U02668,41,Hyderabad,Working Professional,Organic,Premium,2025-12-27,No,1
U02669,26,Pune,Working Professional,Referral,Free,2025-08-20,Yes,64
U02670,44,Mumbai,Working Professional,Referral,Free,2025-01-28,Yes,77
U02671,20,Hyderabad,Student,Google Ads,Free,2025-08-16,No,7
U02672,45,Bangalore,Working Professional,Influencer,Free,2025-05-19,Yes,116
U02673,27,Pune,Working Professional,Instagram Ads,Free,2024-04-26,No,5
U02674,36,Bangalore,Student,Instagram Ads,Free,2025-11-09,Yes,82
U02675,20,Bangalore,Working Professional,Instagram Ads,Premium,2025-05-05,No,18
U02676,46,Bangalore,Working Professional,Influencer,Free,2024-12-07,No,28
U02677,46,Hyderabad,Working Professional,Influencer,Free,2025-03-01,No,23
U02678,39,Chennai,Student,Instagram Ads,Free,2025-04-14,Yes,36
U02679,48,Delhi,Working Professional,Instagram Ads,Free,2024-05-13,No,15
U02680,32,Delhi,Student,Influencer,Free,2024-06-28,No,16
U02681,18,Chennai,Working Professional,Instagram Ads,Premium,2025-11-07,No,9
U02682,24,Bangalore,Working Professional,Influencer,Free,2024-07-30,Yes,59
U02683,29,Bangalore,Working Professional,Organic,Premium,2025-06-01,No,6
U02684,34,Mumbai,Student,Google Ads,Free,2025-08-07,No,11
U02685,47,Delhi,Working Professional,Google Ads,Premium,2025-02-16,No,13
U02686,38,Hyderabad,Family,Influencer,Premium,2024-12-22,No,2
U02687,48,Hyderabad,Student,Instagram Ads,Free,2025-03-28,Yes,83
U02688,43,Mumbai,Family,Google Ads,Free,2025-03-10,Yes,117
U02689,46,Mumbai,Working Professional,Referral,Free,2024-03-17,No,13
U02690,41,Pune,Working Professional,Instagram Ads,Free,2024-10-09,Yes,45
U02691,37,Delhi,Student,Influencer,Free,2025-12-27,Yes,56
U02692,22,Pune,Student,Referral,Free,2025-11-07,Yes,51
U02693,21,Delhi,Family,Influencer,Free,2025-11-16,No,23
U02694,45,Bangalore,Working Professional,Instagram Ads,Free,2025-09-01,Yes,75
U02695,29,Chennai,Student,Organic,Free,2025-06-20,Yes,30
U02696,47,Bangalore,Working Professional,Organic,Free,2025-02-24,No,6
U02697,37,Mumbai,Student,Organic,Free,2024-05-30,Yes,62
U02698,45,Hyderabad,Working Professional,Instagram Ads,Free,2025-05-17,No,8
U02699,41,Mumbai,Working Professional,Instagram Ads,Free,2025-10-27,No,18
U02700,35,Delhi,Family,Referral,Free,2025-08-10,Yes,99
U02701,34,Chennai,Working Professional,Instagram Ads,Premium,2025-05-29,No,11
U02702,36,Hyderabad,Student,Instagram Ads,Free,2025-08-07,No,13
U02703,49,Bangalore,Working Professional,Referral,Free,2025-09-14,No,9
U02704,26,Mumbai,Working Professional,Referral,Premium,2024-11-30,No,15
U02705,21,Delhi,Working Professional,Influencer,Premium,2025-08-06,No,13
U02706,43,Delhi,Family,Google Ads,Free,2025-02-15,No,23
U02707,38,Bangalore,Working Professional,Google Ads,Free,2024-09-11,Yes,86
U02708,19,Hyderabad,Student,Influencer,Free,2024-08-05,Yes,35
U02709,49,Bangalore,Family,Organic,Premium,2024-07-26,No,3
U02710,21,Pune,Student,Instagram Ads,Premium,2024-10-16,Yes,60
U02711,19,Delhi,Student,Referral,Free,2025-07-30,No,18
U02712,32,Mumbai,Working Professional,Referral,Premium,2024-10-11,No,25
U02713,19,Delhi,Family,Organic,Free,2025-05-30,Yes,42
U02714,21,Mumbai,Working Professional,Referral,Premium,2025-12-08,Yes,104
U02715,23,Delhi,Student,Organic,Free,2025-09-22,No,16
U02716,24,Chennai,Working Professional,Influencer,Premium,2025-12-02,No,20
U02717,27,Delhi,Student,Organic,Free,2025-11-08,Yes,90
U02718,36,Chennai,Student,Google Ads,Free,2024-08-19,No,17
U02719,36,Mumbai,Student,Organic,Free,2025-10-03,No,13
U02720,43,Chennai,Working Professional,Influencer,Premium,2025-08-26,No,12
U02721,39,Bangalore,Family,Organic,Premium,2024-11-27,No,1
U02722,46,Chennai,Student,Influencer,Premium,2025-09-28,No,6
U02723,29,Delhi,Student,Google Ads,Free,2024-07-25,No,6
U02724,20,Hyderabad,Family,Instagram Ads,Free,2025-09-17,No,16
U02725,30,Chennai,Working Professional,Influencer,Free,2024-12-26,No,23
U02726,35,Delhi,Family,Instagram Ads,Premium,2024-12-16,No,14
U02727,25,Delhi,Student,Influencer,Free,2025-01-07,No,7
U02728,38,Mumbai,Student,Organic,Free,2024-04-10,No,26
U02729,32,Chennai,Working Professional,Instagram Ads,Free,2025-06-27,Yes,61
U02730,18,Bangalore,Working Professional,Influencer,Free,2025-04-14,No,25
U02731,20,Bangalore,Working Professional,Influencer,Premium,2024-05-10,No,25
U02732,43,Delhi,Working Professional,Instagram Ads,Free,2025-06-12,Yes,97
U02733,25,Delhi,Student,Influencer,Free,2025-04-21,Yes,78
U02734,21,Pune,Working Professional,Instagram Ads,Free,2024-09-04,No,28
U02735,33,Delhi,Working Professional,Google Ads,Free,2025-01-09,Yes,98
U02736,47,Bangalore,Working Professional,Referral,Premium,2025-01-30,No,4
U02737,40,Chennai,Working Professional,Google Ads,Free,2025-07-29,Yes,55
U02738,27,Delhi,Working Professional,Instagram Ads,Premium,2024-03-18,No,13
U02739,29,Bangalore,Student,Organic,Premium,2025-12-12,No,22
U02740,31,Delhi,Student,Organic,Free,2024-02-10,No,21
U02741,31,Bangalore,Working Professional,Referral,Free,2024-09-14,Yes,38
U02742,19,Delhi,Student,Instagram Ads,Premium,2024-06-29,No,7
U02743,40,Hyderabad,Working Professional,Influencer,Premium,2024-10-16,No,13
U02744,22,Mumbai,Family,Google Ads,Free,2024-05-04,Yes,102
U02745,22,Mumbai,Working Professional,Google Ads,Premium,2025-09-15,Yes,97
U02746,23,Bangalore,Student,Referral,Free,2025-04-12,No,7
U02747,30,Delhi,Family,Referral,Premium,2024-08-22,No,23
U02748,26,Hyderabad,Student,Referral,Premium,2025-05-14,No,12
U02749,47,Mumbai,Student,Referral,Free,2025-12-14,No,7
U02750,39,Bangalore,Working Professional,Referral,Free,2025-07-05,No,10
U02751,45,Delhi,Working Professional,Referral,Free,2025-12-11,Yes,119
U02752,46,Hyderabad,Student,Influencer,Free,2025-09-29,Yes,31
U02753,32,Delhi,Working Professional,Influencer,Premium,2024-03-14,No,19
U02754,31,Mumbai,Working Professional,Google Ads,Free,2025-11-21,No,5
U02755,41,Delhi,Student,Google Ads,Free,2024-01-05,No,1
U02756,24,Hyderabad,Student,Referral,Free,2024-04-27,Yes,81
U02757,42,Delhi,Working Professional,Google Ads,Free,2025-10-22,Yes,66
U02758,37,Pune,Working Professional,Referral,Premium,2024-11-09,No,3
U02759,19,Pune,Student,Influencer,Premium,2024-07-19,No,7
U02760,24,Delhi,Student,Organic,Free,2025-06-26,Yes,52
U02761,23,Bangalore,Working Professional,Influencer,Premium,2025-03-05,No,27
U02762,34,Delhi,Family,Instagram Ads,Free,2025-10-28,No,4
U02763,44,Mumbai,Student,Influencer,Premium,2025-12-10,No,6
U02764,42,Hyderabad,Working Professional,Instagram Ads,Free,2025-09-10,Yes,89
U02765,42,Bangalore,Student,Google Ads,Premium,2024-06-07,Yes,85
U02766,45,Bangalore,Student,Influencer,Premium,2025-11-11,Yes,65
U02767,19,Mumbai,Student,Organic,Free,2024-10-27,No,4
U02768,20,Mumbai,Working Professional,Influencer,Free,2025-02-23,Yes,33
U02769,22,Delhi,Working Professional,Influencer,Free,2024-09-14,No,17
U02770,22,Hyderabad,Family,Influencer,Premium,2024-03-02,No,19
U02771,48,Bangalore,Working Professional,Referral,Free,2025-10-22,Yes,60
U02772,18,Hyderabad,Family,Influencer,Free,2024-06-10,Yes,62
U02773,25,Delhi,Student,Influencer,Free,2024-03-26,No,26
U02774,29,Mumbai,Student,Organic,Premium,2024-01-13,Yes,72
U02775,41,Mumbai,Family,Instagram Ads,Free,2024-10-01,No,16
U02776,21,Delhi,Working Professional,Instagram Ads,Free,2025-02-20,No,13
U02777,30,Mumbai,Family,Organic,Free,2024-05-03,No,2
U02778,40,Pune,Student,Google Ads,Premium,2025-09-07,No,22
U02779,32,Pune,Working Professional,Influencer,Free,2024-02-18,No,7
U02780,48,Bangalore,Working Professional,Google Ads,Premium,2024-01-03,No,27
U02781,28,Mumbai,Student,Organic,Free,2025-12-23,No,27
U02782,27,Delhi,Working Professional,Google Ads,Free,2025-08-05,No,19
U02783,20,Pune,Working Professional,Instagram Ads,Free,2024-09-27,No,1
U02784,39,Delhi,Student,Referral,Free,2025-07-03,Yes,90
U02785,31,Chennai,Student,Google Ads,Premium,2024-06-01,No,21
U02786,33,Mumbai,Student,Referral,Free,2024-11-12,No,17
U02787,27,Mumbai,Student,Google Ads,Free,2025-12-27,No,20
U02788,46,Chennai,Working Professional,Organic,Free,2025-03-09,No,15
U02789,27,Delhi,Student,Referral,Free,2025-06-05,No,22
U02790,29,Bangalore,Student,Google Ads,Free,2025-09-03,Yes,50
U02791,47,Bangalore,Family,Organic,Free,2025-05-04,Yes,84
U02792,26,Delhi,Working Professional,Instagram Ads,Free,2024-07-17,No,6
U02793,18,Mumbai,Working Professional,Influencer,Free,2025-03-11,Yes,57
U02794,22,Bangalore,Working Professional,Organic,Free,2025-11-16,Yes,56
U02795,37,Hyderabad,Family,Organic,Free,2024-08-04,No,27
U02796,25,Delhi,Student,Instagram Ads,Free,2025-05-24,No,17
U02797,28,Chennai,Working Professional,Referral,Premium,2024-02-09,No,8
U02798,29,Delhi,Working Professional,Google Ads,Premium,2025-11-28,Yes,74
U02799,18,Delhi,Student,Referral,Premium,2025-05-03,No,27
U02800,42,Delhi,Working Professional,Organic,Free,2025-08-03,No,18
U02801,49,Delhi,Family,Google Ads,Free,2024-09-05,Yes,37
U02802,39,Delhi,Family,Influencer,Premium,2024-03-25,No,22
U02803,37,Chennai,Student,Influencer,Free,2025-11-10,No,15
U02804,45,Mumbai,Student,Google Ads,Premium,2025-02-07,No,24
U02805,42,Delhi,Family,Organic,Free,2024-01-29,Yes,106
U02806,28,Delhi,Working Professional,Instagram Ads,Free,2024-02-06,Yes,70
U02807,22,Hyderabad,Student,Referral,Free,2025-05-21,No,27
U02808,32,Pune,Working Professional,Referral,Premium,2025-06-15,No,16
U02809,22,Delhi,Student,Instagram Ads,Free,2025-10-19,No,25
U02810,29,Delhi,Student,Instagram Ads,Free,2024-09-16,Yes,103
U02811,22,Delhi,Family,Influencer,Free,2025-10-12,No,14
U02812,34,Delhi,Student,Instagram Ads,Free,2024-09-11,No,4
U02813,34,Delhi,Student,Google Ads,Free,2024-03-26,No,20
U02814,41,Mumbai,Student,Influencer,Free,2025-07-17,Yes,64
U02815,29,Delhi,Working Professional,Organic,Free,2025-10-15,Yes,109
U02816,41,Bangalore,Student,Influencer,Free,2025-09-25,No,5
U02817,45,Delhi,Working Professional,Influencer,Premium,2025-02-15,No,8
U02818,32,Chennai,Working Professional,Referral,Free,2025-01-22,Yes,34
U02819,32,Chennai,Family,Instagram Ads,Free,2025-02-03,No,26
U02820,23,Bangalore,Student,Google Ads,Free,2025-02-25,No,13
U02821,29,Mumbai,Family,Instagram Ads,Free,2025-10-24,Yes,95
U02822,44,Mumbai,Student,Referral,Free,2024-11-28,No,8
U02823,46,Mumbai,Working Professional,Instagram Ads,Free,2025-10-21,No,24
U02824,37,Hyderabad,Working Professional,Google Ads,Free,2025-03-28,Yes,89
U02825,35,Mumbai,Student,Instagram Ads,Free,2025-08-17,Yes,93
U02826,31,Pune,Working Professional,Referral,Premium,2024-05-28,No,10
U02827,19,Chennai,Student,Google Ads,Free,2024-06-18,No,10
U02828,26,Mumbai,Student,Instagram Ads,Free,2024-11-20,Yes,73
U02829,48,Bangalore,Working Professional,Referral,Free,2024-08-15,No,19
U02830,22,Delhi,Working Professional,Referral,Premium,2024-11-21,No,22
U02831,37,Delhi,Student,Influencer,Free,2024-01-05,No,14
U02832,43,Mumbai,Student,Google Ads,Premium,2024-05-31,No,25
U02833,46,Delhi,Student,Google Ads,Premium,2024-08-08,No,8
U02834,18,Pune,Working Professional,Instagram Ads,Free,2024-06-05,No,4
U02835,40,Delhi,Working Professional,Influencer,Premium,2024-09-14,No,15
U02836,20,Mumbai,Student,Google Ads,Free,2024-01-06,No,5
U02837,23,Bangalore,Student,Referral,Free,2024-10-16,Yes,50
U02838,22,Hyderabad,Working Professional,Google Ads,Premium,2024-07-22,No,12
U02839,38,Mumbai,Working Professional,Influencer,Free,2024-10-04,No,6
U02840,44,Pune,Working Professional,Organic,Premium,2024-05-13,No,28
U02841,22,Bangalore,Family,Referral,Free,2025-08-11,No,8
U02842,18,Mumbai,Student,Google Ads,Premium,2025-03-22,No,6
U02843,34,Delhi,Family,Referral,Premium,2024-12-11,No,5
U02844,36,Mumbai,Student,Instagram Ads,Free,2024-04-25,No,9
U02845,31,Pune,Family,Referral,Free,2025-12-13,No,23
U02846,29,Bangalore,Student,Google Ads,Free,2025-08-21,No,26
U02847,27,Pune,Working Professional,Instagram Ads,Premium,2025-08-02,Yes,100
U02848,37,Mumbai,Working Professional,Instagram Ads,Premium,2025-09-04,No,10
U02849,38,Delhi,Working Professional,Instagram Ads,Free,2025-11-04,Yes,74
U02850,35,Delhi,Family,Organic,Free,2024-11-08,Yes,33
U02851,41,Mumbai,Working Professional,Organic,Free,2025-02-24,No,21
U02852,44,Hyderabad,Family,Instagram Ads,Free,2025-08-05,No,5
U02853,28,Hyderabad,Working Professional,Google Ads,Premium,2024-06-21,No,28
U02854,47,Mumbai,Working Professional,Instagram Ads,Premium,2024-06-17,No,11
U02855,19,Mumbai,Student,Instagram Ads,Free,2024-04-12,No,22
U02856,42,Mumbai,Family,Referral,Premium,2024-08-15,No,17
U02857,35,Mumbai,Working Professional,Referral,Premium,2024-05-12,No,21
U02858,46,Delhi,Working Professional,Referral,Premium,2025-07-25,No,23
U02859,42,Delhi,Working Professional,Influencer,Free,2025-10-18,Yes,37
U02860,24,Delhi,Working Professional,Referral,Premium,2024-07-29,No,16
U02861,48,Delhi,Family,Referral,Free,2024-04-18,No,9
U02862,41,Delhi,Student,Google Ads,Free,2024-07-11,No,19
U02863,32,Delhi,Student,Organic,Premium,2024-12-22,No,23
U02864,28,Bangalore,Student,Organic,Free,2025-11-25,Yes,94
U02865,35,Mumbai,Working Professional,Organic,Free,2025-06-04,No,23
U02866,40,Chennai,Student,Influencer,Free,2025-10-05,Yes,53
U02867,29,Delhi,Student,Instagram Ads,Premium,2025-03-01,No,3
U02868,23,Mumbai,Student,Referral,Premium,2024-03-14,No,17
U02869,37,Mumbai,Working Professional,Google Ads,Free,2024-04-05,Yes,76
U02870,40,Delhi,Working Professional,Influencer,Free,2024-05-08,No,20
U02871,49,Pune,Student,Organic,Premium,2024-12-08,No,15
U02872,47,Delhi,Family,Influencer,Free,2025-01-05,Yes,58
U02873,30,Chennai,Family,Google Ads,Free,2025-02-04,Yes,60
U02874,37,Pune,Student,Influencer,Premium,2024-08-09,No,6
U02875,33,Bangalore,Working Professional,Organic,Free,2025-10-01,Yes,36
U02876,35,Bangalore,Working Professional,Instagram Ads,Premium,2025-05-26,No,22
U02877,27,Bangalore,Student,Organic,Free,2025-05-19,No,8
U02878,45,Mumbai,Student,Organic,Premium,2024-11-30,No,28
U02879,40,Bangalore,Working Professional,Organic,Free,2025-01-08,No,15
U02880,25,Delhi,Working Professional,Influencer,Premium,2025-04-30,No,21
U02881,35,Delhi,Student,Google Ads,Free,2024-01-07,No,8
U02882,38,Mumbai,Family,Organic,Premium,2025-01-23,No,1
U02883,18,Bangalore,Working Professional,Influencer,Free,2025-03-11,No,26
U02884,40,Pune,Working Professional,Google Ads,Premium,2024-04-25,No,2
U02885,25,Delhi,Student,Instagram Ads,Premium,2024-04-12,No,24
U02886,46,Pune,Working Professional,Organic,Premium,2025-07-18,No,17
U02887,49,Delhi,Student,Referral,Premium,2024-01-03,No,5
U02888,23,Mumbai,Working Professional,Influencer,Free,2025-06-27,No,12
U02889,22,Mumbai,Working Professional,Instagram Ads,Free,2024-03-20,Yes,66
U02890,32,Mumbai,Working Professional,Instagram Ads,Free,2025-09-27,No,2
U02891,39,Delhi,Working Professional,Instagram Ads,Free,2025-01-30,No,14
U02892,32,Bangalore,Working Professional,Influencer,Premium,2025-01-23,No,12
U02893,19,Pune,Family,Google Ads,Premium,2024-09-16,No,27
U02894,18,Mumbai,Working Professional,Referral,Free,2024-11-07,Yes,119
U02895,40,Mumbai,Student,Google Ads,Free,2024-12-01,Yes,64
U02896,40,Pune,Working Professional,Organic,Free,2024-07-28,No,4
U02897,43,Hyderabad,Student,Referral,Free,2025-05-25,Yes,60
U02898,28,Mumbai,Family,Google Ads,Premium,2025-03-23,Yes,108
U02899,27,Delhi,Working Professional,Organic,Premium,2024-02-14,No,3
U02900,47,Pune,Working Professional,Referral,Free,2025-02-07,No,26
U02901,35,Bangalore,Student,Influencer,Free,2024-11-04,Yes,94
U02902,35,Delhi,Working Professional,Organic,Premium,2024-08-14,No,8
U02903,34,Delhi,Family,Google Ads,Free,2024-12-14,No,2
U02904,43,Pune,Student,Referral,Free,2024-04-22,Yes,38
U02905,25,Delhi,Working Professional,Organic,Free,2024-01-30,No,10
U02906,32,Chennai,Family,Organic,Free,2024-10-02,No,22
U02907,25,Delhi,Working Professional,Influencer,Premium,2024-12-27,Yes,95
U02908,34,Hyderabad,Working Professional,Organic,Free,2025-12-26,Yes,109
U02909,29,Mumbai,Working Professional,Referral,Free,2024-03-27,Yes,88
U02910,44,Mumbai,Working Professional,Instagram Ads,Free,2025-03-11,No,27
U02911,25,Pune,Student,Referral,Premium,2024-01-22,No,4
U02912,42,Mumbai,Student,Referral,Free,2025-01-19,No,23
U02913,31,Bangalore,Working Professional,Influencer,Premium,2024-01-21,No,10
U02914,21,Delhi,Family,Influencer,Premium,2025-11-18,No,25
U02915,18,Delhi,Student,Organic,Free,2025-05-05,No,12
U02916,18,Delhi,Student,Influencer,Free,2025-04-11,No,17
U02917,36,Hyderabad,Working Professional,Organic,Free,2025-03-31,Yes,44
U02918,48,Delhi,Family,Instagram Ads,Free,2025-11-10,Yes,95
U02919,33,Delhi,Student,Google Ads,Free,2024-08-08,No,6
U02920,31,Mumbai,Family,Influencer,Free,2025-08-16,No,5
U02921,38,Bangalore,Student,Influencer,Free,2025-08-13,No,12
U02922,33,Hyderabad,Family,Instagram Ads,Free,2025-05-12,No,11
U02923,22,Delhi,Working Professional,Influencer,Free,2024-06-07,No,21
U02924,26,Delhi,Working Professional,Instagram Ads,Free,2024-05-22,No,9
U02925,43,Chennai,Working Professional,Organic,Free,2024-02-14,Yes,85
U02926,47,Delhi,Working Professional,Influencer,Free,2025-03-26,No,14
U02927,45,Pune,Student,Influencer,Free,2024-08-23,Yes,94
U02928,19,Pune,Student,Organic,Free,2025-11-12,Yes,109
U02929,35,Hyderabad,Working Professional,Influencer,Free,2024-08-12,Yes,118
U02930,49,Delhi,Family,Referral,Free,2025-02-11,No,7
U02931,23,Pune,Working Professional,Instagram Ads,Free,2024-10-20,No,11
U02932,48,Hyderabad,Working Professional,Google Ads,Premium,2024-10-06,No,2
U02933,26,Bangalore,Working Professional,Referral,Premium,2025-08-25,No,23
U02934,18,Mumbai,Student,Google Ads,Free,2025-02-20,Yes,79
U02935,26,Delhi,Family,Referral,Premium,2024-05-26,No,1
U02936,42,Delhi,Working Professional,Referral,Free,2025-08-04,No,7
U02937,33,Bangalore,Working Professional,Referral,Free,2025-04-15,No,2
U02938,30,Bangalore,Working Professional,Instagram Ads,Free,2024-02-18,Yes,41
U02939,26,Mumbai,Family,Google Ads,Premium,2024-01-17,No,19
U02940,38,Mumbai,Family,Organic,Free,2024-05-28,No,14
U02941,30,Mumbai,Working Professional,Organic,Free,2025-07-08,No,28
U02942,48,Bangalore,Working Professional,Influencer,Free,2024-07-30,No,11
U02943,26,Chennai,Working Professional,Instagram Ads,Free,2025-12-16,No,5
U02944,28,Delhi,Working Professional,Instagram Ads,Free,2025-12-17,No,11
U02945,21,Mumbai,Working Professional,Instagram Ads,Free,2024-03-03,No,14
U02946,19,Delhi,Student,Referral,Free,2025-06-19,Yes,104
U02947,46,Bangalore,Working Professional,Instagram Ads,Free,2025-06-28,No,1
U02948,23,Hyderabad,Working Professional,Organic,Free,2025-12-21,Yes,46
U02949,31,Chennai,Working Professional,Instagram Ads,Free,2025-05-01,Yes,39
U02950,21,Delhi,Student,Referral,Free,2025-04-24,No,13
U02951,23,Chennai,Working Professional,Google Ads,Free,2025-11-18,No,10
U02952,36,Delhi,Working Professional,Instagram Ads,Premium,2024-02-13,No,25
U02953,23,Bangalore,Student,Google Ads,Free,2025-10-26,Yes,37
U02954,19,Delhi,Working Professional,Influencer,Free,2025-03-31,No,9
U02955,35,Pune,Family,Referral,Free,2025-05-25,No,17
U02956,30,Bangalore,Working Professional,Instagram Ads,Premium,2024-12-20,No,4
U02957,26,Bangalore,Student,Influencer,Premium,2025-11-30,No,14
U02958,40,Pune,Family,Influencer,Free,2024-01-12,Yes,75
U02959,36,Delhi,Student,Google Ads,Free,2024-12-21,No,23
U02960,30,Delhi,Family,Organic,Premium,2024-05-16,No,1
U02961,28,Pune,Student,Organic,Free,2025-04-18,No,11
U02962,18,Mumbai,Student,Organic,Free,2025-08-20,No,11
U02963,41,Delhi,Working Professional,Organic,Free,2024-02-22,No,17
U02964,47,Mumbai,Working Professional,Referral,Free,2025-07-26,Yes,53
U02965,39,Bangalore,Working Professional,Instagram Ads,Premium,2024-04-22,No,28
U02966,24,Delhi,Working Professional,Instagram Ads,Free,2025-09-11,No,7
U02967,42,Delhi,Family,Referral,Free,2025-04-22,Yes,66
U02968,38,Delhi,Working Professional,Google Ads,Free,2024-11-30,No,16
U02969,32,Mumbai,Working Professional,Instagram Ads,Premium,2025-02-20,No,21
U02970,18,Pune,Student,Influencer,Free,2024-03-07,Yes,66
U02971,29,Chennai,Student,Instagram Ads,Premium,2024-11-15,Yes,94
U02972,43,Bangalore,Working Professional,Referral,Free,2025-09-25,No,5
U02973,24,Delhi,Student,Google Ads,Free,2024-09-10,Yes,88
U02974,32,Chennai,Working Professional,Instagram Ads,Free,2025-02-04,No,8
U02975,38,Bangalore,Working Professional,Referral,Premium,2024-10-26,No,9
U02976,36,Delhi,Student,Influencer,Free,2024-01-05,Yes,59
U02977,45,Chennai,Working Professional,Organic,Free,2025-03-21,No,13
U02978,46,Hyderabad,Student,Influencer,Free,2024-08-22,Yes,96
U02979,42,Hyderabad,Working Professional,Influencer,Premium,2025-03-22,No,27
U02980,18,Hyderabad,Working Professional,Google Ads,Premium,2024-02-08,No,18
U02981,34,Delhi,Working Professional,Instagram Ads,Premium,2024-07-18,No,5
U02982,49,Delhi,Student,Organic,Free,2025-11-12,No,22
U02983,34,Hyderabad,Working Professional,Referral,Free,2024-01-21,No,24
U02984,20,Delhi,Student,Organic,Premium,2025-11-17,No,20
U02985,29,Mumbai,Working Professional,Instagram Ads,Free,2024-03-14,No,1
U02986,23,Hyderabad,Working Professional,Google Ads,Free,2024-05-28,No,13
U02987,43,Hyderabad,Working Professional,Instagram Ads,Free,2025-09-16,No,20
U02988,28,Mumbai,Family,Referral,Free,2024-10-10,Yes,88
U02989,20,Hyderabad,Working Professional,Organic,Free,2024-03-26,No,24
U02990,25,Pune,Student,Influencer,Free,2024-04-11,No,18
U02991,31,Bangalore,Student,Instagram Ads,Free,2025-06-14,No,10
U02992,31,Delhi,Family,Google Ads,Free,2024-03-03,Yes,99
U02993,27,Delhi,Student,Google Ads,Free,2025-09-19,No,20
U02994,19,Mumbai,Working Professional,Organic,Free,2025-11-22,No,27
U02995,31,Delhi,Working Professional,Influencer,Free,2025-07-03,No,18
U02996,26,Delhi,Working Professional,Referral,Free,2025-02-11,Yes,36
U02997,20,Delhi,Working Professional,Influencer,Free,2025-08-26,Yes,101
U02998,38,Mumbai,Working Professional,Organic,Free,2024-06-21,No,1
U02999,43,Chennai,Working Professional,Influencer,Free,2025-12-17,Yes,40
U03000,25,Delhi,Family,Organic,Premium,2025-06-04,No,7
U03001,33,Hyderabad,Working Professional,Influencer,Free,2025-06-04,Yes,33
U03002,19,Hyderabad,Working Professional,Instagram Ads,Free,2025-06-16,Yes,49
U03003,23,Delhi,Working Professional,Google Ads,Free,2024-01-24,No,3
U03004,45,Chennai,Working Professional,Organic,Premium,2024-04-04,No,20
U03005,38,Bangalore,Family,Organic,Free,2025-12-04,Yes,43
U03006,46,Mumbai,Student,Google Ads,Premium,2024-10-22,No,8
U03007,43,Hyderabad,Student,Referral,Free,2024-06-28,Yes,90
U03008,42,Delhi,Family,Organic,Premium,2024-05-10,No,23
U03009,29,Hyderabad,Working Professional,Instagram Ads,Free,2025-06-16,Yes,74
U03010,22,Delhi,Student,Influencer,Free,2024-01-08,Yes,82
U03011,19,Pune,Working Professional,Instagram Ads,Free,2024-07-19,No,25
U03012,33,Mumbai,Family,Organic,Free,2025-01-19,Yes,92
U03013,22,Bangalore,Family,Referral,Premium,2025-06-09,No,6
U03014,32,Delhi,Working Professional,Organic,Free,2025-07-01,No,19
U03015,29,Bangalore,Student,Referral,Free,2025-02-09,Yes,92
U03016,21,Hyderabad,Family,Google Ads,Premium,2025-01-07,No,12
U03017,32,Mumbai,Working Professional,Influencer,Free,2024-06-12,Yes,106
U03018,28,Bangalore,Family,Instagram Ads,Free,2025-07-10,No,15
U03019,33,Mumbai,Student,Referral,Premium,2025-10-17,No,24
U03020,40,Pune,Student,Instagram Ads,Premium,2025-06-06,No,24
U03021,23,Mumbai,Working Professional,Google Ads,Premium,2024-12-19,No,22
U03022,31,Pune,Student,Organic,Free,2025-02-12,No,4
U03023,35,Pune,Working Professional,Referral,Premium,2025-05-25,No,19
U03024,29,Mumbai,Family,Influencer,Premium,2024-07-30,No,25
U03025,44,Delhi,Working Professional,Referral,Free,2025-09-16,No,5
U03026,28,Mumbai,Family,Organic,Free,2024-12-10,Yes,98
U03027,30,Pune,Working Professional,Organic,Free,2024-01-11,No,9
U03028,38,Delhi,Working Professional,Influencer,Free,2024-12-01,No,23
U03029,40,Bangalore,Family,Influencer,Premium,2024-12-05,No,19
U03030,28,Pune,Working Professional,Google Ads,Premium,2025-11-08,Yes,74
U03031,40,Mumbai,Working Professional,Instagram Ads,Premium,2024-09-14,No,8
U03032,33,Bangalore,Working Professional,Referral,Free,2024-02-23,No,21
U03033,32,Delhi,Working Professional,Google Ads,Free,2025-08-27,Yes,69
U03034,38,Delhi,Student,Instagram Ads,Free,2024-10-22,No,8
U03035,45,Hyderabad,Family,Google Ads,Free,2025-07-10,No,11
U03036,32,Delhi,Family,Influencer,Free,2024-08-04,Yes,41
U03037,42,Delhi,Working Professional,Influencer,Free,2025-12-01,No,14
U03038,21,Pune,Working Professional,Organic,Free,2025-01-22,Yes,36
U03039,28,Mumbai,Working Professional,Referral,Free,2024-04-16,No,5
U03040,36,Chennai,Working Professional,Referral,Free,2025-04-17,Yes,84
U03041,32,Chennai,Working Professional,Referral,Free,2024-01-08,No,1
U03042,21,Delhi,Family,Google Ads,Free,2025-06-27,No,6
U03043,38,Delhi,Working Professional,Google Ads,Free,2024-06-16,No,7
U03044,30,Hyderabad,Student,Referral,Premium,2024-11-26,No,25
U03045,39,Mumbai,Family,Organic,Premium,2024-02-06,No,27
U03046,36,Delhi,Working Professional,Instagram Ads,Free,2024-08-18,No,14
U03047,19,Hyderabad,Family,Google Ads,Free,2024-07-01,No,14
U03048,31,Delhi,Student,Referral,Free,2024-10-18,No,16
U03049,46,Pune,Student,Influencer,Free,2025-06-05,Yes,107
U03050,21,Delhi,Family,Google Ads,Free,2024-03-10,Yes,38
U03051,33,Delhi,Student,Instagram Ads,Premium,2024-08-24,No,18
U03052,38,Delhi,Family,Google Ads,Free,2025-04-08,No,24
U03053,37,Chennai,Family,Instagram Ads,Free,2024-04-27,Yes,107
U03054,31,Hyderabad,Working Professional,Instagram Ads,Free,2025-12-29,Yes,64
U03055,44,Pune,Student,Google Ads,Premium,2024-07-09,Yes,54
U03056,46,Mumbai,Working Professional,Instagram Ads,Free,2025-05-20,No,5
U03057,32,Mumbai,Family,Google Ads,Free,2025-05-18,Yes,60
U03058,45,Delhi,Working Professional,Google Ads,Premium,2025-02-04,No,10
U03059,20,Mumbai,Working Professional,Organic,Free,2024-11-12,Yes,72
U03060,25,Bangalore,Working Professional,Influencer,Free,2025-12-18,No,2
U03061,33,Bangalore,Student,Instagram Ads,Free,2024-08-09,No,3
U03062,27,Delhi,Family,Google Ads,Free,2025-10-19,Yes,36
U03063,21,Chennai,Family,Instagram Ads,Premium,2024-07-07,No,7
U03064,47,Delhi,Family,Google Ads,Premium,2024-10-18,No,5
U03065,35,Chennai,Working Professional,Google Ads,Free,2024-08-10,No,10
U03066,19,Delhi,Working Professional,Google Ads,Premium,2025-02-20,No,4
U03067,34,Mumbai,Student,Influencer,Free,2025-02-10,No,2
U03068,30,Mumbai,Working Professional,Instagram Ads,Free,2024-02-07,No,17
U03069,21,Mumbai,Working Professional,Influencer,Free,2025-03-28,No,19
U03070,43,Bangalore,Family,Influencer,Free,2024-07-25,Yes,46
U03071,42,Mumbai,Family,Influencer,Premium,2025-02-03,No,9
U03072,47,Mumbai,Family,Influencer,Free,2024-07-05,Yes,116
U03073,28,Hyderabad,Family,Organic,Free,2024-12-25,No,21
U03074,24,Hyderabad,Family,Instagram Ads,Free,2025-08-26,No,19
U03075,48,Pune,Student,Instagram Ads,Free,2024-01-06,No,3
U03076,29,Delhi,Family,Google Ads,Premium,2024-05-12,No,7
U03077,27,Bangalore,Working Professional,Instagram Ads,Premium,2025-04-17,Yes,55
U03078,24,Bangalore,Working Professional,Influencer,Free,2025-08-26,Yes,58
U03079,30,Mumbai,Student,Referral,Free,2025-05-27,No,12
U03080,48,Mumbai,Working Professional,Instagram Ads,Premium,2024-03-23,No,19
U03081,24,Mumbai,Student,Referral,Free,2025-11-21,No,26
U03082,48,Delhi,Working Professional,Organic,Free,2025-01-11,No,7
U03083,41,Delhi,Working Professional,Google Ads,Free,2024-11-30,Yes,35
U03084,34,Delhi,Family,Google Ads,Premium,2025-10-20,No,3
U03085,27,Hyderabad,Family,Google Ads,Free,2024-04-11,No,5
U03086,46,Bangalore,Working Professional,Organic,Premium,2024-10-14,No,28
U03087,27,Chennai,Working Professional,Influencer,Free,2024-01-31,Yes,62
U03088,41,Hyderabad,Student,Referral,Premium,2024-11-09,No,27
U03089,21,Delhi,Working Professional,Instagram Ads,Free,2024-06-02,Yes,90
U03090,37,Pune,Student,Influencer,Free,2025-07-13,Yes,47
U03091,21,Pune,Family,Google Ads,Free,2025-07-06,Yes,43
U03092,39,Mumbai,Working Professional,Google Ads,Free,2024-06-01,No,24
U03093,24,Bangalore,Student,Influencer,Premium,2025-11-24,No,23
U03094,39,Chennai,Working Professional,Referral,Free,2024-08-19,No,1
U03095,18,Bangalore,Working Professional,Influencer,Free,2024-04-30,Yes,60
U03096,29,Chennai,Working Professional,Organic,Premium,2024-07-03,No,28
U03097,41,Delhi,Student,Google Ads,Free,2025-03-31,Yes,36
U03098,30,Delhi,Family,Referral,Free,2025-01-22,No,15
U03099,27,Mumbai,Student,Instagram Ads,Free,2025-09-23,No,13
U03100,32,Bangalore,Student,Google Ads,Free,2024-08-13,Yes,30
U03101,44,Pune,Student,Influencer,Premium,2025-09-15,No,5
U03102,30,Chennai,Working Professional,Referral,Free,2024-07-13,No,7
U03103,40,Mumbai,Student,Google Ads,Free,2024-01-26,Yes,116
U03104,39,Delhi,Student,Instagram Ads,Premium,2024-07-12,No,15
U03105,39,Pune,Working Professional,Instagram Ads,Free,2024-01-19,No,7
U03106,38,Bangalore,Working Professional,Influencer,Free,2025-06-20,No,3
U03107,39,Delhi,Student,Organic,Premium,2025-07-12,Yes,86
U03108,45,Mumbai,Student,Influencer,Free,2025-12-11,No,22
U03109,26,Hyderabad,Working Professional,Referral,Free,2024-09-20,Yes,103
U03110,43,Hyderabad,Student,Influencer,Free,2025-05-29,No,9
U03111,26,Mumbai,Working Professional,Referral,Premium,2025-04-15,No,28
U03112,32,Mumbai,Student,Organic,Free,2024-08-26,No,1
U03113,27,Chennai,Student,Influencer,Premium,2024-10-15,Yes,42
U03114,41,Bangalore,Working Professional,Instagram Ads,Free,2025-01-02,No,21
U03115,43,Mumbai,Student,Referral,Free,2025-02-15,No,3
U03116,42,Mumbai,Student,Referral,Free,2024-01-22,No,6
U03117,46,Hyderabad,Working Professional,Instagram Ads,Free,2024-12-19,Yes,43
U03118,27,Delhi,Family,Influencer,Free,2025-06-25,Yes,66
U03119,25,Delhi,Working Professional,Organic,Free,2025-07-12,No,24
U03120,41,Bangalore,Family,Google Ads,Free,2025-02-23,Yes,43
U03121,33,Mumbai,Family,Influencer,Free,2024-11-10,Yes,95
U03122,34,Bangalore,Family,Influencer,Free,2024-11-24,No,11
U03123,43,Delhi,Working Professional,Referral,Free,2025-04-14,No,14
U03124,44,Bangalore,Working Professional,Referral,Free,2025-04-07,No,25
U03125,22,Mumbai,Working Professional,Organic,Free,2025-03-15,Yes,82
U03126,21,Delhi,Student,Organic,Free,2025-10-25,No,25
U03127,35,Delhi,Working Professional,Organic,Premium,2024-09-04,No,20
U03128,41,Chennai,Family,Instagram Ads,Free,2024-06-19,Yes,74
U03129,36,Pune,Working Professional,Google Ads,Free,2024-10-05,Yes,66
U03130,21,Delhi,Working Professional,Google Ads,Free,2024-05-27,No,9
U03131,45,Hyderabad,Working Professional,Organic,Free,2025-09-12,No,1
U03132,24,Bangalore,Working Professional,Referral,Premium,2024-05-22,No,14
U03133,27,Chennai,Working Professional,Google Ads,Premium,2024-03-11,No,5
U03134,42,Mumbai,Working Professional,Influencer,Free,2024-11-06,No,24
U03135,35,Hyderabad,Working Professional,Instagram Ads,Premium,2025-09-29,Yes,87
U03136,36,Delhi,Working Professional,Referral,Premium,2025-04-11,Yes,36
U03137,21,Mumbai,Family,Instagram Ads,Free,2025-08-16,Yes,42
U03138,27,Chennai,Family,Influencer,Free,2024-02-10,No,2
U03139,18,Bangalore,Student,Google Ads,Free,2024-12-21,No,28
U03140,40,Mumbai,Family,Instagram Ads,Free,2024-05-23,No,2
U03141,35,Delhi,Student,Instagram Ads,Premium,2025-11-13,No,24
U03142,22,Hyderabad,Student,Instagram Ads,Free,2024-10-05,Yes,117
U03143,32,Bangalore,Working Professional,Influencer,Premium,2025-04-15,No,19
U03144,34,Mumbai,Student,Referral,Premium,2025-10-16,No,28
U03145,20,Chennai,Student,Referral,Free,2025-09-30,No,18
U03146,29,Delhi,Working Professional,Influencer,Premium,2024-02-27,No,15
U03147,19,Mumbai,Working Professional,Instagram Ads,Free,2024-06-16,Yes,32
U03148,18,Chennai,Student,Instagram Ads,Free,2025-09-21,Yes,31
U03149,40,Mumbai,Working Professional,Organic,Premium,2024-06-14,No,20
U03150,38,Delhi,Working Professional,Google Ads,Free,2025-01-07,Yes,51
U03151,34,Bangalore,Working Professional,Google Ads,Free,2024-03-22,No,19
U03152,39,Pune,Family,Referral,Free,2024-05-13,No,8
U03153,33,Delhi,Working Professional,Influencer,Free,2024-12-29,No,1
U03154,22,Chennai,Student,Instagram Ads,Premium,2025-04-29,No,11
U03155,32,Hyderabad,Student,Google Ads,Free,2024-02-15,No,21
U03156,20,Delhi,Working Professional,Influencer,Free,2024-09-18,No,10
U03157,45,Hyderabad,Working Professional,Influencer,Free,2025-04-13,No,6
U03158,24,Mumbai,Student,Instagram Ads,Free,2025-09-26,Yes,50
U03159,49,Mumbai,Student,Influencer,Free,2024-08-09,Yes,106
U03160,28,Hyderabad,Working Professional,Google Ads,Premium,2024-04-01,No,9
U03161,27,Chennai,Working Professional,Organic,Free,2024-01-19,Yes,92
U03162,26,Delhi,Working Professional,Google Ads,Free,2024-09-26,Yes,73
U03163,31,Mumbai,Family,Organic,Free,2025-07-30,No,23
U03164,30,Mumbai,Working Professional,Influencer,Free,2025-10-30,No,11
U03165,46,Mumbai,Working Professional,Google Ads,Free,2025-02-18,Yes,95
U03166,42,Mumbai,Working Professional,Instagram Ads,Premium,2025-10-26,No,16
U03167,47,Delhi,Family,Influencer,Free,2024-09-03,Yes,108
U03168,42,Hyderabad,Working Professional,Instagram Ads,Free,2025-12-11,No,10
U03169,19,Mumbai,Student,Organic,Premium,2024-10-28,No,2
U03170,49,Delhi,Student,Referral,Premium,2024-01-16,No,28
U03171,20,Pune,Working Professional,Referral,Free,2025-09-11,Yes,99
U03172,24,Pune,Family,Organic,Free,2025-05-17,No,25
U03173,38,Mumbai,Student,Referral,Free,2025-01-29,Yes,106
U03174,35,Mumbai,Student,Influencer,Premium,2025-11-26,No,27
U03175,20,Bangalore,Family,Influencer,Free,2024-07-02,No,3
U03176,27,Mumbai,Family,Google Ads,Free,2025-03-16,No,6
U03177,39,Delhi,Student,Influencer,Free,2025-08-03,No,13
U03178,46,Hyderabad,Working Professional,Referral,Free,2024-09-06,No,19
U03179,24,Delhi,Working Professional,Instagram Ads,Free,2025-01-10,Yes,69
U03180,26,Delhi,Student,Google Ads,Free,2025-04-02,Yes,43
U03181,34,Delhi,Family,Instagram Ads,Free,2025-12-30,No,13
U03182,28,Delhi,Student,Referral,Free,2024-03-28,Yes,63
U03183,24,Delhi,Student,Instagram Ads,Free,2024-12-11,No,22
U03184,41,Chennai,Student,Referral,Free,2025-12-29,Yes,33
U03185,45,Mumbai,Student,Influencer,Free,2025-01-24,No,18
U03186,31,Delhi,Student,Google Ads,Free,2024-06-28,No,12
U03187,36,Delhi,Student,Organic,Free,2025-09-28,No,8
U03188,21,Chennai,Working Professional,Referral,Free,2025-01-10,Yes,40
U03189,43,Bangalore,Student,Influencer,Free,2024-07-01,No,23
U03190,23,Mumbai,Family,Instagram Ads,Free,2024-11-24,Yes,61
U03191,27,Pune,Working Professional,Influencer,Free,2025-05-04,Yes,79
U03192,49,Mumbai,Working Professional,Instagram Ads,Free,2024-07-18,No,1
U03193,24,Mumbai,Student,Instagram Ads,Premium,2025-11-26,Yes,33
U03194,30,Delhi,Student,Instagram Ads,Free,2025-04-23,No,17
U03195,31,Mumbai,Working Professional,Instagram Ads,Free,2025-03-30,No,21
U03196,21,Mumbai,Working Professional,Google Ads,Free,2025-03-15,No,18
U03197,25,Bangalore,Working Professional,Instagram Ads,Premium,2025-08-23,No,20
U03198,22,Mumbai,Working Professional,Google Ads,Free,2025-05-13,Yes,106
U03199,18,Bangalore,Working Professional,Organic,Free,2025-09-21,No,15
U03200,21,Delhi,Working Professional,Google Ads,Free,2024-06-04,No,19
U03201,20,Delhi,Family,Instagram Ads,Free,2025-04-03,No,27
U03202,26,Mumbai,Working Professional,Organic,Premium,2025-11-01,No,28
U03203,25,Chennai,Family,Influencer,Premium,2024-07-01,No,24
U03204,18,Mumbai,Family,Google Ads,Free,2025-03-11,Yes,91
U03205,44,Bangalore,Student,Influencer,Free,2025-12-14,No,25
U03206,23,Delhi,Student,Organic,Free,2025-07-31,Yes,119
U03207,26,Delhi,Working Professional,Google Ads,Free,2024-02-15,No,8
U03208,24,Delhi,Working Professional,Instagram Ads,Free,2024-08-31,No,8
U03209,21,Mumbai,Working Professional,Google Ads,Premium,2024-06-04,No,15
U03210,30,Delhi,Working Professional,Instagram Ads,Free,2025-01-28,No,11
U03211,34,Delhi,Student,Referral,Free,2024-09-05,No,15
U03212,45,Hyderabad,Student,Google Ads,Free,2025-08-29,Yes,100
U03213,19,Delhi,Student,Google Ads,Premium,2024-09-11,No,11
U03214,45,Bangalore,Working Professional,Influencer,Premium,2024-12-27,No,1
U03215,22,Mumbai,Working Professional,Influencer,Premium,2025-12-13,No,17
U03216,29,Bangalore,Student,Organic,Free,2025-10-07,No,11
U03217,44,Bangalore,Working Professional,Instagram Ads,Free,2025-01-11,No,14
U03218,49,Mumbai,Student,Influencer,Free,2024-06-01,No,12
U03219,38,Mumbai,Student,Organic,Premium,2024-08-27,Yes,94
U03220,25,Hyderabad,Working Professional,Instagram Ads,Premium,2025-04-04,No,12
U03221,23,Pune,Working Professional,Instagram Ads,Free,2024-05-31,No,27
U03222,25,Delhi,Working Professional,Instagram Ads,Free,2025-03-15,Yes,68
U03223,35,Delhi,Family,Referral,Free,2025-08-25,No,15
U03224,20,Pune,Family,Instagram Ads,Premium,2024-08-27,No,9
U03225,39,Mumbai,Student,Organic,Free,2024-07-01,No,25
U03226,29,Bangalore,Working Professional,Instagram Ads,Free,2024-11-05,Yes,96
U03227,46,Mumbai,Working Professional,Instagram Ads,Premium,2024-09-15,No,15
U03228,43,Delhi,Working Professional,Organic,Free,2025-04-04,No,2
U03229,20,Bangalore,Working Professional,Google Ads,Premium,2025-03-06,Yes,97
U03230,39,Bangalore,Student,Instagram Ads,Premium,2025-05-14,No,23
U03231,23,Delhi,Student,Organic,Free,2024-03-16,No,1
U03232,19,Mumbai,Working Professional,Influencer,Free,2024-10-23,Yes,64
U03233,40,Hyderabad,Working Professional,Organic,Free,2024-12-27,No,15
U03234,29,Bangalore,Student,Referral,Free,2024-07-01,Yes,118
U03235,19,Delhi,Student,Influencer,Free,2024-02-28,Yes,81
U03236,23,Bangalore,Working Professional,Google Ads,Premium,2025-07-05,No,14
U03237,34,Hyderabad,Student,Google Ads,Premium,2025-07-10,No,26
U03238,20,Hyderabad,Student,Organic,Free,2025-02-09,Yes,87
U03239,19,Bangalore,Student,Organic,Premium,2025-06-10,No,24
U03240,40,Delhi,Student,Instagram Ads,Free,2024-07-05,Yes,53
U03241,47,Hyderabad,Working Professional,Instagram Ads,Free,2024-01-25,No,3
U03242,37,Bangalore,Working Professional,Referral,Premium,2024-10-25,No,6
U03243,25,Delhi,Student,Instagram Ads,Free,2024-07-10,No,11
U03244,39,Mumbai,Student,Organic,Premium,2025-11-21,Yes,54
U03245,29,Mumbai,Student,Organic,Premium,2025-07-26,Yes,44
U03246,43,Bangalore,Working Professional,Instagram Ads,Premium,2024-05-10,No,25
U03247,21,Delhi,Student,Referral,Free,2025-11-06,No,14
U03248,22,Bangalore,Working Professional,Organic,Free,2025-05-18,No,10
U03249,30,Chennai,Student,Referral,Free,2024-07-25,No,4
U03250,46,Hyderabad,Student,Organic,Free,2024-08-25,Yes,68
U03251,48,Chennai,Student,Referral,Premium,2024-07-10,No,27
U03252,32,Chennai,Student,Referral,Free,2024-01-28,Yes,76
U03253,42,Delhi,Working Professional,Referral,Free,2024-04-16,Yes,119
U03254,40,Bangalore,Working Professional,Instagram Ads,Premium,2024-08-10,No,22
U03255,33,Mumbai,Family,Google Ads,Premium,2025-01-14,No,15
U03256,27,Pune,Student,Referral,Free,2025-03-04,No,6
U03257,47,Delhi,Student,Referral,Free,2024-03-24,Yes,67
U03258,47,Chennai,Student,Organic,Free,2025-05-12,Yes,91
U03259,42,Bangalore,Working Professional,Google Ads,Premium,2024-08-24,No,24
U03260,40,Hyderabad,Student,Organic,Free,2024-05-28,Yes,103
U03261,33,Delhi,Working Professional,Organic,Free,2025-09-03,Yes,37
U03262,29,Delhi,Student,Referral,Free,2024-02-04,No,10
U03263,34,Hyderabad,Student,Influencer,Premium,2024-04-06,No,4
U03264,33,Delhi,Family,Google Ads,Free,2024-08-20,Yes,114
U03265,29,Pune,Working Professional,Organic,Free,2025-02-10,No,19
U03266,25,Delhi,Working Professional,Influencer,Free,2025-06-08,No,11
U03267,37,Bangalore,Working Professional,Influencer,Free,2025-05-03,No,10
U03268,20,Mumbai,Working Professional,Organic,Free,2025-02-07,No,16
U03269,33,Bangalore,Student,Referral,Premium,2024-08-10,Yes,92
U03270,47,Hyderabad,Working Professional,Instagram Ads,Free,2025-02-06,No,17
U03271,30,Mumbai,Student,Organic,Premium,2025-03-26,No,2
U03272,40,Delhi,Working Professional,Referral,Premium,2025-08-08,No,14
U03273,45,Delhi,Working Professional,Google Ads,Free,2024-07-02,Yes,105
U03274,36,Bangalore,Working Professional,Referral,Free,2024-10-03,Yes,102
U03275,25,Bangalore,Working Professional,Influencer,Premium,2025-07-21,No,22
U03276,39,Hyderabad,Working Professional,Google Ads,Free,2025-07-22,No,15
U03277,22,Bangalore,Student,Google Ads,Free,2025-01-20,No,1
U03278,37,Mumbai,Student,Instagram Ads,Free,2025-05-07,Yes,31
U03279,25,Mumbai,Student,Instagram Ads,Premium,2024-10-21,No,6
U03280,41,Delhi,Working Professional,Organic,Free,2024-03-01,No,20
U03281,29,Mumbai,Family,Referral,Premium,2025-11-15,No,27
U03282,18,Chennai,Student,Organic,Premium,2025-09-13,No,19
U03283,42,Pune,Student,Instagram Ads,Free,2024-05-25,No,11
U03284,47,Mumbai,Working Professional,Influencer,Free,2025-06-09,No,6
U03285,38,Bangalore,Family,Instagram Ads,Premium,2024-07-01,No,19
U03286,37,Pune,Working Professional,Referral,Free,2024-11-10,No,4
U03287,23,Mumbai,Student,Influencer,Premium,2025-10-20,No,10
U03288,39,Delhi,Family,Organic,Premium,2025-10-13,Yes,87
U03289,35,Delhi,Family,Organic,Free,2025-10-21,No,11
U03290,25,Bangalore,Student,Instagram Ads,Free,2024-02-05,Yes,110
U03291,24,Chennai,Family,Instagram Ads,Free,2024-02-25,No,23
U03292,49,Hyderabad,Working Professional,Organic,Free,2024-02-10,No,22
U03293,18,Delhi,Working Professional,Organic,Free,2025-01-17,Yes,92
U03294,38,Delhi,Working Professional,Google Ads,Free,2024-06-17,No,9
U03295,33,Hyderabad,Family,Referral,Premium,2024-06-19,No,1
U03296,29,Pune,Working Professional,Google Ads,Premium,2025-09-09,No,19
U03297,23,Bangalore,Student,Google Ads,Free,2025-03-31,No,24
U03298,37,Bangalore,Family,Organic,Free,2025-08-20,No,17
U03299,19,Delhi,Student,Referral,Free,2025-05-05,Yes,107
U03300,46,Pune,Working Professional,Organic,Premium,2024-10-20,No,28
U03301,31,Hyderabad,Working Professional,Google Ads,Free,2025-10-19,No,17
U03302,21,Delhi,Student,Google Ads,Free,2024-09-20,Yes,69
U03303,18,Hyderabad,Student,Organic,Free,2024-09-03,No,14
U03304,40,Delhi,Family,Instagram Ads,Free,2024-05-27,No,9
U03305,35,Delhi,Working Professional,Instagram Ads,Premium,2025-03-16,No,7
U03306,30,Delhi,Working Professional,Organic,Premium,2024-12-27,No,16
U03307,19,Delhi,Working Professional,Influencer,Premium,2024-08-09,No,14
U03308,26,Mumbai,Working Professional,Influencer,Free,2025-10-19,No,6
U03309,38,Mumbai,Working Professional,Instagram Ads,Free,2024-04-17,Yes,50
U03310,19,Bangalore,Student,Referral,Free,2024-08-02,No,28
U03311,44,Mumbai,Working Professional,Google Ads,Free,2024-05-09,No,25
U03312,42,Delhi,Family,Referral,Free,2025-07-29,No,13
U03313,26,Delhi,Working Professional,Instagram Ads,Free,2024-10-26,No,26
U03314,18,Bangalore,Student,Organic,Free,2025-03-10,Yes,115
U03315,28,Mumbai,Family,Influencer,Premium,2024-12-27,Yes,71
U03316,20,Mumbai,Working Professional,Instagram Ads,Free,2024-08-11,No,15
U03317,37,Pune,Student,Referral,Premium,2025-07-30,No,26
U03318,47,Hyderabad,Family,Referral,Free,2025-05-01,No,18
U03319,40,Pune,Working Professional,Instagram Ads,Free,2025-07-30,Yes,73
U03320,43,Mumbai,Student,Google Ads,Premium,2025-01-08,No,11
U03321,21,Delhi,Student,Referral,Premium,2025-11-24,Yes,71
U03322,35,Hyderabad,Working Professional,Google Ads,Premium,2024-04-17,No,12
U03323,40,Delhi,Working Professional,Google Ads,Free,2024-12-16,No,19
U03324,23,Mumbai,Student,Organic,Premium,2025-02-26,No,12
U03325,20,Delhi,Student,Instagram Ads,Free,2025-01-26,No,23
U03326,39,Pune,Student,Instagram Ads,Free,2025-09-14,Yes,57
U03327,28,Delhi,Working Professional,Google Ads,Free,2024-03-16,Yes,53
U03328,32,Chennai,Student,Organic,Premium,2024-09-06,No,19
U03329,39,Pune,Student,Referral,Free,2024-08-28,No,19
U03330,45,Mumbai,Working Professional,Referral,Free,2024-08-13,No,1
U03331,22,Hyderabad,Working Professional,Instagram Ads,Free,2025-04-17,Yes,40
U03332,37,Bangalore,Working Professional,Google Ads,Free,2025-11-06,No,17
U03333,27,Pune,Working Professional,Organic,Free,2024-09-19,Yes,89
U03334,29,Mumbai,Working Professional,Organic,Premium,2024-01-15,No,7
U03335,32,Hyderabad,Working Professional,Referral,Free,2024-12-06,Yes,59
U03336,34,Mumbai,Family,Referral,Free,2025-10-26,No,6
U03337,27,Chennai,Working Professional,Influencer,Free,2025-05-10,Yes,53
U03338,23,Mumbai,Student,Influencer,Premium,2025-03-16,No,20
U03339,35,Mumbai,Working Professional,Google Ads,Premium,2025-07-03,No,20
U03340,30,Hyderabad,Working Professional,Influencer,Free,2024-02-06,No,23
U03341,20,Pune,Working Professional,Organic,Premium,2025-09-25,No,1
U03342,47,Bangalore,Working Professional,Influencer,Free,2024-06-23,Yes,75
U03343,41,Delhi,Family,Instagram Ads,Premium,2025-03-11,Yes,48
U03344,27,Mumbai,Working Professional,Instagram Ads,Free,2024-10-19,No,17
U03345,47,Chennai,Working Professional,Referral,Free,2024-10-27,No,4
U03346,31,Hyderabad,Family,Referral,Free,2025-10-15,Yes,111
U03347,23,Pune,Working Professional,Google Ads,Free,2025-11-04,Yes,41
U03348,20,Delhi,Working Professional,Instagram Ads,Premium,2024-12-04,No,27
U03349,33,Mumbai,Family,Google Ads,Premium,2024-01-23,No,2
U03350,24,Bangalore,Student,Google Ads,Free,2024-12-15,No,16
U03351,37,Pune,Student,Influencer,Free,2024-03-06,No,21
U03352,31,Delhi,Family,Referral,Free,2025-01-29,No,13
U03353,26,Pune,Working Professional,Google Ads,Premium,2025-03-08,No,11
U03354,32,Bangalore,Family,Google Ads,Free,2025-07-23,Yes,36
U03355,38,Delhi,Student,Referral,Premium,2024-01-29,No,16
U03356,20,Mumbai,Working Professional,Referral,Free,2024-03-23,No,10
U03357,19,Mumbai,Student,Instagram Ads,Free,2025-04-20,No,4
U03358,44,Bangalore,Working Professional,Referral,Free,2025-03-10,No,19
U03359,19,Delhi,Student,Influencer,Free,2025-10-02,Yes,58
U03360,20,Delhi,Student,Instagram Ads,Premium,2024-05-12,Yes,111
U03361,35,Pune,Student,Google Ads,Free,2024-04-24,No,7
U03362,31,Delhi,Working Professional,Influencer,Premium,2024-02-03,No,18
U03363,37,Delhi,Working Professional,Influencer,Free,2025-09-28,Yes,107
U03364,35,Mumbai,Student,Instagram Ads,Free,2024-03-18,No,22
U03365,49,Bangalore,Student,Google Ads,Premium,2024-10-01,No,10
U03366,27,Hyderabad,Student,Instagram Ads,Free,2024-12-09,No,15
U03367,42,Mumbai,Family,Organic,Free,2025-11-10,No,12
U03368,19,Hyderabad,Student,Organic,Free,2024-03-21,No,1
U03369,42,Bangalore,Student,Instagram Ads,Free,2025-08-29,No,10
U03370,46,Delhi,Family,Google Ads,Free,2025-12-21,Yes,100
U03371,39,Delhi,Working Professional,Google Ads,Free,2024-03-12,No,27
U03372,18,Mumbai,Working Professional,Referral,Free,2024-05-24,No,20
U03373,21,Mumbai,Working Professional,Influencer,Free,2024-02-07,No,27
U03374,48,Hyderabad,Family,Instagram Ads,Premium,2025-04-18,No,22
U03375,31,Bangalore,Student,Influencer,Premium,2024-06-19,Yes,54
U03376,18,Mumbai,Family,Influencer,Premium,2024-02-09,No,15
U03377,31,Delhi,Family,Organic,Premium,2024-06-21,No,25
U03378,33,Delhi,Working Professional,Organic,Premium,2025-02-27,No,3
U03379,39,Bangalore,Working Professional,Instagram Ads,Free,2024-07-17,No,16
U03380,31,Mumbai,Working Professional,Instagram Ads,Premium,2024-08-09,No,28
U03381,46,Bangalore,Student,Google Ads,Free,2025-08-24,No,20
U03382,37,Delhi,Student,Instagram Ads,Free,2025-11-05,No,21
U03383,20,Bangalore,Family,Google Ads,Free,2025-03-25,No,16
U03384,20,Pune,Working Professional,Google Ads,Free,2025-03-03,Yes,40
U03385,26,Delhi,Working Professional,Instagram Ads,Premium,2025-03-23,No,15
U03386,23,Mumbai,Working Professional,Google Ads,Free,2025-10-06,No,8
U03387,42,Chennai,Working Professional,Influencer,Free,2025-03-07,No,26
U03388,30,Mumbai,Student,Google Ads,Free,2024-11-17,No,2
U03389,38,Bangalore,Working Professional,Influencer,Premium,2024-05-31,No,4
U03390,19,Delhi,Working Professional,Influencer,Free,2024-02-14,No,27
U03391,25,Bangalore,Student,Influencer,Free,2024-11-19,No,14
U03392,38,Delhi,Family,Referral,Free,2025-02-15,No,18
U03393,19,Chennai,Student,Referral,Premium,2024-09-17,Yes,38
U03394,21,Hyderabad,Working Professional,Google Ads,Free,2024-08-06,Yes,117
U03395,42,Hyderabad,Student,Instagram Ads,Free,2025-09-11,Yes,58
U03396,32,Hyderabad,Working Professional,Google Ads,Free,2024-02-16,Yes,98
U03397,21,Bangalore,Working Professional,Referral,Free,2025-10-06,Yes,71
U03398,30,Mumbai,Working Professional,Organic,Premium,2025-11-18,No,28
U03399,45,Pune,Family,Organic,Premium,2025-09-24,No,6
U03400,29,Chennai,Student,Google Ads,Premium,2024-10-29,No,4
U03401,49,Mumbai,Working Professional,Referral,Premium,2024-07-08,Yes,89
U03402,49,Chennai,Working Professional,Influencer,Premium,2025-11-19,No,19
U03403,49,Bangalore,Family,Referral,Premium,2025-07-30,No,15
U03404,45,Bangalore,Working Professional,Google Ads,Premium,2024-12-01,Yes,37
U03405,30,Mumbai,Student,Referral,Free,2024-08-07,Yes,50
U03406,48,Delhi,Student,Organic,Free,2025-10-21,No,28
U03407,31,Delhi,Family,Influencer,Free,2025-09-03,No,14
U03408,37,Delhi,Family,Google Ads,Free,2024-04-28,No,12
U03409,35,Bangalore,Student,Google Ads,Free,2025-09-12,No,3
U03410,46,Mumbai,Working Professional,Instagram Ads,Free,2024-03-22,Yes,107
U03411,45,Mumbai,Working Professional,Influencer,Premium,2024-01-13,Yes,30
U03412,48,Chennai,Family,Google Ads,Free,2025-04-22,Yes,84
U03413,23,Mumbai,Family,Referral,Free,2024-10-25,Yes,60
U03414,49,Mumbai,Family,Referral,Free,2024-04-01,No,15
U03415,46,Delhi,Family,Referral,Free,2025-11-26,Yes,40
U03416,28,Delhi,Family,Referral,Free,2025-11-20,No,26
U03417,47,Hyderabad,Student,Google Ads,Free,2025-12-22,Yes,89
U03418,19,Bangalore,Family,Organic,Free,2024-10-02,Yes,60
U03419,45,Hyderabad,Working Professional,Influencer,Free,2024-10-30,Yes,79
U03420,40,Delhi,Family,Referral,Free,2024-09-29,No,28
U03421,36,Bangalore,Working Professional,Google Ads,Free,2025-02-15,Yes,117
U03422,48,Delhi,Student,Google Ads,Premium,2024-02-05,No,23
U03423,36,Delhi,Working Professional,Referral,Free,2025-02-25,Yes,68
U03424,22,Delhi,Working Professional,Instagram Ads,Free,2025-04-22,No,26
U03425,36,Delhi,Student,Google Ads,Free,2025-05-16,Yes,87
U03426,19,Mumbai,Working Professional,Influencer,Premium,2024-12-03,Yes,97
U03427,27,Delhi,Working Professional,Influencer,Premium,2025-08-04,Yes,59
U03428,42,Chennai,Working Professional,Instagram Ads,Free,2025-09-19,No,22
U03429,19,Mumbai,Working Professional,Google Ads,Free,2025-02-13,No,28
U03430,47,Delhi,Student,Instagram Ads,Free,2025-04-07,Yes,87
U03431,28,Delhi,Family,Google Ads,Free,2025-05-27,No,6
U03432,35,Bangalore,Working Professional,Google Ads,Premium,2024-03-21,Yes,82
U03433,46,Delhi,Student,Instagram Ads,Free,2025-04-23,No,25
U03434,48,Pune,Working Professional,Organic,Free,2025-01-20,Yes,39
U03435,41,Chennai,Working Professional,Referral,Free,2025-02-23,Yes,107
U03436,32,Delhi,Student,Referral,Free,2025-03-15,No,24
U03437,26,Mumbai,Working Professional,Referral,Free,2024-02-04,Yes,51
U03438,40,Delhi,Working Professional,Instagram Ads,Premium,2025-05-15,Yes,92
U03439,36,Bangalore,Working Professional,Google Ads,Free,2025-12-07,Yes,90
U03440,26,Mumbai,Working Professional,Google Ads,Premium,2024-07-02,Yes,75
U03441,20,Delhi,Working Professional,Influencer,Premium,2025-07-11,Yes,66
U03442,38,Delhi,Student,Google Ads,Premium,2024-05-27,No,13
U03443,26,Bangalore,Family,Organic,Free,2024-09-20,No,11
U03444,45,Mumbai,Student,Referral,Free,2025-08-27,Yes,32
U03445,47,Delhi,Working Professional,Organic,Free,2025-05-03,No,2
U03446,31,Hyderabad,Student,Referral,Free,2025-09-17,No,4
U03447,36,Bangalore,Student,Instagram Ads,Premium,2024-10-08,No,21
U03448,24,Pune,Working Professional,Organic,Free,2025-09-06,No,16
U03449,33,Delhi,Student,Google Ads,Free,2024-07-20,Yes,102
U03450,33,Hyderabad,Working Professional,Referral,Premium,2025-07-27,No,15
U03451,45,Bangalore,Student,Influencer,Free,2025-08-28,Yes,77
U03452,18,Delhi,Working Professional,Organic,Free,2025-02-20,No,15
U03453,21,Hyderabad,Working Professional,Instagram Ads,Free,2024-11-12,No,3
U03454,21,Mumbai,Student,Influencer,Free,2024-08-15,No,13
U03455,24,Chennai,Family,Instagram Ads,Premium,2024-03-08,Yes,75
U03456,25,Delhi,Student,Referral,Premium,2025-04-24,No,18
U03457,34,Bangalore,Student,Organic,Free,2025-11-07,Yes,114
U03458,22,Mumbai,Working Professional,Instagram Ads,Premium,2024-04-10,Yes,103
U03459,24,Chennai,Working Professional,Influencer,Free,2024-08-30,No,14
U03460,45,Mumbai,Working Professional,Influencer,Free,2024-03-30,No,2
U03461,37,Chennai,Student,Google Ads,Premium,2025-08-22,No,6
U03462,46,Chennai,Family,Instagram Ads,Free,2024-05-06,No,26
U03463,37,Delhi,Working Professional,Organic,Premium,2025-09-10,Yes,51
U03464,21,Pune,Student,Organic,Premium,2025-02-02,No,12
U03465,45,Chennai,Working Professional,Google Ads,Free,2024-10-28,Yes,83
U03466,23,Delhi,Family,Influencer,Free,2025-05-08,No,24
U03467,24,Mumbai,Working Professional,Instagram Ads,Free,2025-11-27,No,26
U03468,35,Bangalore,Student,Influencer,Premium,2025-02-24,No,7
U03469,48,Mumbai,Working Professional,Instagram Ads,Premium,2025-09-04,Yes,36
U03470,22,Delhi,Student,Instagram Ads,Free,2024-05-21,No,11
U03471,37,Delhi,Working Professional,Instagram Ads,Free,2024-09-09,Yes,61
U03472,48,Mumbai,Family,Influencer,Free,2024-03-13,No,21
U03473,47,Mumbai,Working Professional,Influencer,Free,2024-08-01,Yes,75
U03474,49,Delhi,Working Professional,Influencer,Free,2025-01-13,No,2
U03475,46,Pune,Family,Referral,Premium,2024-10-25,No,11
U03476,20,Hyderabad,Working Professional,Influencer,Premium,2025-01-13,No,8
U03477,24,Delhi,Working Professional,Google Ads,Premium,2025-05-06,No,26
U03478,44,Bangalore,Student,Referral,Free,2025-11-14,No,20
U03479,45,Bangalore,Working Professional,Instagram Ads,Free,2024-10-30,No,17
U03480,39,Chennai,Working Professional,Organic,Premium,2025-05-12,No,22
U03481,31,Delhi,Working Professional,Referral,Premium,2024-08-24,No,13
U03482,24,Delhi,Family,Referral,Free,2024-08-17,Yes,91
U03483,22,Chennai,Family,Instagram Ads,Free,2024-01-07,Yes,101
U03484,46,Chennai,Working Professional,Influencer,Free,2025-12-07,Yes,101
U03485,39,Hyderabad,Working Professional,Influencer,Premium,2024-09-12,Yes,84
U03486,22,Hyderabad,Working Professional,Referral,Free,2024-06-19,No,23
U03487,47,Delhi,Student,Influencer,Free,2025-07-05,No,26
U03488,40,Bangalore,Student,Referral,Premium,2024-10-14,No,11
U03489,19,Delhi,Working Professional,Organic,Free,2024-08-21,No,21
U03490,47,Delhi,Working Professional,Organic,Free,2025-11-25,Yes,87
U03491,44,Pune,Family,Instagram Ads,Premium,2025-05-07,No,13
U03492,38,Delhi,Student,Google Ads,Free,2024-07-29,No,9
U03493,39,Mumbai,Working Professional,Google Ads,Free,2025-01-01,Yes,41
U03494,23,Chennai,Working Professional,Influencer,Free,2024-08-16,Yes,115
U03495,32,Delhi,Working Professional,Google Ads,Premium,2024-12-10,No,21
U03496,38,Chennai,Family,Organic,Free,2024-03-17,Yes,74
U03497,27,Chennai,Family,Instagram Ads,Premium,2025-04-04,No,8
U03498,40,Bangalore,Student,Organic,Premium,2024-09-21,No,12
U03499,43,Delhi,Student,Referral,Free,2025-05-18,No,28
U03500,41,Mumbai,Student,Influencer,Free,2025-10-10,No,12
U03501,24,Mumbai,Working Professional,Influencer,Premium,2025-07-29,No,27
U03502,22,Mumbai,Working Professional,Google Ads,Free,2024-09-01,Yes,32
U03503,18,Mumbai,Working Professional,Referral,Premium,2025-03-04,No,26
U03504,30,Chennai,Working Professional,Google Ads,Free,2024-03-31,No,11
U03505,38,Delhi,Working Professional,Google Ads,Free,2025-03-20,No,14
U03506,43,Hyderabad,Working Professional,Google Ads,Free,2024-08-20,Yes,86
U03507,35,Delhi,Working Professional,Referral,Free,2025-03-29,Yes,71
U03508,30,Bangalore,Working Professional,Google Ads,Premium,2024-12-14,No,2
U03509,38,Chennai,Student,Influencer,Free,2024-04-03,No,22
U03510,38,Mumbai,Working Professional,Google Ads,Free,2025-02-25,Yes,90
U03511,35,Delhi,Working Professional,Referral,Premium,2025-12-15,No,7
U03512,22,Bangalore,Working Professional,Referral,Free,2025-05-04,No,15
U03513,30,Hyderabad,Family,Organic,Free,2025-11-16,No,4
U03514,49,Hyderabad,Family,Google Ads,Free,2024-05-03,Yes,44
U03515,21,Mumbai,Family,Referral,Free,2025-08-04,Yes,100
U03516,34,Delhi,Working Professional,Google Ads,Free,2025-09-06,Yes,86
U03517,20,Chennai,Working Professional,Instagram Ads,Premium,2024-08-20,No,6
U03518,34,Chennai,Working Professional,Influencer,Free,2024-03-04,Yes,106
U03519,45,Mumbai,Student,Influencer,Free,2025-08-29,No,2
U03520,28,Pune,Student,Google Ads,Free,2024-06-11,Yes,46
U03521,48,Mumbai,Student,Influencer,Free,2024-10-30,No,19
U03522,38,Mumbai,Student,Influencer,Premium,2024-11-14,No,21
U03523,37,Delhi,Working Professional,Instagram Ads,Free,2025-11-15,Yes,99
U03524,49,Mumbai,Family,Influencer,Premium,2024-01-06,No,24
U03525,40,Bangalore,Student,Influencer,Free,2024-10-27,No,23
U03526,38,Delhi,Family,Referral,Premium,2024-04-10,Yes,44
U03527,43,Mumbai,Student,Influencer,Free,2025-02-19,Yes,101
U03528,47,Hyderabad,Student,Google Ads,Free,2024-12-25,No,13
U03529,21,Hyderabad,Working Professional,Influencer,Free,2024-05-10,No,28
U03530,19,Bangalore,Working Professional,Google Ads,Premium,2025-01-20,No,8
U03531,37,Chennai,Student,Influencer,Free,2024-01-20,Yes,102
U03532,33,Delhi,Student,Google Ads,Free,2025-12-23,No,28
U03533,45,Bangalore,Working Professional,Influencer,Free,2024-10-21,No,27
U03534,35,Hyderabad,Student,Google Ads,Premium,2025-01-30,No,24
U03535,25,Bangalore,Working Professional,Influencer,Free,2025-03-20,Yes,99
U03536,20,Mumbai,Working Professional,Instagram Ads,Free,2024-10-18,Yes,54
U03537,26,Delhi,Student,Referral,Free,2025-05-04,No,10
U03538,46,Pune,Family,Referral,Free,2024-12-13,No,9
U03539,37,Mumbai,Student,Referral,Premium,2024-09-21,No,15
U03540,46,Pune,Working Professional,Referral,Free,2024-02-13,Yes,47
U03541,23,Bangalore,Working Professional,Instagram Ads,Free,2024-03-15,No,2
U03542,27,Bangalore,Family,Instagram Ads,Free,2024-02-22,No,25
U03543,38,Pune,Working Professional,Influencer,Free,2024-10-12,No,1
U03544,27,Bangalore,Working Professional,Instagram Ads,Premium,2024-03-06,No,11
U03545,30,Mumbai,Student,Referral,Free,2024-02-07,Yes,111
U03546,34,Bangalore,Working Professional,Organic,Free,2025-02-20,Yes,119
U03547,26,Pune,Working Professional,Influencer,Premium,2025-12-11,No,15
U03548,49,Mumbai,Working Professional,Google Ads,Premium,2025-04-13,No,6
U03549,34,Mumbai,Family,Referral,Free,2024-02-24,Yes,104
U03550,41,Delhi,Student,Referral,Free,2024-04-25,No,17
U03551,26,Chennai,Family,Referral,Free,2025-08-19,No,3
U03552,26,Delhi,Family,Instagram Ads,Free,2024-10-05,Yes,118
U03553,18,Bangalore,Working Professional,Google Ads,Free,2025-03-29,No,27
U03554,19,Mumbai,Working Professional,Influencer,Free,2024-05-21,No,20
U03555,45,Mumbai,Working Professional,Referral,Free,2025-08-30,No,12
U03556,33,Bangalore,Family,Google Ads,Premium,2024-02-18,No,20
U03557,46,Delhi,Student,Organic,Premium,2025-01-03,No,12
U03558,18,Bangalore,Working Professional,Instagram Ads,Free,2025-01-04,Yes,87
U03559,27,Hyderabad,Working Professional,Referral,Free,2024-10-27,Yes,106
U03560,35,Pune,Family,Google Ads,Free,2025-12-17,No,5
U03561,43,Delhi,Working Professional,Google Ads,Free,2024-12-17,No,6
U03562,49,Pune,Working Professional,Referral,Premium,2024-07-13,No,20
U03563,45,Bangalore,Student,Google Ads,Free,2024-10-31,No,23
U03564,25,Pune,Working Professional,Google Ads,Premium,2024-09-06,No,15
U03565,38,Mumbai,Student,Influencer,Free,2024-09-14,No,28
U03566,45,Bangalore,Family,Instagram Ads,Free,2025-03-25,No,2
U03567,28,Chennai,Working Professional,Influencer,Premium,2024-02-28,No,8
U03568,40,Pune,Working Professional,Instagram Ads,Free,2024-08-08,No,20
U03569,19,Mumbai,Working Professional,Instagram Ads,Free,2025-07-25,No,6
U03570,25,Delhi,Working Professional,Influencer,Free,2025-06-17,No,28
U03571,44,Mumbai,Student,Referral,Free,2024-12-27,No,26
U03572,39,Mumbai,Student,Google Ads,Free,2024-02-22,No,17
U03573,25,Mumbai,Student,Organic,Free,2025-07-14,No,18
U03574,34,Delhi,Working Professional,Influencer,Free,2025-06-12,No,14
U03575,32,Pune,Student,Influencer,Free,2025-05-12,No,20
U03576,34,Delhi,Working Professional,Referral,Free,2025-09-30,No,10
U03577,45,Bangalore,Working Professional,Google Ads,Free,2024-06-03,No,13
U03578,40,Delhi,Working Professional,Influencer,Free,2025-05-04,Yes,67
U03579,41,Mumbai,Student,Organic,Free,2024-03-18,No,17
U03580,30,Delhi,Student,Google Ads,Premium,2024-06-22,Yes,64
U03581,36,Delhi,Student,Influencer,Premium,2025-09-09,No,23
U03582,22,Hyderabad,Working Professional,Influencer,Premium,2024-11-15,Yes,48
U03583,49,Pune,Student,Instagram Ads,Premium,2024-02-01,No,8
U03584,29,Delhi,Family,Instagram Ads,Premium,2024-10-18,Yes,54
U03585,18,Mumbai,Working Professional,Influencer,Free,2025-06-05,No,13
U03586,40,Mumbai,Student,Referral,Premium,2024-11-10,Yes,80
U03587,22,Pune,Working Professional,Instagram Ads,Free,2025-09-05,Yes,95
U03588,25,Hyderabad,Working Professional,Influencer,Free,2025-09-21,Yes,90
U03589,30,Bangalore,Working Professional,Google Ads,Free,2025-10-30,No,24
U03590,25,Bangalore,Student,Organic,Free,2024-09-23,No,21
U03591,42,Pune,Student,Instagram Ads,Premium,2025-02-25,No,12
U03592,40,Delhi,Student,Influencer,Free,2024-09-01,No,24
U03593,28,Mumbai,Working Professional,Instagram Ads,Free,2025-08-13,No,16
U03594,18,Chennai,Working Professional,Google Ads,Free,2025-11-02,No,13
U03595,30,Hyderabad,Working Professional,Referral,Free,2024-03-31,No,18
U03596,36,Bangalore,Family,Influencer,Premium,2025-03-11,No,25
U03597,41,Bangalore,Student,Google Ads,Premium,2025-10-02,No,13
U03598,20,Mumbai,Student,Organic,Free,2025-05-03,No,21
U03599,41,Bangalore,Working Professional,Influencer,Free,2024-01-14,No,19
U03600,34,Bangalore,Student,Organic,Free,2024-10-12,No,27
U03601,22,Mumbai,Student,Referral,Premium,2025-11-01,No,6
U03602,37,Hyderabad,Working Professional,Influencer,Free,2025-10-02,No,12
U03603,38,Pune,Student,Influencer,Premium,2025-11-16,No,6
U03604,25,Delhi,Working Professional,Google Ads,Free,2025-02-01,No,19
U03605,43,Mumbai,Student,Instagram Ads,Free,2025-11-16,No,23
U03606,48,Mumbai,Working Professional,Influencer,Premium,2025-03-02,No,16
U03607,31,Hyderabad,Family,Referral,Premium,2024-12-26,No,14
U03608,21,Delhi,Student,Influencer,Free,2024-02-12,No,24
U03609,28,Bangalore,Family,Influencer,Premium,2024-10-20,Yes,67
U03610,37,Pune,Working Professional,Influencer,Free,2024-12-10,No,18
U03611,32,Mumbai,Family,Influencer,Free,2025-09-12,No,16
U03612,36,Chennai,Student,Referral,Premium,2024-08-29,No,17
U03613,24,Chennai,Working Professional,Google Ads,Premium,2024-02-24,No,16
U03614,36,Delhi,Working Professional,Instagram Ads,Free,2025-07-20,No,11
U03615,45,Delhi,Working Professional,Referral,Free,2025-12-28,No,26
U03616,36,Chennai,Working Professional,Referral,Free,2025-03-17,No,16
U03617,28,Chennai,Working Professional,Organic,Premium,2024-04-16,No,9
U03618,43,Delhi,Family,Instagram Ads,Premium,2024-11-08,No,15
U03619,22,Delhi,Working Professional,Google Ads,Free,2024-07-02,No,26
U03620,22,Delhi,Student,Google Ads,Free,2024-05-09,No,18
U03621,47,Chennai,Working Professional,Organic,Premium,2025-05-13,No,8
U03622,39,Delhi,Working Professional,Organic,Premium,2025-09-27,No,18
U03623,49,Bangalore,Working Professional,Referral,Free,2025-02-21,Yes,106
U03624,25,Pune,Working Professional,Google Ads,Free,2024-02-18,Yes,88
U03625,49,Delhi,Family,Google Ads,Premium,2024-11-15,No,5
U03626,27,Bangalore,Working Professional,Google Ads,Free,2024-09-09,Yes,46
U03627,23,Delhi,Student,Referral,Premium,2025-01-26,No,25
U03628,32,Pune,Student,Google Ads,Free,2024-03-09,Yes,110
U03629,49,Mumbai,Family,Influencer,Free,2025-03-17,Yes,30
U03630,33,Hyderabad,Working Professional,Organic,Free,2025-04-21,No,23
U03631,45,Bangalore,Family,Organic,Premium,2025-01-11,Yes,49
U03632,34,Delhi,Student,Organic,Premium,2025-07-17,No,18
U03633,48,Delhi,Working Professional,Organic,Premium,2025-06-28,No,7
U03634,25,Mumbai,Working Professional,Influencer,Free,2025-06-15,Yes,92
U03635,49,Mumbai,Student,Instagram Ads,Premium,2024-07-05,Yes,35
U03636,25,Pune,Working Professional,Google Ads,Premium,2025-11-30,No,13
U03637,42,Pune,Working Professional,Organic,Premium,2025-12-03,No,3
U03638,26,Mumbai,Working Professional,Google Ads,Free,2024-04-21,No,18
U03639,19,Bangalore,Family,Google Ads,Free,2024-07-02,Yes,73
U03640,32,Bangalore,Family,Influencer,Premium,2024-10-19,No,20
U03641,35,Pune,Family,Google Ads,Free,2024-12-26,No,26
U03642,20,Mumbai,Family,Organic,Premium,2025-05-16,Yes,41
U03643,34,Delhi,Working Professional,Google Ads,Free,2024-11-02,No,17
U03644,21,Delhi,Working Professional,Influencer,Premium,2025-10-10,No,5
U03645,47,Bangalore,Family,Organic,Premium,2024-03-26,No,7
U03646,21,Mumbai,Working Professional,Influencer,Free,2024-10-22,Yes,97
U03647,31,Mumbai,Student,Referral,Free,2025-03-27,Yes,59
U03648,26,Delhi,Working Professional,Instagram Ads,Free,2024-06-19,No,4
U03649,26,Hyderabad,Student,Google Ads,Free,2024-12-21,No,22
U03650,42,Delhi,Working Professional,Google Ads,Premium,2025-04-04,No,9
U03651,43,Delhi,Student,Google Ads,Premium,2024-10-05,No,17
U03652,40,Mumbai,Student,Referral,Free,2024-09-08,Yes,109
U03653,47,Delhi,Family,Instagram Ads,Free,2024-01-08,No,27
U03654,48,Bangalore,Working Professional,Influencer,Free,2025-08-08,No,17
U03655,35,Mumbai,Working Professional,Referral,Free,2024-11-15,Yes,62
U03656,27,Mumbai,Working Professional,Referral,Free,2024-05-30,No,12
U03657,38,Bangalore,Family,Organic,Free,2025-08-27,No,10
U03658,21,Delhi,Working Professional,Referral,Free,2025-01-10,No,11
U03659,29,Delhi,Working Professional,Referral,Free,2024-12-30,Yes,74
U03660,44,Pune,Family,Google Ads,Premium,2025-08-30,No,25
U03661,25,Mumbai,Student,Organic,Premium,2025-03-15,No,17
U03662,19,Mumbai,Family,Influencer,Premium,2024-05-21,No,27
U03663,39,Delhi,Working Professional,Instagram Ads,Free,2025-08-14,No,26
U03664,30,Mumbai,Working Professional,Influencer,Free,2024-01-20,No,23
U03665,38,Bangalore,Student,Organic,Free,2024-01-12,Yes,54
U03666,49,Bangalore,Working Professional,Google Ads,Free,2025-09-27,No,5
U03667,48,Hyderabad,Working Professional,Instagram Ads,Free,2024-05-01,No,11
U03668,33,Delhi,Family,Influencer,Premium,2025-02-28,No,24
U03669,49,Delhi,Family,Instagram Ads,Free,2024-08-16,Yes,61
U03670,49,Pune,Family,Instagram Ads,Free,2025-08-19,Yes,78
U03671,45,Chennai,Student,Instagram Ads,Free,2024-01-29,No,6
U03672,19,Delhi,Family,Referral,Premium,2024-05-14,No,10
U03673,28,Mumbai,Working Professional,Organic,Premium,2025-07-05,No,20
U03674,27,Delhi,Family,Organic,Free,2024-04-10,Yes,94
U03675,32,Delhi,Student,Google Ads,Free,2025-01-10,Yes,55
U03676,34,Mumbai,Working Professional,Influencer,Free,2025-10-07,No,3
U03677,25,Delhi,Family,Google Ads,Free,2024-11-06,Yes,43
U03678,35,Hyderabad,Family,Influencer,Free,2025-03-15,No,2
U03679,40,Bangalore,Working Professional,Instagram Ads,Premium,2025-11-23,No,25
U03680,26,Delhi,Working Professional,Influencer,Free,2025-04-01,Yes,70
U03681,42,Delhi,Student,Influencer,Free,2024-07-18,No,28
U03682,25,Pune,Working Professional,Instagram Ads,Premium,2025-12-21,No,14
U03683,44,Delhi,Working Professional,Google Ads,Premium,2025-08-22,No,7
U03684,31,Bangalore,Student,Influencer,Free,2024-05-04,No,12
U03685,45,Mumbai,Student,Google Ads,Free,2025-04-15,Yes,78
U03686,43,Bangalore,Student,Google Ads,Free,2024-01-22,No,18
U03687,42,Mumbai,Working Professional,Organic,Premium,2024-02-19,No,21
U03688,35,Delhi,Student,Instagram Ads,Free,2025-12-26,No,25
U03689,39,Delhi,Working Professional,Instagram Ads,Free,2025-07-13,Yes,87
U03690,37,Delhi,Working Professional,Referral,Free,2024-03-06,No,28
U03691,47,Mumbai,Working Professional,Google Ads,Premium,2024-05-09,Yes,101
U03692,37,Bangalore,Working Professional,Referral,Free,2024-10-28,No,12
U03693,38,Delhi,Working Professional,Instagram Ads,Premium,2024-11-22,No,24
U03694,29,Delhi,Working Professional,Instagram Ads,Free,2025-01-18,No,5
U03695,49,Bangalore,Working Professional,Referral,Premium,2025-06-21,No,27
U03696,36,Bangalore,Working Professional,Instagram Ads,Premium,2025-12-03,No,7
U03697,31,Chennai,Family,Instagram Ads,Free,2024-02-18,Yes,69
U03698,34,Bangalore,Student,Organic,Free,2024-11-14,No,20
U03699,41,Mumbai,Student,Influencer,Premium,2024-01-21,No,23
U03700,38,Bangalore,Working Professional,Organic,Premium,2025-03-08,No,19
U03701,20,Chennai,Working Professional,Influencer,Free,2025-08-13,No,4
U03702,43,Pune,Family,Organic,Premium,2025-08-14,No,1
U03703,49,Mumbai,Student,Organic,Premium,2024-01-09,No,8
U03704,47,Delhi,Working Professional,Google Ads,Premium,2024-05-28,No,28
U03705,40,Delhi,Student,Referral,Free,2025-03-12,No,2
U03706,24,Bangalore,Working Professional,Organic,Premium,2025-05-13,No,26
U03707,34,Hyderabad,Student,Google Ads,Free,2024-02-24,Yes,50
U03708,29,Bangalore,Family,Organic,Free,2024-10-23,Yes,96
U03709,26,Delhi,Family,Referral,Free,2025-06-01,No,19
U03710,32,Hyderabad,Working Professional,Google Ads,Premium,2025-12-04,No,23
U03711,35,Pune,Family,Influencer,Free,2024-08-16,No,14
U03712,38,Mumbai,Working Professional,Referral,Free,2024-09-03,Yes,55
U03713,30,Bangalore,Family,Instagram Ads,Free,2024-10-08,Yes,38
U03714,47,Mumbai,Family,Google Ads,Free,2024-09-13,Yes,41
U03715,38,Pune,Student,Instagram Ads,Premium,2024-04-02,No,17
U03716,47,Pune,Working Professional,Google Ads,Free,2024-08-01,No,10
U03717,25,Bangalore,Working Professional,Influencer,Premium,2025-07-06,No,20
U03718,31,Hyderabad,Student,Google Ads,Free,2025-10-29,No,24
U03719,25,Pune,Student,Organic,Free,2024-05-12,Yes,80
U03720,31,Mumbai,Family,Instagram Ads,Premium,2025-05-11,No,11
U03721,24,Mumbai,Family,Instagram Ads,Premium,2024-03-26,No,21
U03722,40,Hyderabad,Working Professional,Google Ads,Premium,2025-08-18,No,23
U03723,29,Delhi,Family,Organic,Free,2025-01-30,No,9
U03724,49,Mumbai,Family,Organic,Free,2025-06-30,Yes,100
U03725,28,Pune,Student,Google Ads,Free,2024-09-05,Yes,37
U03726,49,Hyderabad,Student,Referral,Free,2025-09-28,No,17
U03727,39,Mumbai,Student,Influencer,Premium,2025-07-17,No,21
U03728,39,Delhi,Student,Google Ads,Premium,2024-10-15,No,19
U03729,28,Mumbai,Student,Organic,Premium,2025-02-12,No,10
U03730,42,Mumbai,Working Professional,Influencer,Free,2024-11-04,No,1
U03731,39,Delhi,Family,Google Ads,Free,2024-03-01,No,28
U03732,45,Hyderabad,Family,Influencer,Free,2025-05-18,No,1
U03733,46,Delhi,Working Professional,Referral,Free,2025-06-10,No,7
U03734,30,Mumbai,Family,Organic,Free,2024-11-06,Yes,74
U03735,35,Mumbai,Working Professional,Referral,Premium,2025-11-23,Yes,94
U03736,19,Chennai,Family,Referral,Premium,2024-07-18,No,11
U03737,46,Mumbai,Working Professional,Organic,Premium,2024-12-18,Yes,61
U03738,38,Delhi,Student,Referral,Free,2024-03-15,Yes,90
U03739,32,Delhi,Family,Google Ads,Free,2024-09-27,No,28
U03740,37,Bangalore,Working Professional,Google Ads,Premium,2024-01-21,No,28
U03741,44,Bangalore,Working Professional,Influencer,Free,2024-02-05,Yes,95
U03742,35,Mumbai,Student,Google Ads,Free,2024-07-16,No,26
U03743,48,Mumbai,Working Professional,Google Ads,Premium,2024-06-01,No,17
U03744,32,Delhi,Family,Influencer,Free,2024-02-13,No,11
U03745,36,Bangalore,Student,Instagram Ads,Free,2025-10-02,No,1
U03746,40,Bangalore,Family,Organic,Premium,2025-07-07,No,20
U03747,41,Delhi,Student,Google Ads,Free,2025-06-28,Yes,72
U03748,29,Delhi,Working Professional,Influencer,Premium,2025-05-24,No,19
U03749,30,Delhi,Student,Referral,Free,2025-02-19,No,22
U03750,39,Delhi,Working Professional,Referral,Free,2025-02-12,No,11
U03751,28,Bangalore,Student,Google Ads,Free,2024-10-22,No,14
U03752,22,Delhi,Working Professional,Organic,Premium,2025-09-18,No,12
U03753,46,Delhi,Student,Influencer,Free,2024-07-21,No,8
U03754,18,Delhi,Student,Influencer,Premium,2025-07-29,No,15
U03755,41,Chennai,Working Professional,Influencer,Premium,2025-01-02,No,26
U03756,20,Pune,Student,Influencer,Free,2025-03-01,No,23
U03757,48,Delhi,Student,Influencer,Premium,2024-07-28,No,1
U03758,39,Mumbai,Student,Organic,Premium,2025-08-20,No,6
U03759,36,Delhi,Working Professional,Influencer,Free,2025-04-04,No,12
U03760,40,Mumbai,Working Professional,Organic,Free,2024-12-27,No,25
U03761,46,Delhi,Student,Organic,Premium,2025-04-20,No,9
U03762,47,Bangalore,Student,Organic,Free,2024-10-30,No,18
U03763,24,Bangalore,Working Professional,Referral,Free,2024-07-03,No,8
U03764,29,Pune,Student,Instagram Ads,Premium,2024-09-21,No,27
U03765,32,Delhi,Family,Google Ads,Free,2025-02-17,Yes,35
U03766,42,Pune,Working Professional,Referral,Free,2025-02-05,Yes,87
U03767,49,Hyderabad,Working Professional,Instagram Ads,Free,2024-06-21,No,23
U03768,22,Delhi,Student,Referral,Premium,2025-12-28,No,5
U03769,32,Mumbai,Working Professional,Organic,Premium,2024-03-23,No,22
U03770,25,Delhi,Family,Organic,Free,2025-08-12,Yes,94
U03771,27,Delhi,Working Professional,Influencer,Free,2024-11-17,No,25
U03772,43,Delhi,Working Professional,Organic,Free,2024-12-11,No,12
U03773,33,Bangalore,Working Professional,Referral,Free,2024-03-12,Yes,56
U03774,25,Mumbai,Working Professional,Google Ads,Free,2025-03-26,Yes,54
U03775,18,Chennai,Student,Organic,Free,2025-10-14,Yes,85
U03776,29,Delhi,Working Professional,Instagram Ads,Free,2024-07-26,No,4
U03777,22,Chennai,Student,Referral,Free,2024-12-07,Yes,88
U03778,20,Delhi,Working Professional,Instagram Ads,Premium,2024-02-02,No,26
U03779,18,Hyderabad,Family,Influencer,Free,2025-01-16,No,21
U03780,21,Mumbai,Family,Influencer,Premium,2025-01-20,No,22
U03781,25,Delhi,Working Professional,Google Ads,Premium,2024-04-18,No,27
U03782,20,Pune,Student,Referral,Free,2024-06-10,No,5
U03783,49,Mumbai,Student,Google Ads,Free,2024-01-16,Yes,32
U03784,49,Bangalore,Working Professional,Instagram Ads,Premium,2024-01-14,No,12
U03785,27,Bangalore,Family,Google Ads,Free,2024-09-02,No,9
U03786,19,Mumbai,Working Professional,Instagram Ads,Free,2024-02-15,No,11
U03787,28,Mumbai,Student,Google Ads,Free,2025-09-16,No,14
U03788,42,Hyderabad,Family,Influencer,Free,2025-07-08,Yes,60
U03789,27,Delhi,Family,Referral,Free,2025-02-05,No,28
U03790,38,Bangalore,Working Professional,Google Ads,Premium,2024-02-17,No,7
U03791,49,Pune,Working Professional,Instagram Ads,Premium,2025-12-04,No,3
U03792,31,Delhi,Working Professional,Referral,Free,2025-02-13,No,23
U03793,24,Delhi,Working Professional,Influencer,Free,2025-12-14,No,3
U03794,44,Hyderabad,Family,Influencer,Free,2025-03-29,No,4
U03795,44,Mumbai,Student,Organic,Free,2024-05-21,Yes,50
U03796,19,Mumbai,Working Professional,Referral,Premium,2025-03-25,No,7
U03797,26,Delhi,Working Professional,Google Ads,Free,2024-07-07,No,24
U03798,33,Bangalore,Family,Influencer,Premium,2025-04-01,No,9
U03799,30,Delhi,Family,Google Ads,Free,2024-04-25,No,1
U03800,26,Mumbai,Family,Google Ads,Premium,2025-05-28,No,4
U03801,37,Hyderabad,Working Professional,Instagram Ads,Free,2024-01-13,No,3
U03802,21,Delhi,Family,Google Ads,Premium,2024-10-03,No,6
U03803,39,Mumbai,Working Professional,Organic,Free,2024-09-08,No,6
U03804,27,Chennai,Working Professional,Referral,Free,2024-08-15,Yes,43
U03805,43,Hyderabad,Student,Referral,Premium,2024-05-25,No,11
U03806,43,Pune,Family,Instagram Ads,Free,2024-08-04,Yes,45
U03807,39,Mumbai,Family,Organic,Free,2024-10-20,No,4
U03808,29,Hyderabad,Student,Organic,Free,2024-10-07,Yes,42
U03809,34,Delhi,Student,Referral,Premium,2024-06-14,Yes,111
U03810,31,Delhi,Family,Organic,Free,2024-05-22,Yes,58
U03811,31,Delhi,Working Professional,Influencer,Premium,2025-05-12,No,11
U03812,42,Mumbai,Family,Google Ads,Premium,2025-04-28,No,3
U03813,19,Pune,Student,Google Ads,Free,2025-02-16,Yes,90
U03814,38,Mumbai,Student,Referral,Premium,2024-04-06,No,12
U03815,42,Bangalore,Working Professional,Referral,Free,2025-12-04,No,15
U03816,37,Hyderabad,Student,Organic,Free,2024-10-14,No,16
U03817,28,Bangalore,Student,Instagram Ads,Premium,2025-07-08,Yes,88
U03818,33,Mumbai,Student,Referral,Premium,2024-09-25,Yes,117
U03819,36,Bangalore,Student,Referral,Free,2024-07-27,No,24
U03820,48,Mumbai,Student,Referral,Free,2025-06-20,No,25
U03821,40,Delhi,Family,Organic,Free,2024-10-31,No,14
U03822,23,Chennai,Student,Influencer,Free,2024-03-28,No,24
U03823,41,Delhi,Working Professional,Referral,Free,2024-04-29,Yes,47
U03824,36,Delhi,Family,Influencer,Premium,2024-08-12,No,5
U03825,22,Pune,Working Professional,Organic,Free,2024-05-15,No,20
U03826,43,Mumbai,Working Professional,Instagram Ads,Premium,2025-12-23,No,19
U03827,21,Bangalore,Working Professional,Google Ads,Free,2025-01-16,Yes,55
U03828,32,Mumbai,Family,Google Ads,Premium,2024-01-11,No,25
U03829,46,Mumbai,Family,Google Ads,Free,2025-03-14,No,1
U03830,21,Delhi,Working Professional,Google Ads,Premium,2024-01-10,No,2
U03831,37,Mumbai,Family,Organic,Free,2024-11-10,Yes,62
U03832,27,Mumbai,Working Professional,Google Ads,Free,2024-03-05,Yes,98
U03833,41,Hyderabad,Student,Organic,Free,2025-08-14,No,24
U03834,39,Bangalore,Family,Instagram Ads,Free,2025-04-12,No,15
U03835,20,Chennai,Working Professional,Referral,Free,2025-08-26,No,14
U03836,43,Delhi,Family,Referral,Premium,2025-10-06,No,6
U03837,22,Bangalore,Student,Referral,Free,2025-09-15,No,17
U03838,23,Bangalore,Working Professional,Organic,Free,2024-07-13,Yes,90
U03839,38,Chennai,Family,Organic,Premium,2025-02-17,No,12
U03840,39,Delhi,Student,Organic,Free,2025-08-21,No,17
U03841,25,Bangalore,Family,Instagram Ads,Free,2025-11-04,No,8
U03842,24,Pune,Family,Influencer,Free,2024-01-01,No,1
U03843,38,Delhi,Family,Organic,Premium,2025-01-02,No,5
U03844,27,Pune,Working Professional,Organic,Free,2025-09-22,Yes,67
U03845,23,Delhi,Working Professional,Referral,Free,2025-01-10,No,22
U03846,31,Hyderabad,Family,Google Ads,Free,2024-07-09,No,24
U03847,21,Chennai,Working Professional,Google Ads,Free,2024-10-16,No,4
U03848,45,Bangalore,Working Professional,Instagram Ads,Free,2025-09-19,Yes,45
U03849,42,Mumbai,Family,Google Ads,Free,2024-07-17,Yes,94
U03850,30,Delhi,Working Professional,Influencer,Premium,2024-08-22,No,5
U03851,37,Chennai,Family,Referral,Free,2024-08-17,No,27
U03852,34,Mumbai,Student,Instagram Ads,Free,2024-08-13,Yes,100
U03853,40,Delhi,Student,Google Ads,Premium,2025-03-05,Yes,30
U03854,24,Hyderabad,Working Professional,Google Ads,Free,2024-07-14,No,15
U03855,21,Mumbai,Working Professional,Referral,Premium,2025-04-11,No,24
U03856,46,Delhi,Working Professional,Instagram Ads,Free,2025-03-16,Yes,111
U03857,31,Delhi,Student,Referral,Free,2024-06-05,No,16
U03858,20,Delhi,Family,Instagram Ads,Free,2025-04-26,No,9
U03859,41,Bangalore,Student,Google Ads,Premium,2024-12-19,No,16
U03860,22,Bangalore,Working Professional,Referral,Free,2025-11-15,No,18
U03861,33,Bangalore,Student,Referral,Free,2025-06-16,Yes,111
U03862,43,Pune,Working Professional,Influencer,Free,2025-05-22,No,4
U03863,40,Pune,Student,Referral,Free,2025-02-08,No,17
U03864,37,Bangalore,Student,Instagram Ads,Free,2025-11-30,Yes,72
U03865,21,Delhi,Working Professional,Influencer,Free,2024-10-15,No,24
U03866,41,Hyderabad,Student,Referral,Premium,2025-11-09,No,15
U03867,47,Mumbai,Student,Referral,Free,2025-12-02,No,18
U03868,41,Bangalore,Working Professional,Influencer,Free,2024-03-30,Yes,35
U03869,19,Bangalore,Student,Google Ads,Free,2025-01-16,No,24
U03870,47,Mumbai,Working Professional,Referral,Free,2024-10-27,No,24
U03871,35,Chennai,Student,Organic,Free,2025-03-17,Yes,71
U03872,36,Delhi,Student,Google Ads,Free,2025-05-16,No,22
U03873,48,Bangalore,Working Professional,Referral,Free,2025-08-07,Yes,45
U03874,45,Delhi,Student,Google Ads,Free,2025-08-16,No,4
U03875,45,Chennai,Family,Instagram Ads,Free,2025-01-19,No,15
U03876,36,Delhi,Family,Google Ads,Free,2025-06-06,Yes,95
U03877,34,Delhi,Student,Influencer,Free,2025-05-16,No,27
U03878,48,Mumbai,Family,Referral,Free,2024-09-05,No,2
U03879,31,Mumbai,Student,Google Ads,Premium,2025-11-02,No,7
U03880,36,Delhi,Student,Organic,Premium,2025-09-10,No,12
U03881,39,Bangalore,Student,Instagram Ads,Premium,2024-03-31,No,17
U03882,41,Mumbai,Working Professional,Instagram Ads,Free,2025-12-16,No,9
U03883,30,Delhi,Working Professional,Google Ads,Free,2025-01-28,Yes,96
U03884,29,Mumbai,Student,Influencer,Premium,2024-12-23,No,2
U03885,47,Pune,Family,Instagram Ads,Free,2024-05-28,Yes,34
U03886,43,Hyderabad,Working Professional,Google Ads,Free,2025-04-19,No,22
U03887,23,Hyderabad,Working Professional,Google Ads,Free,2025-11-08,Yes,88
U03888,38,Hyderabad,Working Professional,Instagram Ads,Free,2025-09-19,No,6
U03889,48,Mumbai,Family,Google Ads,Free,2025-03-17,No,19
U03890,21,Delhi,Student,Google Ads,Premium,2024-01-08,No,17
U03891,49,Delhi,Student,Organic,Premium,2024-08-16,No,25
U03892,36,Pune,Working Professional,Google Ads,Free,2024-03-10,No,23
U03893,33,Chennai,Working Professional,Google Ads,Free,2025-12-03,Yes,73
U03894,30,Mumbai,Working Professional,Influencer,Premium,2025-11-04,No,28
U03895,21,Delhi,Student,Instagram Ads,Premium,2025-11-19,Yes,73
U03896,47,Delhi,Working Professional,Influencer,Free,2024-02-09,Yes,35
U03897,40,Mumbai,Working Professional,Referral,Free,2024-01-29,Yes,32
U03898,34,Bangalore,Working Professional,Influencer,Free,2025-06-04,No,15
U03899,40,Delhi,Student,Referral,Premium,2024-10-03,No,23
U03900,18,Chennai,Working Professional,Referral,Free,2024-10-14,No,2
U03901,35,Mumbai,Working Professional,Influencer,Free,2025-08-06,No,1
U03902,48,Chennai,Working Professional,Organic,Free,2024-07-01,No,16
U03903,37,Hyderabad,Family,Influencer,Free,2025-06-05,No,8
U03904,34,Hyderabad,Working Professional,Instagram Ads,Free,2025-11-19,No,7
U03905,44,Bangalore,Student,Influencer,Free,2025-08-21,No,5
U03906,45,Bangalore,Working Professional,Organic,Free,2024-03-24,Yes,117
U03907,44,Bangalore,Family,Influencer,Premium,2025-01-31,No,20
U03908,32,Bangalore,Working Professional,Organic,Free,2024-03-26,No,2
U03909,28,Bangalore,Working Professional,Instagram Ads,Free,2024-10-23,Yes,52
U03910,42,Chennai,Student,Google Ads,Free,2025-12-19,Yes,88
U03911,45,Hyderabad,Working Professional,Organic,Free,2024-10-13,No,10
U03912,39,Hyderabad,Working Professional,Organic,Free,2024-04-18,Yes,118
U03913,30,Pune,Family,Organic,Free,2025-06-27,Yes,70
U03914,18,Delhi,Working Professional,Instagram Ads,Premium,2024-01-13,No,14
U03915,34,Delhi,Working Professional,Referral,Free,2025-01-11,Yes,103
U03916,23,Mumbai,Working Professional,Organic,Free,2025-02-12,No,21
U03917,21,Bangalore,Working Professional,Instagram Ads,Premium,2025-12-25,No,19
U03918,37,Pune,Family,Google Ads,Free,2025-09-21,No,5
U03919,33,Mumbai,Working Professional,Organic,Premium,2025-09-09,Yes,61
U03920,32,Bangalore,Family,Referral,Free,2024-01-15,No,5
U03921,44,Bangalore,Working Professional,Instagram Ads,Free,2025-12-25,Yes,59
U03922,32,Delhi,Student,Google Ads,Premium,2024-07-06,Yes,116
U03923,23,Bangalore,Working Professional,Referral,Free,2024-08-21,Yes,72
U03924,32,Pune,Student,Google Ads,Free,2025-04-02,Yes,41
U03925,31,Delhi,Student,Referral,Premium,2025-12-25,Yes,112
U03926,45,Bangalore,Working Professional,Influencer,Free,2024-05-24,No,4
U03927,28,Bangalore,Working Professional,Influencer,Free,2025-05-31,Yes,56
U03928,24,Delhi,Working Professional,Influencer,Premium,2024-05-20,No,18
U03929,26,Delhi,Student,Google Ads,Free,2025-06-16,Yes,47
U03930,43,Chennai,Working Professional,Influencer,Premium,2025-09-20,No,17
U03931,33,Mumbai,Working Professional,Instagram Ads,Premium,2024-04-24,Yes,95
U03932,22,Delhi,Family,Instagram Ads,Premium,2024-02-13,No,6
U03933,42,Delhi,Working Professional,Influencer,Premium,2024-07-22,No,19
U03934,37,Bangalore,Working Professional,Referral,Free,2025-04-17,No,18
U03935,46,Bangalore,Student,Referral,Free,2024-11-04,Yes,58
U03936,27,Bangalore,Working Professional,Google Ads,Premium,2024-11-17,Yes,61
U03937,35,Delhi,Working Professional,Referral,Premium,2025-02-08,No,5
U03938,20,Pune,Family,Organic,Premium,2024-12-26,Yes,89
U03939,30,Mumbai,Student,Referral,Free,2024-05-05,Yes,111
U03940,28,Mumbai,Working Professional,Instagram Ads,Free,2024-04-29,Yes,57
U03941,34,Mumbai,Working Professional,Referral,Free,2024-08-01,No,26
U03942,47,Mumbai,Student,Google Ads,Premium,2024-11-06,No,27
U03943,47,Pune,Working Professional,Referral,Free,2025-10-03,Yes,76
U03944,39,Chennai,Family,Google Ads,Free,2025-08-28,Yes,62
U03945,30,Mumbai,Working Professional,Organic,Free,2024-03-05,No,2
U03946,23,Pune,Family,Influencer,Free,2024-12-31,No,28
U03947,34,Hyderabad,Student,Organic,Free,2024-07-23,Yes,39
U03948,44,Chennai,Working Professional,Instagram Ads,Free,2024-07-05,No,19
U03949,30,Delhi,Working Professional,Organic,Premium,2025-12-24,No,2
U03950,36,Bangalore,Working Professional,Organic,Free,2025-12-03,No,16
U03951,38,Delhi,Family,Instagram Ads,Free,2024-09-17,No,2
U03952,36,Pune,Student,Instagram Ads,Premium,2024-03-30,No,21
U03953,27,Delhi,Family,Influencer,Free,2025-01-27,No,7
U03954,20,Bangalore,Working Professional,Influencer,Free,2024-05-29,Yes,72
U03955,31,Mumbai,Student,Referral,Free,2025-02-15,No,1
U03956,43,Mumbai,Family,Google Ads,Free,2025-03-19,No,18
U03957,36,Bangalore,Working Professional,Instagram Ads,Free,2024-05-19,Yes,79
U03958,22,Pune,Family,Organic,Free,2024-10-19,No,16
U03959,46,Bangalore,Working Professional,Organic,Free,2025-04-10,Yes,42
U03960,49,Pune,Family,Influencer,Free,2025-09-22,No,12
U03961,22,Delhi,Working Professional,Google Ads,Free,2024-09-03,Yes,39
U03962,37,Bangalore,Student,Instagram Ads,Premium,2024-04-07,Yes,40
U03963,34,Mumbai,Working Professional,Influencer,Free,2024-06-18,No,28
U03964,38,Delhi,Student,Google Ads,Premium,2024-11-05,No,26
U03965,27,Bangalore,Working Professional,Instagram Ads,Free,2025-03-01,Yes,49
U03966,49,Bangalore,Student,Organic,Premium,2024-03-07,Yes,101
U03967,22,Bangalore,Student,Organic,Premium,2024-02-25,Yes,108
U03968,21,Hyderabad,Student,Influencer,Free,2025-07-11,No,23
U03969,23,Bangalore,Working Professional,Google Ads,Free,2025-05-31,Yes,77
U03970,43,Delhi,Working Professional,Organic,Free,2025-07-21,No,12
U03971,21,Delhi,Working Professional,Google Ads,Free,2024-05-30,No,6
U03972,47,Bangalore,Student,Influencer,Free,2024-11-13,No,22
U03973,24,Delhi,Working Professional,Referral,Free,2024-05-20,No,14
U03974,24,Delhi,Working Professional,Google Ads,Free,2024-11-10,Yes,75
U03975,35,Mumbai,Working Professional,Google Ads,Premium,2024-01-06,No,12
U03976,20,Bangalore,Family,Influencer,Free,2024-07-07,No,18
U03977,18,Mumbai,Working Professional,Referral,Free,2024-11-12,No,26
U03978,41,Hyderabad,Working Professional,Organic,Free,2025-11-15,Yes,48
U03979,42,Bangalore,Student,Instagram Ads,Free,2025-08-27,No,20
U03980,21,Mumbai,Student,Influencer,Free,2025-06-07,No,11
U03981,23,Hyderabad,Family,Instagram Ads,Premium,2024-06-11,No,2
U03982,26,Bangalore,Family,Referral,Free,2025-01-02,No,12
U03983,39,Bangalore,Student,Referral,Free,2025-05-31,No,25
U03984,31,Bangalore,Working Professional,Google Ads,Premium,2024-03-06,No,15
U03985,45,Delhi,Working Professional,Instagram Ads,Free,2025-12-15,No,23
U03986,29,Hyderabad,Working Professional,Instagram Ads,Premium,2024-11-19,No,6
U03987,45,Mumbai,Family,Referral,Premium,2024-07-11,No,5
U03988,42,Chennai,Student,Instagram Ads,Free,2024-12-30,No,15
U03989,48,Pune,Working Professional,Organic,Free,2025-01-04,Yes,94
U03990,37,Bangalore,Student,Referral,Free,2024-12-01,No,11
U03991,41,Delhi,Working Professional,Google Ads,Free,2025-07-31,No,15
U03992,42,Delhi,Student,Google Ads,Free,2025-11-11,No,19
U03993,21,Mumbai,Family,Google Ads,Free,2025-10-28,No,1
U03994,38,Mumbai,Working Professional,Instagram Ads,Free,2025-08-10,Yes,48
U03995,47,Mumbai,Family,Referral,Free,2024-05-12,No,4
U03996,41,Bangalore,Student,Google Ads,Premium,2024-05-20,No,9
U03997,29,Delhi,Student,Referral,Free,2024-12-01,No,6
U03998,27,Chennai,Student,Instagram Ads,Free,2025-05-13,No,23
U03999,47,Delhi,Working Professional,Organic,Free,2025-10-10,Yes,39
U04000,39,Chennai,Family,Organic,Free,2024-06-24,Yes,105
U04001,45,Chennai,Working Professional,Organic,Free,2024-02-05,No,23
U04002,24,Bangalore,Student,Instagram Ads,Free,2024-05-22,Yes,68
U04003,20,Hyderabad,Student,Google Ads,Premium,2025-10-10,No,9
U04004,40,Mumbai,Student,Instagram Ads,Premium,2025-06-11,No,11
U04005,45,Bangalore,Working Professional,Referral,Premium,2025-05-18,Yes,80
U04006,31,Mumbai,Working Professional,Organic,Premium,2024-01-06,No,1
U04007,41,Mumbai,Working Professional,Referral,Premium,2025-08-06,Yes,86
U04008,27,Bangalore,Working Professional,Instagram Ads,Free,2025-11-03,Yes,113
U04009,33,Mumbai,Student,Influencer,Free,2024-08-11,No,27
U04010,33,Bangalore,Student,Influencer,Free,2024-12-21,Yes,84
U04011,39,Mumbai,Working Professional,Instagram Ads,Free,2024-02-05,No,11
U04012,48,Mumbai,Working Professional,Google Ads,Free,2025-06-29,No,15
U04013,27,Delhi,Working Professional,Referral,Premium,2025-06-08,No,16
U04014,42,Delhi,Student,Instagram Ads,Free,2025-12-14,No,24
U04015,30,Delhi,Student,Instagram Ads,Free,2024-02-26,No,24
U04016,23,Delhi,Student,Influencer,Free,2024-01-07,No,1
U04017,29,Delhi,Student,Organic,Free,2025-03-18,No,11
U04018,26,Pune,Student,Organic,Premium,2024-11-10,No,6
U04019,30,Delhi,Working Professional,Google Ads,Free,2024-04-20,No,12
U04020,21,Bangalore,Student,Google Ads,Free,2024-04-25,No,26
U04021,41,Delhi,Student,Google Ads,Free,2024-11-02,No,19
U04022,28,Pune,Family,Influencer,Premium,2025-10-28,No,1
U04023,37,Mumbai,Working Professional,Instagram Ads,Premium,2025-12-18,No,21
U04024,35,Mumbai,Family,Google Ads,Premium,2024-11-05,Yes,39
U04025,43,Bangalore,Student,Influencer,Premium,2024-04-03,No,22
U04026,28,Mumbai,Working Professional,Referral,Premium,2024-07-10,No,20
U04027,42,Bangalore,Student,Instagram Ads,Premium,2024-10-05,No,12
U04028,38,Delhi,Working Professional,Referral,Free,2025-07-13,Yes,70
U04029,21,Chennai,Student,Organic,Free,2024-02-24,No,1
U04030,35,Mumbai,Student,Organic,Free,2024-01-17,No,28
U04031,18,Mumbai,Family,Instagram Ads,Free,2024-11-30,No,7
U04032,44,Hyderabad,Working Professional,Google Ads,Free,2024-03-02,Yes,53
U04033,24,Mumbai,Family,Instagram Ads,Free,2025-09-28,Yes,85
U04034,23,Pune,Student,Google Ads,Premium,2025-07-26,No,16
U04035,48,Mumbai,Student,Organic,Free,2025-07-09,Yes,31
U04036,32,Hyderabad,Working Professional,Instagram Ads,Free,2024-11-22,Yes,85
U04037,35,Delhi,Working Professional,Instagram Ads,Free,2024-05-07,No,9
U04038,49,Pune,Working Professional,Google Ads,Premium,2025-05-14,No,14
U04039,41,Hyderabad,Family,Organic,Free,2024-09-15,Yes,41
U04040,28,Delhi,Student,Organic,Free,2025-12-13,No,6
U04041,37,Delhi,Working Professional,Google Ads,Premium,2025-09-15,No,15
U04042,41,Mumbai,Student,Google Ads,Premium,2025-02-13,No,23
U04043,32,Chennai,Student,Google Ads,Free,2024-05-22,Yes,103
U04044,33,Delhi,Working Professional,Organic,Free,2025-01-31,No,10
U04045,24,Mumbai,Working Professional,Organic,Free,2025-12-19,Yes,91
U04046,38,Delhi,Student,Instagram Ads,Premium,2024-12-24,No,23
U04047,27,Mumbai,Student,Organic,Free,2025-10-13,No,22
U04048,43,Bangalore,Working Professional,Referral,Premium,2024-11-14,No,22
U04049,29,Chennai,Working Professional,Referral,Premium,2025-10-09,No,17
U04050,41,Bangalore,Student,Google Ads,Free,2025-12-12,No,25
U04051,49,Pune,Student,Google Ads,Premium,2024-10-04,No,13
U04052,31,Bangalore,Student,Google Ads,Premium,2025-10-13,Yes,119
U04053,42,Delhi,Family,Instagram Ads,Free,2025-10-23,Yes,42
U04054,22,Mumbai,Family,Referral,Premium,2024-03-31,No,11
U04055,43,Bangalore,Working Professional,Referral,Premium,2025-11-28,No,1
U04056,38,Chennai,Family,Organic,Free,2024-03-22,No,6
U04057,35,Pune,Working Professional,Referral,Free,2024-01-19,Yes,90
U04058,22,Delhi,Student,Organic,Free,2025-01-13,No,28
U04059,20,Delhi,Student,Instagram Ads,Free,2025-10-06,No,9
U04060,40,Delhi,Family,Google Ads,Free,2025-01-03,No,2
U04061,43,Chennai,Working Professional,Google Ads,Free,2025-11-11,No,17
U04062,22,Pune,Family,Organic,Free,2025-04-02,No,2
U04063,41,Hyderabad,Family,Influencer,Free,2024-01-19,No,22
U04064,34,Mumbai,Working Professional,Organic,Free,2024-09-09,No,7
U04065,36,Bangalore,Student,Instagram Ads,Free,2024-12-29,Yes,64
U04066,36,Mumbai,Student,Referral,Free,2024-07-11,Yes,111
U04067,42,Delhi,Student,Organic,Free,2024-10-04,No,20
U04068,38,Bangalore,Student,Instagram Ads,Free,2025-10-18,No,3
U04069,49,Delhi,Working Professional,Google Ads,Free,2024-02-04,Yes,92
U04070,29,Delhi,Student,Influencer,Premium,2025-11-09,No,13
U04071,42,Pune,Student,Influencer,Premium,2024-08-31,No,16
U04072,46,Hyderabad,Working Professional,Organic,Free,2025-08-07,No,9
U04073,26,Mumbai,Student,Referral,Free,2025-10-06,No,19
U04074,18,Bangalore,Working Professional,Organic,Free,2024-03-13,No,12
U04075,35,Mumbai,Working Professional,Influencer,Free,2025-09-18,No,26
U04076,38,Hyderabad,Working Professional,Influencer,Free,2024-09-23,Yes,76
U04077,21,Hyderabad,Family,Google Ads,Premium,2024-11-29,No,22
U04078,48,Hyderabad,Student,Referral,Free,2025-09-13,No,6
U04079,27,Hyderabad,Student,Referral,Free,2024-06-16,No,5
U04080,42,Delhi,Family,Influencer,Free,2025-12-28,Yes,87
U04081,24,Mumbai,Working Professional,Influencer,Free,2024-12-05,No,11
U04082,39,Mumbai,Working Professional,Organic,Free,2024-04-06,Yes,33
U04083,40,Mumbai,Student,Organic,Free,2025-08-14,Yes,111
U04084,18,Hyderabad,Family,Google Ads,Free,2025-12-29,Yes,63
U04085,34,Mumbai,Family,Influencer,Free,2025-11-28,No,9
U04086,41,Delhi,Working Professional,Organic,Free,2024-03-04,No,8
U04087,46,Mumbai,Student,Google Ads,Free,2025-08-01,No,24
U04088,46,Chennai,Family,Referral,Free,2024-04-05,No,11
U04089,19,Delhi,Working Professional,Influencer,Free,2025-06-29,Yes,48
U04090,45,Bangalore,Working Professional,Instagram Ads,Free,2025-01-03,Yes,30
U04091,43,Mumbai,Student,Influencer,Free,2024-12-10,No,22
U04092,28,Delhi,Working Professional,Organic,Free,2025-03-17,Yes,91
U04093,26,Mumbai,Student,Influencer,Free,2025-03-26,No,21
U04094,24,Hyderabad,Student,Instagram Ads,Premium,2024-08-21,Yes,57
U04095,39,Bangalore,Working Professional,Influencer,Premium,2025-11-05,No,25
U04096,34,Pune,Student,Organic,Premium,2024-06-05,No,16
U04097,34,Mumbai,Working Professional,Referral,Premium,2024-01-28,No,5
U04098,19,Delhi,Working Professional,Organic,Free,2025-04-16,No,6
U04099,23,Chennai,Student,Google Ads,Free,2025-08-03,Yes,32
U04100,31,Mumbai,Working Professional,Organic,Free,2025-04-02,No,27
U04101,23,Bangalore,Family,Google Ads,Premium,2024-12-03,No,11
U04102,19,Hyderabad,Student,Influencer,Free,2025-02-25,Yes,59
U04103,18,Mumbai,Working Professional,Google Ads,Free,2025-01-09,Yes,54
U04104,27,Hyderabad,Student,Influencer,Free,2025-10-10,No,8
U04105,38,Delhi,Working Professional,Google Ads,Free,2025-09-15,No,19
U04106,22,Mumbai,Student,Organic,Premium,2024-10-25,No,1
U04107,19,Delhi,Working Professional,Instagram Ads,Premium,2024-01-25,No,26
U04108,39,Pune,Student,Influencer,Free,2025-08-28,No,27
U04109,33,Delhi,Family,Google Ads,Free,2024-03-06,Yes,66
U04110,42,Hyderabad,Working Professional,Instagram Ads,Free,2025-06-12,No,9
U04111,19,Chennai,Working Professional,Google Ads,Free,2025-09-12,No,14
U04112,27,Bangalore,Working Professional,Google Ads,Premium,2025-01-25,No,25
U04113,19,Bangalore,Working Professional,Google Ads,Free,2024-10-04,No,20
U04114,33,Mumbai,Working Professional,Organic,Free,2024-01-10,Yes,117
U04115,33,Mumbai,Working Professional,Google Ads,Free,2024-12-11,No,5
U04116,36,Mumbai,Working Professional,Instagram Ads,Free,2024-05-20,No,2
U04117,46,Bangalore,Student,Google Ads,Premium,2024-01-28,No,18
U04118,24,Chennai,Student,Referral,Free,2024-04-09,No,22
U04119,39,Chennai,Working Professional,Influencer,Free,2024-07-05,No,21
U04120,29,Pune,Family,Organic,Premium,2025-01-27,No,25
U04121,41,Pune,Student,Referral,Premium,2025-12-20,No,13
U04122,32,Mumbai,Student,Referral,Free,2024-11-06,Yes,91
U04123,25,Bangalore,Student,Instagram Ads,Free,2024-09-17,No,17
U04124,23,Pune,Family,Instagram Ads,Free,2024-03-09,Yes,80
U04125,45,Mumbai,Family,Organic,Premium,2024-02-07,No,12
U04126,44,Chennai,Working Professional,Organic,Free,2024-03-06,No,10
U04127,27,Mumbai,Family,Influencer,Premium,2025-04-19,No,22
U04128,20,Bangalore,Working Professional,Google Ads,Premium,2025-05-08,No,24
U04129,49,Hyderabad,Family,Organic,Free,2025-04-11,Yes,114
U04130,36,Chennai,Student,Organic,Free,2024-03-04,No,7
U04131,48,Delhi,Student,Google Ads,Free,2025-10-26,Yes,95
U04132,34,Hyderabad,Working Professional,Influencer,Premium,2024-06-28,No,20
U04133,49,Bangalore,Working Professional,Instagram Ads,Free,2025-11-08,Yes,104
U04134,49,Delhi,Working Professional,Influencer,Free,2024-04-08,No,26
U04135,24,Hyderabad,Student,Google Ads,Free,2025-06-20,Yes,84
U04136,38,Bangalore,Working Professional,Instagram Ads,Free,2024-10-30,No,28
U04137,37,Bangalore,Student,Instagram Ads,Premium,2024-03-13,No,21
U04138,43,Mumbai,Student,Instagram Ads,Premium,2025-06-30,No,3
U04139,48,Mumbai,Family,Influencer,Free,2024-05-22,Yes,50
U04140,21,Bangalore,Family,Google Ads,Free,2024-08-01,No,28
U04141,31,Mumbai,Family,Influencer,Free,2025-12-17,Yes,51
U04142,37,Delhi,Working Professional,Influencer,Free,2024-10-31,Yes,58
U04143,39,Chennai,Working Professional,Referral,Free,2025-02-17,Yes,69
U04144,32,Bangalore,Working Professional,Organic,Free,2025-12-29,No,8
U04145,41,Hyderabad,Student,Influencer,Free,2024-12-10,Yes,78
U04146,25,Mumbai,Student,Referral,Premium,2025-08-20,No,18
U04147,38,Mumbai,Student,Google Ads,Free,2025-05-08,Yes,111
U04148,32,Mumbai,Family,Referral,Free,2025-11-11,No,3
U04149,39,Mumbai,Student,Influencer,Premium,2024-05-04,Yes,118
U04150,37,Bangalore,Family,Google Ads,Free,2025-02-11,Yes,104
U04151,45,Bangalore,Working Professional,Referral,Free,2024-08-23,No,13
U04152,31,Mumbai,Working Professional,Influencer,Free,2025-10-18,Yes,77
U04153,44,Delhi,Student,Google Ads,Premium,2025-09-08,No,16
U04154,46,Mumbai,Student,Google Ads,Free,2024-12-09,Yes,32
U04155,26,Delhi,Family,Organic,Premium,2025-10-07,No,18
U04156,25,Delhi,Student,Influencer,Free,2025-06-04,No,19
U04157,43,Chennai,Student,Organic,Premium,2025-06-10,No,24
U04158,45,Bangalore,Student,Google Ads,Free,2024-03-04,Yes,49
U04159,43,Bangalore,Student,Google Ads,Free,2025-11-20,No,26
U04160,34,Mumbai,Student,Referral,Free,2025-05-16,No,28
U04161,48,Chennai,Working Professional,Organic,Premium,2025-09-27,Yes,49
U04162,19,Bangalore,Working Professional,Instagram Ads,Free,2024-01-11,Yes,111
U04163,42,Hyderabad,Working Professional,Influencer,Free,2025-08-29,No,22
U04164,41,Mumbai,Student,Organic,Free,2025-09-23,No,22
U04165,47,Chennai,Family,Google Ads,Free,2025-03-05,No,2
U04166,20,Pune,Working Professional,Referral,Free,2024-10-27,No,8
U04167,25,Pune,Student,Influencer,Free,2024-09-02,No,11
U04168,29,Delhi,Working Professional,Influencer,Free,2025-08-11,No,12
U04169,18,Delhi,Student,Referral,Free,2024-04-03,No,6
U04170,27,Mumbai,Working Professional,Google Ads,Free,2024-11-10,No,16
U04171,37,Delhi,Working Professional,Instagram Ads,Free,2024-06-01,Yes,93
U04172,20,Pune,Family,Referral,Free,2024-08-27,No,5
U04173,23,Delhi,Student,Instagram Ads,Premium,2024-05-19,Yes,92
U04174,24,Delhi,Working Professional,Organic,Free,2025-08-19,Yes,90
U04175,37,Delhi,Student,Influencer,Free,2024-08-03,Yes,107
U04176,40,Delhi,Working Professional,Google Ads,Premium,2025-01-04,No,2
U04177,42,Delhi,Working Professional,Instagram Ads,Free,2024-10-19,Yes,95
U04178,44,Hyderabad,Student,Google Ads,Premium,2024-08-28,No,23
U04179,35,Bangalore,Working Professional,Organic,Free,2025-06-18,No,27
U04180,28,Delhi,Working Professional,Instagram Ads,Free,2024-11-16,No,21
U04181,36,Mumbai,Family,Google Ads,Free,2024-02-14,No,7
U04182,22,Mumbai,Student,Google Ads,Free,2025-08-08,No,8
U04183,36,Delhi,Family,Organic,Free,2025-09-05,No,4
U04184,28,Bangalore,Family,Referral,Free,2024-10-10,Yes,67
U04185,41,Hyderabad,Family,Organic,Free,2025-08-06,Yes,85
U04186,29,Hyderabad,Working Professional,Instagram Ads,Free,2025-07-06,No,6
U04187,27,Hyderabad,Family,Instagram Ads,Free,2024-07-30,No,28
U04188,25,Delhi,Working Professional,Influencer,Free,2025-11-02,Yes,35
U04189,41,Chennai,Student,Google Ads,Free,2024-03-27,No,3
U04190,45,Pune,Working Professional,Instagram Ads,Free,2024-01-07,Yes,69
U04191,45,Chennai,Working Professional,Referral,Free,2025-04-03,No,13
U04192,26,Delhi,Family,Referral,Free,2024-07-01,No,19
U04193,21,Chennai,Working Professional,Organic,Premium,2024-11-23,No,14
U04194,22,Pune,Student,Instagram Ads,Free,2024-10-25,No,23
U04195,38,Pune,Working Professional,Instagram Ads,Free,2025-02-01,No,11
U04196,25,Delhi,Family,Influencer,Free,2024-01-14,Yes,110
U04197,40,Hyderabad,Student,Influencer,Free,2024-04-09,No,18
U04198,26,Chennai,Student,Influencer,Free,2024-06-17,Yes,96
U04199,32,Bangalore,Working Professional,Instagram Ads,Free,2024-08-19,Yes,97
U04200,32,Bangalore,Student,Organic,Free,2024-04-20,No,25
U04201,33,Chennai,Student,Organic,Premium,2024-12-12,Yes,84
U04202,31,Mumbai,Student,Organic,Premium,2024-12-05,Yes,72
U04203,25,Bangalore,Family,Organic,Free,2025-09-05,No,6
U04204,35,Mumbai,Student,Referral,Premium,2025-12-29,No,22
U04205,27,Chennai,Working Professional,Instagram Ads,Premium,2024-08-27,No,18
U04206,45,Delhi,Working Professional,Google Ads,Free,2024-08-27,Yes,91
U04207,37,Bangalore,Family,Instagram Ads,Premium,2024-09-26,No,26
U04208,23,Hyderabad,Family,Organic,Premium,2025-06-23,No,27
U04209,29,Hyderabad,Working Professional,Referral,Free,2024-10-12,Yes,33
U04210,19,Bangalore,Family,Referral,Free,2024-11-30,No,20
U04211,24,Chennai,Student,Instagram Ads,Free,2025-07-19,Yes,78
U04212,33,Chennai,Working Professional,Google Ads,Free,2025-03-18,No,18
U04213,20,Delhi,Working Professional,Organic,Free,2025-12-25,No,26
U04214,30,Mumbai,Student,Referral,Premium,2025-05-17,No,14
U04215,20,Delhi,Working Professional,Organic,Free,2025-01-04,Yes,114
U04216,44,Mumbai,Student,Organic,Free,2024-04-29,Yes,85
U04217,35,Bangalore,Family,Organic,Free,2024-03-15,Yes,71
U04218,28,Chennai,Working Professional,Influencer,Free,2025-02-26,No,7
U04219,25,Pune,Working Professional,Organic,Free,2024-03-10,Yes,98
U04220,23,Delhi,Student,Organic,Free,2024-09-27,No,11
U04221,18,Delhi,Student,Google Ads,Free,2024-05-11,No,21
U04222,45,Bangalore,Family,Google Ads,Free,2024-04-07,No,3
U04223,18,Bangalore,Working Professional,Influencer,Free,2024-04-11,Yes,73
U04224,40,Delhi,Family,Influencer,Free,2025-03-03,No,19
U04225,49,Pune,Student,Organic,Free,2024-06-15,No,9
U04226,25,Chennai,Student,Referral,Premium,2024-04-14,No,4
U04227,22,Mumbai,Working Professional,Referral,Free,2025-08-20,Yes,70
U04228,49,Pune,Working Professional,Instagram Ads,Premium,2025-07-02,No,21
U04229,45,Mumbai,Student,Referral,Premium,2025-03-17,No,22
U04230,33,Hyderabad,Working Professional,Referral,Free,2025-11-02,No,9
U04231,28,Mumbai,Working Professional,Google Ads,Free,2025-09-26,No,21
U04232,22,Delhi,Student,Instagram Ads,Free,2025-10-05,Yes,94
U04233,21,Chennai,Student,Instagram Ads,Free,2024-09-22,No,23
U04234,47,Mumbai,Working Professional,Google Ads,Premium,2025-02-23,No,25
U04235,23,Hyderabad,Working Professional,Referral,Free,2024-09-17,Yes,68
U04236,31,Mumbai,Working Professional,Referral,Free,2025-03-09,Yes,56
U04237,39,Delhi,Working Professional,Instagram Ads,Free,2025-02-19,Yes,96
U04238,36,Delhi,Student,Referral,Free,2024-12-20,Yes,94
U04239,49,Mumbai,Family,Instagram Ads,Free,2025-04-05,Yes,103
U04240,26,Hyderabad,Family,Referral,Free,2025-12-01,Yes,32
U04241,29,Mumbai,Working Professional,Organic,Free,2025-01-19,No,27
U04242,28,Hyderabad,Student,Google Ads,Premium,2025-06-26,No,23
U04243,31,Hyderabad,Working Professional,Influencer,Free,2024-10-01,No,10
U04244,40,Hyderabad,Working Professional,Organic,Free,2024-11-05,No,25
U04245,33,Mumbai,Family,Referral,Free,2024-05-11,Yes,112
U04246,18,Chennai,Family,Influencer,Free,2025-11-18,No,23
U04247,48,Mumbai,Family,Organic,Free,2024-02-18,No,22
U04248,30,Mumbai,Student,Google Ads,Free,2025-03-19,No,22
U04249,40,Delhi,Family,Influencer,Free,2024-06-20,No,13
U04250,38,Mumbai,Working Professional,Influencer,Free,2024-11-25,No,17
U04251,38,Delhi,Family,Google Ads,Free,2024-01-06,No,13
U04252,47,Bangalore,Working Professional,Organic,Premium,2025-08-10,No,7
U04253,30,Delhi,Student,Influencer,Free,2024-07-22,Yes,84
U04254,19,Mumbai,Working Professional,Google Ads,Premium,2025-01-03,No,28
U04255,21,Hyderabad,Student,Organic,Premium,2025-12-22,No,26
U04256,45,Mumbai,Working Professional,Referral,Free,2025-07-01,Yes,66
U04257,23,Delhi,Family,Instagram Ads,Free,2024-10-07,No,1
U04258,43,Delhi,Student,Referral,Free,2025-11-19,No,23
U04259,48,Hyderabad,Student,Referral,Premium,2024-02-24,Yes,106
U04260,44,Delhi,Student,Instagram Ads,Free,2024-06-17,No,15
U04261,40,Mumbai,Working Professional,Referral,Free,2024-11-08,Yes,79
U04262,49,Bangalore,Family,Referral,Free,2025-04-22,No,25
U04263,44,Hyderabad,Student,Google Ads,Free,2025-03-03,Yes,46
U04264,22,Bangalore,Student,Google Ads,Free,2025-05-26,No,18
U04265,42,Pune,Family,Organic,Premium,2025-02-16,No,10
U04266,20,Delhi,Family,Influencer,Free,2024-02-17,No,20
U04267,18,Mumbai,Student,Organic,Free,2025-09-07,No,9
U04268,21,Mumbai,Working Professional,Google Ads,Free,2024-01-03,No,26
U04269,42,Delhi,Working Professional,Google Ads,Free,2025-08-19,No,24
U04270,37,Mumbai,Working Professional,Instagram Ads,Free,2025-11-15,No,1
U04271,19,Mumbai,Working Professional,Instagram Ads,Free,2024-11-24,Yes,52
U04272,43,Bangalore,Family,Google Ads,Free,2024-08-20,Yes,55
U04273,47,Bangalore,Student,Referral,Premium,2025-11-06,No,11
U04274,47,Mumbai,Student,Organic,Premium,2024-02-29,No,15
U04275,22,Hyderabad,Working Professional,Google Ads,Free,2025-08-12,Yes,35
U04276,20,Mumbai,Working Professional,Google Ads,Premium,2025-06-13,No,14
U04277,46,Mumbai,Family,Instagram Ads,Premium,2024-04-06,No,9
U04278,45,Bangalore,Working Professional,Organic,Free,2024-03-06,Yes,68
U04279,46,Delhi,Student,Organic,Premium,2024-01-31,No,2
U04280,26,Delhi,Working Professional,Influencer,Free,2024-05-27,No,22
U04281,37,Mumbai,Working Professional,Google Ads,Free,2025-10-21,Yes,39
U04282,23,Chennai,Family,Influencer,Free,2024-02-16,No,6
U04283,35,Hyderabad,Working Professional,Instagram Ads,Free,2024-08-31,No,13
U04284,23,Delhi,Working Professional,Influencer,Free,2024-09-13,Yes,106
U04285,36,Pune,Working Professional,Referral,Free,2025-04-22,Yes,101
U04286,45,Hyderabad,Working Professional,Google Ads,Free,2025-08-17,Yes,56
U04287,29,Bangalore,Working Professional,Google Ads,Free,2024-12-21,Yes,75
U04288,42,Pune,Student,Organic,Free,2025-10-15,Yes,92
U04289,28,Mumbai,Family,Influencer,Free,2025-10-02,No,13
U04290,19,Delhi,Working Professional,Organic,Free,2025-03-28,No,2
U04291,32,Bangalore,Working Professional,Influencer,Free,2025-06-05,No,23
U04292,29,Bangalore,Family,Influencer,Free,2024-06-25,No,1
U04293,29,Bangalore,Family,Instagram Ads,Free,2024-07-28,No,1
U04294,26,Bangalore,Family,Influencer,Free,2024-02-11,No,11
U04295,38,Chennai,Family,Organic,Premium,2024-05-03,No,16
U04296,41,Chennai,Student,Influencer,Free,2024-07-05,Yes,30
U04297,19,Pune,Working Professional,Influencer,Premium,2024-01-25,No,7
U04298,39,Pune,Working Professional,Google Ads,Free,2024-06-12,Yes,76
U04299,20,Chennai,Student,Google Ads,Free,2024-02-04,No,5
U04300,29,Delhi,Family,Google Ads,Premium,2024-09-09,No,26
U04301,45,Delhi,Working Professional,Referral,Free,2025-04-19,No,19
U04302,47,Mumbai,Working Professional,Google Ads,Premium,2025-04-14,No,24
U04303,43,Pune,Family,Referral,Free,2025-06-05,No,17
U04304,33,Bangalore,Student,Referral,Free,2024-09-20,No,8
U04305,38,Hyderabad,Working Professional,Organic,Premium,2024-04-14,No,4
U04306,45,Delhi,Working Professional,Google Ads,Free,2024-08-07,Yes,86
U04307,41,Delhi,Student,Influencer,Free,2025-02-10,No,23
U04308,43,Hyderabad,Student,Instagram Ads,Free,2025-10-07,Yes,64
U04309,47,Delhi,Family,Influencer,Free,2024-07-24,No,13
U04310,18,Mumbai,Working Professional,Google Ads,Free,2025-09-27,No,20
U04311,38,Delhi,Family,Influencer,Premium,2024-08-03,No,6
U04312,20,Mumbai,Working Professional,Google Ads,Free,2024-03-04,No,18
U04313,37,Hyderabad,Student,Google Ads,Premium,2024-02-07,No,5
U04314,19,Mumbai,Student,Influencer,Free,2025-10-26,No,25
U04315,26,Bangalore,Working Professional,Referral,Premium,2024-08-09,No,12
U04316,36,Delhi,Family,Organic,Free,2024-12-07,No,19
U04317,32,Pune,Student,Organic,Premium,2025-04-17,Yes,82
U04318,35,Mumbai,Family,Organic,Free,2025-06-19,No,19
U04319,43,Bangalore,Family,Organic,Free,2024-12-22,No,15
U04320,28,Hyderabad,Family,Instagram Ads,Free,2025-05-20,No,7
U04321,42,Delhi,Working Professional,Google Ads,Free,2025-08-01,No,19
U04322,40,Pune,Family,Instagram Ads,Free,2024-08-22,Yes,87
U04323,33,Bangalore,Working Professional,Organic,Premium,2025-08-24,No,21
U04324,49,Mumbai,Student,Organic,Free,2024-04-03,No,3
U04325,39,Delhi,Student,Influencer,Free,2024-07-07,No,1
U04326,34,Chennai,Family,Organic,Premium,2025-10-10,No,21
U04327,22,Hyderabad,Student,Google Ads,Free,2025-11-15,No,25
U04328,29,Delhi,Working Professional,Organic,Free,2024-01-16,Yes,80
U04329,28,Mumbai,Student,Organic,Premium,2025-01-09,No,4
U04330,47,Pune,Student,Instagram Ads,Premium,2024-12-29,No,16
U04331,32,Hyderabad,Student,Google Ads,Free,2025-02-01,Yes,92
U04332,44,Hyderabad,Family,Referral,Free,2025-02-13,No,12
U04333,20,Mumbai,Working Professional,Influencer,Free,2024-06-22,No,27
U04334,18,Hyderabad,Family,Referral,Free,2025-09-04,Yes,80
U04335,37,Mumbai,Working Professional,Instagram Ads,Premium,2024-07-04,No,3
U04336,46,Delhi,Family,Organic,Free,2024-01-30,No,8
U04337,33,Bangalore,Working Professional,Influencer,Free,2025-04-14,No,5
U04338,19,Chennai,Working Professional,Google Ads,Premium,2025-01-14,No,22
U04339,19,Mumbai,Working Professional,Influencer,Premium,2024-11-07,No,16
U04340,20,Mumbai,Working Professional,Instagram Ads,Free,2024-03-18,No,4
U04341,25,Bangalore,Family,Organic,Premium,2025-06-18,No,16
U04342,41,Bangalore,Working Professional,Instagram Ads,Free,2025-06-12,No,22
U04343,45,Pune,Family,Google Ads,Free,2024-05-01,Yes,30
U04344,32,Hyderabad,Working Professional,Referral,Free,2024-08-15,No,23
U04345,24,Delhi,Student,Organic,Free,2025-02-11,Yes,70
U04346,23,Chennai,Working Professional,Organic,Premium,2024-06-23,No,16
U04347,26,Hyderabad,Student,Instagram Ads,Free,2025-07-06,No,5
U04348,37,Pune,Working Professional,Instagram Ads,Free,2024-01-15,Yes,57
U04349,45,Bangalore,Working Professional,Instagram Ads,Free,2024-08-01,No,21
U04350,18,Pune,Family,Organic,Free,2025-08-25,No,28
U04351,25,Delhi,Student,Instagram Ads,Free,2024-02-21,No,18
U04352,40,Mumbai,Student,Influencer,Premium,2024-11-11,Yes,78
U04353,40,Pune,Student,Influencer,Free,2024-02-26,No,28
U04354,49,Delhi,Working Professional,Influencer,Free,2024-10-15,No,27
U04355,48,Delhi,Family,Organic,Free,2024-05-28,No,20
U04356,20,Hyderabad,Family,Instagram Ads,Free,2025-02-11,No,8
U04357,21,Pune,Working Professional,Google Ads,Free,2025-06-15,No,8
U04358,43,Delhi,Family,Instagram Ads,Free,2025-01-03,No,7
U04359,42,Pune,Student,Organic,Premium,2024-11-19,No,10
U04360,32,Hyderabad,Student,Influencer,Free,2025-09-04,No,2
U04361,23,Bangalore,Student,Organic,Premium,2024-12-22,No,20
U04362,32,Pune,Family,Instagram Ads,Free,2025-11-30,No,25
U04363,48,Mumbai,Working Professional,Organic,Free,2025-03-05,No,6
U04364,38,Delhi,Working Professional,Google Ads,Premium,2024-02-02,No,15
U04365,20,Mumbai,Student,Organic,Premium,2025-06-26,No,14
U04366,42,Bangalore,Working Professional,Referral,Free,2025-11-04,No,28
U04367,38,Bangalore,Family,Organic,Premium,2024-10-12,No,27
U04368,38,Pune,Student,Instagram Ads,Free,2025-05-31,Yes,47
U04369,31,Hyderabad,Working Professional,Referral,Premium,2025-11-11,No,9
U04370,37,Bangalore,Student,Influencer,Premium,2025-11-15,Yes,98
U04371,31,Hyderabad,Student,Instagram Ads,Free,2025-12-27,No,5
U04372,21,Delhi,Working Professional,Google Ads,Free,2024-04-26,No,9
U04373,29,Delhi,Student,Organic,Free,2024-09-25,No,22
U04374,34,Pune,Working Professional,Organic,Free,2025-12-18,No,7
U04375,24,Delhi,Working Professional,Instagram Ads,Free,2025-12-21,Yes,110
U04376,26,Delhi,Working Professional,Organic,Free,2024-06-11,No,28
U04377,20,Hyderabad,Working Professional,Organic,Premium,2024-05-19,No,24
U04378,45,Mumbai,Working Professional,Influencer,Premium,2025-11-11,Yes,90
U04379,30,Pune,Student,Organic,Premium,2024-05-23,No,3
U04380,32,Mumbai,Working Professional,Organic,Free,2024-08-09,Yes,101
U04381,35,Delhi,Working Professional,Influencer,Free,2025-08-10,No,27
U04382,36,Mumbai,Student,Organic,Free,2025-09-21,No,17
U04383,18,Bangalore,Family,Influencer,Free,2025-09-01,No,19
U04384,23,Mumbai,Working Professional,Google Ads,Free,2025-03-10,Yes,66
U04385,44,Bangalore,Family,Organic,Free,2025-06-28,No,10
U04386,44,Pune,Family,Instagram Ads,Premium,2025-03-29,No,2
U04387,40,Chennai,Working Professional,Referral,Free,2024-03-07,No,2
U04388,44,Delhi,Working Professional,Google Ads,Free,2024-01-06,No,17
U04389,44,Mumbai,Working Professional,Organic,Free,2024-08-28,No,15
U04390,19,Bangalore,Working Professional,Instagram Ads,Free,2024-02-24,No,27
U04391,41,Chennai,Family,Referral,Free,2025-01-17,No,16
U04392,31,Chennai,Working Professional,Influencer,Free,2025-03-09,Yes,101
U04393,23,Delhi,Student,Organic,Free,2025-04-14,Yes,37
U04394,31,Hyderabad,Working Professional,Influencer,Free,2024-03-11,Yes,70
U04395,21,Mumbai,Family,Google Ads,Free,2025-08-28,No,2
U04396,38,Delhi,Working Professional,Referral,Free,2025-03-25,No,15
U04397,25,Delhi,Working Professional,Referral,Free,2025-04-24,No,21
U04398,47,Mumbai,Working Professional,Influencer,Free,2024-05-22,Yes,72
U04399,20,Mumbai,Working Professional,Influencer,Free,2024-01-22,No,8
U04400,36,Delhi,Working Professional,Google Ads,Free,2025-07-14,No,4
U04401,47,Hyderabad,Working Professional,Instagram Ads,Premium,2025-02-25,No,28
U04402,48,Mumbai,Working Professional,Organic,Free,2025-10-09,Yes,54
U04403,31,Bangalore,Working Professional,Instagram Ads,Premium,2025-01-26,No,8
U04404,44,Mumbai,Working Professional,Referral,Free,2025-09-03,No,22
U04405,37,Delhi,Working Professional,Organic,Free,2025-04-12,Yes,66
U04406,34,Mumbai,Student,Google Ads,Premium,2024-10-19,No,6
U04407,42,Delhi,Student,Instagram Ads,Free,2025-12-12,No,15
U04408,25,Bangalore,Student,Instagram Ads,Free,2024-04-30,No,1
U04409,41,Delhi,Working Professional,Organic,Free,2025-03-13,No,11
U04410,31,Bangalore,Student,Google Ads,Free,2024-04-10,Yes,42
U04411,43,Delhi,Working Professional,Google Ads,Free,2024-07-05,No,23
U04412,23,Bangalore,Student,Instagram Ads,Free,2024-06-07,No,6
U04413,40,Hyderabad,Working Professional,Instagram Ads,Free,2025-06-01,No,20
U04414,39,Delhi,Working Professional,Influencer,Free,2025-11-12,No,20
U04415,33,Mumbai,Working Professional,Organic,Free,2024-06-28,Yes,43
U04416,42,Delhi,Working Professional,Google Ads,Free,2025-03-06,Yes,55
U04417,36,Bangalore,Student,Referral,Free,2024-07-30,Yes,61
U04418,31,Delhi,Family,Organic,Free,2025-11-06,No,26
U04419,36,Bangalore,Student,Influencer,Free,2025-10-01,No,24
U04420,20,Bangalore,Working Professional,Organic,Free,2025-12-30,Yes,78
U04421,27,Chennai,Family,Instagram Ads,Free,2025-10-14,No,22
U04422,36,Bangalore,Working Professional,Organic,Free,2025-03-08,No,22
U04423,26,Bangalore,Family,Organic,Premium,2025-10-05,No,23
U04424,45,Mumbai,Student,Organic,Free,2024-04-10,Yes,89
U04425,37,Chennai,Working Professional,Referral,Premium,2024-11-15,No,12
U04426,30,Hyderabad,Working Professional,Influencer,Free,2024-04-07,No,26
U04427,24,Mumbai,Student,Organic,Free,2024-10-05,Yes,103
U04428,31,Pune,Working Professional,Organic,Free,2025-11-28,Yes,47
U04429,48,Mumbai,Working Professional,Referral,Free,2024-05-22,No,2
U04430,26,Pune,Working Professional,Google Ads,Free,2024-12-10,Yes,60
U04431,44,Pune,Family,Organic,Premium,2024-12-21,No,9
U04432,45,Delhi,Student,Organic,Free,2025-08-13,Yes,56
U04433,40,Hyderabad,Student,Google Ads,Premium,2024-12-20,No,12
U04434,42,Mumbai,Working Professional,Organic,Free,2025-03-05,No,5
U04435,45,Mumbai,Working Professional,Organic,Free,2024-02-08,Yes,100
U04436,36,Mumbai,Working Professional,Organic,Free,2024-10-29,No,16
U04437,32,Hyderabad,Working Professional,Influencer,Free,2025-07-02,Yes,68
U04438,37,Delhi,Student,Instagram Ads,Free,2025-02-28,No,12
U04439,31,Delhi,Working Professional,Influencer,Free,2024-12-13,No,1
U04440,41,Hyderabad,Family,Google Ads,Free,2025-03-04,No,1
U04441,23,Delhi,Working Professional,Influencer,Premium,2024-10-12,No,19
U04442,38,Delhi,Working Professional,Influencer,Premium,2025-03-30,No,20
U04443,46,Delhi,Student,Referral,Free,2024-11-19,Yes,58
U04444,21,Mumbai,Student,Google Ads,Free,2025-06-02,No,5
U04445,25,Mumbai,Student,Google Ads,Premium,2024-12-18,No,9
U04446,34,Delhi,Working Professional,Google Ads,Free,2024-10-29,No,12
U04447,47,Chennai,Family,Influencer,Free,2024-07-28,Yes,77
U04448,26,Hyderabad,Working Professional,Google Ads,Free,2025-08-13,Yes,90
U04449,49,Mumbai,Student,Referral,Free,2025-03-19,No,4
U04450,18,Mumbai,Student,Organic,Free,2024-05-12,Yes,77
U04451,41,Mumbai,Working Professional,Influencer,Free,2024-06-24,Yes,111
U04452,37,Bangalore,Working Professional,Organic,Premium,2024-03-27,Yes,37
U04453,42,Delhi,Working Professional,Organic,Premium,2025-04-02,No,1
U04454,31,Delhi,Working Professional,Influencer,Free,2024-08-04,No,17
U04455,28,Pune,Working Professional,Influencer,Free,2025-02-09,No,25
U04456,38,Delhi,Student,Google Ads,Free,2025-02-10,No,17
U04457,20,Mumbai,Student,Referral,Premium,2025-08-26,No,4
U04458,26,Pune,Student,Influencer,Free,2025-03-04,No,8
U04459,44,Bangalore,Student,Organic,Premium,2025-12-19,No,20
U04460,31,Mumbai,Student,Influencer,Free,2024-08-19,Yes,91
U04461,47,Hyderabad,Student,Referral,Premium,2025-12-11,No,16
U04462,26,Delhi,Working Professional,Instagram Ads,Free,2025-03-05,No,2
U04463,21,Hyderabad,Working Professional,Organic,Premium,2024-02-07,No,25
U04464,44,Mumbai,Working Professional,Instagram Ads,Free,2025-02-27,Yes,77
U04465,21,Pune,Family,Instagram Ads,Premium,2025-02-02,No,9
U04466,45,Chennai,Student,Referral,Premium,2025-08-11,No,13
U04467,25,Chennai,Family,Influencer,Premium,2025-08-01,Yes,58
U04468,19,Chennai,Working Professional,Instagram Ads,Free,2024-07-03,No,24
U04469,26,Bangalore,Working Professional,Google Ads,Free,2025-01-11,Yes,77
U04470,46,Mumbai,Working Professional,Influencer,Free,2024-10-01,No,3
U04471,31,Mumbai,Student,Organic,Premium,2025-08-24,No,1
U04472,39,Hyderabad,Family,Influencer,Premium,2024-10-12,Yes,56
U04473,26,Pune,Student,Referral,Free,2024-12-13,Yes,76
U04474,41,Delhi,Student,Referral,Free,2025-12-19,No,24
U04475,48,Chennai,Student,Organic,Premium,2025-06-13,Yes,66
U04476,48,Pune,Student,Organic,Free,2024-01-07,Yes,74
U04477,40,Chennai,Student,Organic,Free,2024-07-06,Yes,86
U04478,33,Pune,Student,Referral,Free,2025-08-22,No,18
U04479,46,Delhi,Student,Influencer,Free,2024-04-25,No,19
U04480,47,Delhi,Family,Instagram Ads,Premium,2025-05-13,No,20
U04481,34,Delhi,Student,Instagram Ads,Premium,2024-03-03,No,19
U04482,33,Mumbai,Student,Google Ads,Free,2025-03-16,Yes,85
U04483,47,Bangalore,Working Professional,Referral,Premium,2024-12-09,Yes,103
U04484,29,Pune,Family,Organic,Premium,2025-08-09,No,5
U04485,20,Pune,Student,Influencer,Free,2025-01-13,Yes,58
U04486,28,Bangalore,Student,Referral,Free,2024-10-21,No,5
U04487,49,Delhi,Family,Google Ads,Free,2025-11-13,No,25
U04488,31,Delhi,Student,Instagram Ads,Free,2024-08-19,No,11
U04489,35,Delhi,Working Professional,Influencer,Free,2025-03-15,No,10
U04490,38,Mumbai,Student,Instagram Ads,Free,2025-01-28,Yes,72
U04491,48,Bangalore,Family,Influencer,Premium,2024-10-02,No,6
U04492,38,Delhi,Family,Organic,Free,2025-12-04,No,6
U04493,22,Mumbai,Family,Influencer,Premium,2024-06-15,Yes,110
U04494,33,Delhi,Student,Organic,Premium,2024-04-08,No,23
U04495,37,Bangalore,Working Professional,Referral,Free,2025-02-15,No,13
U04496,22,Mumbai,Student,Instagram Ads,Free,2024-08-15,Yes,55
U04497,20,Mumbai,Family,Influencer,Premium,2025-02-17,No,25
U04498,29,Mumbai,Family,Influencer,Free,2024-11-09,Yes,91
U04499,18,Chennai,Working Professional,Google Ads,Free,2024-11-21,Yes,35
U04500,38,Delhi,Working Professional,Instagram Ads,Free,2024-03-02,No,10
U04501,46,Bangalore,Student,Referral,Free,2024-05-08,Yes,95
U04502,26,Hyderabad,Working Professional,Organic,Free,2025-03-27,Yes,71
U04503,46,Bangalore,Working Professional,Referral,Free,2025-02-12,Yes,56
U04504,26,Chennai,Working Professional,Google Ads,Free,2025-02-26,No,26
U04505,21,Mumbai,Working Professional,Referral,Free,2025-10-12,Yes,59
U04506,20,Mumbai,Student,Organic,Free,2024-08-17,No,7
U04507,34,Delhi,Family,Instagram Ads,Free,2025-07-24,No,18
U04508,19,Bangalore,Family,Google Ads,Free,2025-11-07,Yes,94
U04509,41,Mumbai,Family,Influencer,Free,2025-05-26,Yes,76
U04510,49,Delhi,Working Professional,Influencer,Premium,2025-12-16,No,8
U04511,18,Bangalore,Working Professional,Instagram Ads,Free,2025-09-01,Yes,63
U04512,25,Bangalore,Student,Referral,Free,2024-12-03,No,10
U04513,30,Delhi,Family,Influencer,Free,2024-09-02,Yes,43
U04514,40,Hyderabad,Working Professional,Google Ads,Premium,2025-10-10,Yes,34
U04515,32,Bangalore,Working Professional,Organic,Free,2025-07-11,Yes,65
U04516,25,Delhi,Working Professional,Referral,Free,2024-07-22,No,19
U04517,29,Mumbai,Family,Organic,Free,2024-07-11,No,19
U04518,39,Hyderabad,Student,Referral,Free,2024-12-24,Yes,54
U04519,29,Bangalore,Student,Google Ads,Premium,2025-07-07,No,5
U04520,31,Mumbai,Working Professional,Organic,Free,2025-11-04,No,7
U04521,32,Mumbai,Family,Google Ads,Premium,2024-09-10,No,13
U04522,32,Bangalore,Working Professional,Organic,Free,2024-10-10,No,18
U04523,26,Chennai,Working Professional,Referral,Free,2024-08-05,Yes,59
U04524,36,Bangalore,Working Professional,Google Ads,Free,2025-09-03,No,13
U04525,43,Delhi,Working Professional,Referral,Free,2025-07-26,Yes,59
U04526,37,Mumbai,Working Professional,Referral,Free,2025-07-05,No,8
U04527,46,Pune,Working Professional,Organic,Free,2024-06-30,Yes,85
U04528,39,Delhi,Student,Organic,Free,2025-07-24,Yes,96
U04529,25,Chennai,Family,Google Ads,Free,2024-08-10,No,17
U04530,38,Chennai,Working Professional,Influencer,Free,2024-07-26,No,10
U04531,36,Delhi,Working Professional,Instagram Ads,Free,2025-02-26,No,4
U04532,23,Chennai,Student,Organic,Premium,2024-06-18,No,5
U04533,37,Mumbai,Student,Referral,Free,2024-05-18,Yes,77
U04534,42,Pune,Family,Instagram Ads,Premium,2024-07-21,No,28
U04535,46,Mumbai,Student,Google Ads,Free,2024-09-10,No,5
U04536,36,Mumbai,Working Professional,Instagram Ads,Free,2024-06-14,Yes,107
U04537,21,Bangalore,Working Professional,Instagram Ads,Premium,2025-07-22,No,24
U04538,40,Hyderabad,Working Professional,Influencer,Free,2025-09-26,No,2
U04539,24,Delhi,Student,Influencer,Free,2025-01-30,Yes,103
U04540,45,Bangalore,Student,Instagram Ads,Free,2025-03-01,Yes,49
U04541,45,Delhi,Family,Influencer,Premium,2025-03-22,No,1
U04542,21,Mumbai,Working Professional,Influencer,Free,2025-05-20,No,21
U04543,39,Mumbai,Student,Instagram Ads,Free,2024-05-16,Yes,58
U04544,29,Mumbai,Student,Organic,Premium,2025-02-09,Yes,99
U04545,30,Mumbai,Family,Influencer,Free,2025-07-22,Yes,67
U04546,20,Delhi,Student,Instagram Ads,Free,2025-08-01,Yes,71
U04547,39,Delhi,Working Professional,Organic,Free,2024-08-18,No,15
U04548,29,Delhi,Working Professional,Influencer,Free,2024-08-31,Yes,66
U04549,19,Mumbai,Family,Instagram Ads,Free,2024-10-12,Yes,46
U04550,41,Chennai,Working Professional,Influencer,Premium,2025-09-24,No,1
U04551,19,Delhi,Working Professional,Organic,Free,2024-02-23,No,21
U04552,44,Chennai,Student,Instagram Ads,Free,2025-01-26,No,3
U04553,40,Hyderabad,Family,Organic,Free,2025-07-31,No,1
U04554,26,Bangalore,Working Professional,Referral,Premium,2024-09-26,Yes,57
U04555,18,Bangalore,Family,Google Ads,Free,2025-01-23,No,23
U04556,25,Pune,Working Professional,Referral,Free,2024-01-13,No,9
U04557,40,Delhi,Working Professional,Influencer,Free,2024-12-08,No,25
U04558,23,Bangalore,Student,Organic,Free,2025-09-27,Yes,77
U04559,23,Hyderabad,Working Professional,Instagram Ads,Premium,2025-08-11,No,8
U04560,39,Bangalore,Student,Organic,Free,2024-12-04,Yes,39
U04561,42,Pune,Working Professional,Influencer,Free,2024-01-24,No,28
U04562,35,Delhi,Student,Instagram Ads,Free,2024-02-04,No,14
U04563,34,Hyderabad,Student,Referral,Premium,2025-08-08,No,20
U04564,46,Bangalore,Student,Organic,Free,2025-04-30,Yes,78
U04565,29,Mumbai,Student,Google Ads,Premium,2025-02-25,No,20
U04566,23,Mumbai,Family,Influencer,Free,2024-10-16,Yes,44
U04567,43,Bangalore,Working Professional,Influencer,Premium,2024-10-16,No,24
U04568,44,Pune,Working Professional,Organic,Free,2024-01-19,No,8
U04569,25,Mumbai,Student,Referral,Free,2025-09-19,Yes,56
U04570,36,Pune,Working Professional,Referral,Premium,2024-10-18,No,15
U04571,45,Mumbai,Working Professional,Google Ads,Premium,2025-01-12,No,4
U04572,27,Delhi,Family,Google Ads,Free,2024-06-02,Yes,101
U04573,18,Delhi,Family,Organic,Free,2025-12-15,No,15
U04574,42,Delhi,Working Professional,Instagram Ads,Free,2025-10-04,Yes,40
U04575,46,Mumbai,Working Professional,Referral,Premium,2024-05-07,No,1
U04576,30,Mumbai,Student,Instagram Ads,Free,2025-03-08,Yes,83
U04577,34,Hyderabad,Working Professional,Instagram Ads,Premium,2024-09-26,No,13
U04578,20,Hyderabad,Student,Organic,Free,2025-05-29,No,22
U04579,25,Delhi,Student,Google Ads,Free,2024-09-14,Yes,57
U04580,31,Delhi,Student,Instagram Ads,Free,2024-12-07,Yes,91
U04581,20,Delhi,Working Professional,Organic,Free,2025-05-16,No,27
U04582,33,Bangalore,Working Professional,Google Ads,Free,2025-02-20,Yes,65
U04583,30,Delhi,Working Professional,Instagram Ads,Premium,2024-04-09,No,3
U04584,37,Delhi,Working Professional,Instagram Ads,Free,2025-01-28,No,12
U04585,41,Chennai,Student,Google Ads,Free,2024-02-22,No,24
U04586,34,Pune,Working Professional,Google Ads,Premium,2025-03-03,No,18
U04587,30,Delhi,Family,Influencer,Premium,2025-11-08,No,14
U04588,46,Mumbai,Family,Influencer,Premium,2024-05-28,No,1
U04589,23,Mumbai,Working Professional,Organic,Premium,2025-11-05,No,7
U04590,34,Hyderabad,Working Professional,Organic,Free,2025-03-26,No,19
U04591,31,Bangalore,Working Professional,Referral,Free,2025-08-17,No,3
U04592,34,Delhi,Student,Influencer,Free,2025-06-17,No,22
U04593,47,Hyderabad,Student,Google Ads,Premium,2025-06-15,No,15
U04594,25,Mumbai,Student,Influencer,Free,2025-12-23,No,19
U04595,28,Delhi,Student,Organic,Free,2024-12-31,No,9
U04596,37,Mumbai,Working Professional,Organic,Premium,2024-11-19,No,18
U04597,45,Mumbai,Family,Organic,Free,2025-06-03,Yes,65
U04598,18,Mumbai,Working Professional,Google Ads,Free,2025-10-27,No,7
U04599,43,Delhi,Working Professional,Instagram Ads,Free,2025-07-16,No,15
U04600,24,Mumbai,Working Professional,Organic,Free,2024-09-02,No,7
U04601,38,Delhi,Student,Influencer,Free,2025-03-24,Yes,82
U04602,38,Hyderabad,Student,Instagram Ads,Free,2024-06-02,Yes,40
U04603,34,Delhi,Working Professional,Influencer,Premium,2024-09-02,No,16
U04604,49,Delhi,Working Professional,Organic,Premium,2024-02-12,Yes,67
U04605,47,Bangalore,Family,Google Ads,Free,2025-01-27,No,26
U04606,27,Hyderabad,Working Professional,Instagram Ads,Free,2024-06-11,Yes,44
U04607,28,Pune,Family,Instagram Ads,Free,2025-04-10,No,18
U04608,39,Mumbai,Working Professional,Organic,Premium,2025-05-26,Yes,91
U04609,47,Delhi,Working Professional,Organic,Free,2024-05-26,No,16
U04610,26,Hyderabad,Working Professional,Organic,Free,2024-06-04,Yes,108
U04611,26,Hyderabad,Student,Referral,Free,2025-05-29,No,2
U04612,41,Delhi,Student,Google Ads,Premium,2024-05-25,No,16
U04613,22,Chennai,Student,Google Ads,Free,2025-05-26,No,6
U04614,34,Delhi,Working Professional,Organic,Free,2024-09-25,No,8
U04615,26,Chennai,Working Professional,Referral,Free,2025-02-14,No,19
U04616,34,Pune,Student,Organic,Free,2024-08-31,No,1
U04617,41,Hyderabad,Working Professional,Organic,Free,2024-10-22,No,21
U04618,38,Chennai,Student,Google Ads,Premium,2024-11-09,No,24
U04619,36,Hyderabad,Working Professional,Referral,Free,2025-07-22,No,5
U04620,44,Delhi,Working Professional,Google Ads,Free,2024-10-06,Yes,114
U04621,24,Mumbai,Working Professional,Organic,Premium,2025-04-21,No,7
U04622,40,Delhi,Working Professional,Influencer,Premium,2024-04-28,No,10
U04623,26,Mumbai,Student,Instagram Ads,Free,2025-06-17,No,16
U04624,24,Hyderabad,Family,Organic,Free,2025-07-16,No,13
U04625,30,Mumbai,Student,Referral,Free,2025-04-18,Yes,100
U04626,49,Mumbai,Student,Influencer,Premium,2024-07-30,No,28
U04627,28,Bangalore,Student,Referral,Free,2025-12-28,No,5
U04628,31,Pune,Working Professional,Organic,Free,2025-08-10,No,18
U04629,36,Delhi,Working Professional,Organic,Free,2025-04-10,Yes,37
U04630,28,Mumbai,Working Professional,Instagram Ads,Free,2025-12-16,Yes,84
U04631,30,Delhi,Working Professional,Referral,Free,2024-06-14,Yes,94
U04632,48,Hyderabad,Student,Influencer,Premium,2025-04-24,No,23
U04633,31,Delhi,Family,Instagram Ads,Free,2025-01-17,No,24
U04634,30,Bangalore,Working Professional,Referral,Free,2024-03-01,No,8
U04635,18,Mumbai,Working Professional,Organic,Premium,2024-10-05,No,4
U04636,25,Delhi,Working Professional,Instagram Ads,Free,2025-08-10,Yes,63
U04637,29,Chennai,Student,Organic,Premium,2024-07-27,No,13
U04638,36,Delhi,Student,Google Ads,Free,2024-02-06,Yes,115
U04639,29,Mumbai,Working Professional,Google Ads,Free,2025-08-27,Yes,41
U04640,25,Delhi,Student,Instagram Ads,Free,2024-05-13,Yes,74
U04641,25,Mumbai,Student,Instagram Ads,Free,2025-02-15,Yes,60
U04642,46,Bangalore,Family,Referral,Free,2025-10-09,No,2
U04643,38,Mumbai,Working Professional,Influencer,Free,2024-05-27,Yes,51
U04644,30,Delhi,Working Professional,Influencer,Free,2025-01-31,No,24
U04645,29,Mumbai,Working Professional,Google Ads,Free,2024-09-08,Yes,93
U04646,46,Bangalore,Family,Google Ads,Free,2025-05-17,No,10
U04647,33,Hyderabad,Student,Google Ads,Free,2025-05-21,Yes,57
U04648,18,Bangalore,Family,Organic,Free,2025-08-13,Yes,50
U04649,30,Bangalore,Working Professional,Influencer,Free,2024-08-31,Yes,104
U04650,43,Delhi,Student,Instagram Ads,Premium,2025-01-01,Yes,104
U04651,24,Mumbai,Student,Google Ads,Free,2025-03-25,Yes,116
U04652,45,Delhi,Working Professional,Referral,Premium,2024-04-29,No,9
U04653,43,Delhi,Working Professional,Instagram Ads,Free,2024-11-04,Yes,72
U04654,22,Delhi,Student,Instagram Ads,Premium,2025-09-25,Yes,56
U04655,25,Bangalore,Working Professional,Instagram Ads,Premium,2024-07-30,No,18
U04656,42,Bangalore,Working Professional,Influencer,Free,2024-10-10,Yes,119
U04657,44,Chennai,Working Professional,Google Ads,Free,2024-09-10,No,6
U04658,31,Delhi,Family,Referral,Free,2025-06-13,No,1
U04659,40,Bangalore,Family,Organic,Premium,2024-09-19,Yes,45
U04660,47,Pune,Working Professional,Referral,Free,2024-10-03,Yes,103
U04661,30,Bangalore,Family,Referral,Premium,2024-02-10,No,3
U04662,32,Delhi,Student,Referral,Free,2025-02-26,Yes,70
U04663,40,Delhi,Student,Organic,Free,2025-05-23,No,3
U04664,34,Delhi,Working Professional,Referral,Premium,2024-12-29,Yes,81
U04665,32,Mumbai,Working Professional,Referral,Free,2025-06-26,Yes,46
U04666,37,Hyderabad,Working Professional,Google Ads,Free,2025-04-05,No,21
U04667,35,Delhi,Working Professional,Google Ads,Free,2025-03-28,No,17
U04668,35,Delhi,Student,Google Ads,Premium,2024-11-10,No,1
U04669,19,Hyderabad,Student,Instagram Ads,Free,2025-09-21,Yes,30
U04670,21,Hyderabad,Family,Referral,Free,2024-12-25,No,19
U04671,47,Mumbai,Family,Influencer,Free,2024-08-21,No,20
U04672,18,Hyderabad,Working Professional,Influencer,Free,2024-02-12,No,26
U04673,48,Mumbai,Working Professional,Influencer,Premium,2024-08-15,No,6
U04674,21,Delhi,Working Professional,Organic,Free,2025-10-07,No,10
U04675,35,Mumbai,Student,Google Ads,Premium,2024-11-28,No,10
U04676,22,Bangalore,Working Professional,Google Ads,Free,2025-10-30,No,18
U04677,36,Chennai,Working Professional,Google Ads,Free,2025-05-06,No,23
U04678,32,Delhi,Working Professional,Organic,Free,2024-07-24,No,8
U04679,45,Bangalore,Student,Referral,Free,2024-03-29,No,20
U04680,25,Mumbai,Family,Instagram Ads,Free,2024-04-08,No,7
U04681,37,Bangalore,Family,Google Ads,Premium,2024-02-06,No,10
U04682,34,Delhi,Student,Referral,Free,2025-01-08,No,25
U04683,18,Mumbai,Working Professional,Influencer,Free,2025-01-25,No,1
U04684,29,Pune,Family,Instagram Ads,Free,2025-03-09,No,22
U04685,43,Bangalore,Student,Influencer,Premium,2025-04-30,No,15
U04686,36,Mumbai,Working Professional,Referral,Free,2025-01-26,Yes,110
U04687,32,Mumbai,Working Professional,Referral,Free,2025-12-11,No,22
U04688,26,Mumbai,Working Professional,Influencer,Premium,2024-12-21,No,3
U04689,24,Mumbai,Family,Instagram Ads,Free,2024-02-24,Yes,73
U04690,19,Pune,Working Professional,Influencer,Free,2025-09-08,Yes,58
U04691,48,Chennai,Student,Influencer,Premium,2025-08-08,No,13
U04692,46,Mumbai,Student,Influencer,Premium,2024-11-09,No,6
U04693,26,Mumbai,Student,Instagram Ads,Free,2024-04-13,No,19
U04694,27,Pune,Working Professional,Organic,Free,2024-01-16,No,2
U04695,19,Mumbai,Working Professional,Instagram Ads,Free,2025-02-12,No,12
U04696,36,Bangalore,Student,Influencer,Free,2024-01-29,No,11
U04697,28,Delhi,Working Professional,Google Ads,Premium,2024-12-21,No,13
U04698,30,Hyderabad,Working Professional,Google Ads,Premium,2025-01-13,No,22
U04699,27,Bangalore,Student,Referral,Free,2025-11-25,No,3
U04700,31,Pune,Working Professional,Organic,Premium,2025-07-17,No,17
U04701,35,Hyderabad,Working Professional,Referral,Free,2025-05-25,No,9
U04702,36,Delhi,Working Professional,Referral,Free,2024-12-12,No,23
U04703,39,Hyderabad,Student,Google Ads,Free,2025-09-09,Yes,104
U04704,26,Pune,Working Professional,Instagram Ads,Premium,2025-05-17,No,15
U04705,42,Mumbai,Family,Referral,Free,2024-01-25,Yes,86
U04706,24,Delhi,Working Professional,Referral,Free,2024-04-01,No,14
U04707,45,Delhi,Working Professional,Organic,Premium,2024-11-24,No,27
U04708,20,Mumbai,Working Professional,Google Ads,Premium,2025-06-21,No,14
U04709,37,Mumbai,Student,Instagram Ads,Free,2025-08-24,Yes,91
U04710,23,Bangalore,Working Professional,Organic,Free,2025-11-17,Yes,115
U04711,44,Delhi,Student,Instagram Ads,Free,2024-12-07,No,27
U04712,38,Pune,Student,Instagram Ads,Free,2025-03-23,Yes,105
U04713,19,Delhi,Working Professional,Referral,Free,2025-01-30,Yes,60
U04714,46,Delhi,Student,Organic,Free,2025-06-25,No,6
U04715,23,Mumbai,Working Professional,Referral,Free,2025-06-09,No,8
U04716,20,Mumbai,Student,Influencer,Free,2025-05-16,Yes,41
U04717,33,Delhi,Student,Instagram Ads,Premium,2025-02-10,No,2
U04718,47,Delhi,Family,Organic,Free,2024-05-09,Yes,86
U04719,25,Delhi,Family,Google Ads,Free,2024-05-10,No,24
U04720,19,Hyderabad,Student,Referral,Premium,2025-06-01,No,9
U04721,34,Hyderabad,Working Professional,Influencer,Premium,2025-12-23,No,11
U04722,26,Mumbai,Student,Influencer,Premium,2024-05-28,No,16
U04723,47,Hyderabad,Working Professional,Influencer,Free,2024-10-02,No,20
U04724,29,Hyderabad,Working Professional,Referral,Premium,2025-10-22,No,2
U04725,20,Delhi,Student,Google Ads,Free,2025-07-05,Yes,111
U04726,28,Chennai,Working Professional,Organic,Free,2024-07-14,No,5
U04727,18,Pune,Student,Instagram Ads,Free,2025-02-12,Yes,105
U04728,40,Delhi,Student,Google Ads,Free,2025-09-27,No,1
U04729,30,Delhi,Working Professional,Referral,Free,2024-03-11,Yes,104
U04730,32,Delhi,Working Professional,Organic,Free,2024-07-17,No,21
U04731,43,Delhi,Working Professional,Instagram Ads,Free,2025-06-28,Yes,32
U04732,22,Hyderabad,Working Professional,Organic,Free,2025-08-24,No,9
U04733,38,Mumbai,Working Professional,Instagram Ads,Premium,2025-04-09,No,15
U04734,47,Hyderabad,Working Professional,Instagram Ads,Premium,2024-03-30,No,27
U04735,34,Hyderabad,Working Professional,Influencer,Free,2025-12-11,No,18
U04736,48,Bangalore,Working Professional,Referral,Free,2025-07-21,Yes,85
U04737,48,Hyderabad,Working Professional,Google Ads,Premium,2024-01-01,No,28
U04738,42,Delhi,Working Professional,Influencer,Premium,2024-06-15,No,11
U04739,40,Mumbai,Working Professional,Influencer,Free,2025-07-02,No,17
U04740,41,Bangalore,Working Professional,Organic,Free,2025-08-13,No,26
U04741,42,Delhi,Working Professional,Instagram Ads,Free,2024-08-29,Yes,89
U04742,23,Delhi,Working Professional,Instagram Ads,Premium,2024-05-13,No,12
U04743,45,Pune,Working Professional,Organic,Free,2024-09-08,Yes,88
U04744,38,Hyderabad,Working Professional,Referral,Free,2024-01-22,No,13
U04745,39,Delhi,Family,Instagram Ads,Premium,2025-12-30,No,18
U04746,28,Hyderabad,Working Professional,Influencer,Free,2024-03-12,No,22
U04747,35,Hyderabad,Family,Influencer,Free,2025-06-04,No,28
U04748,21,Mumbai,Working Professional,Instagram Ads,Free,2025-10-08,Yes,74
U04749,20,Delhi,Family,Instagram Ads,Free,2025-12-07,No,10
U04750,30,Chennai,Working Professional,Referral,Free,2025-07-23,No,15
U04751,40,Mumbai,Family,Instagram Ads,Free,2025-05-15,Yes,38
U04752,26,Delhi,Student,Referral,Premium,2024-11-03,No,23
U04753,38,Mumbai,Student,Influencer,Free,2024-09-07,Yes,99
U04754,23,Hyderabad,Working Professional,Referral,Premium,2025-08-25,No,8
U04755,43,Delhi,Family,Instagram Ads,Premium,2024-07-22,No,21
U04756,47,Delhi,Working Professional,Google Ads,Free,2024-01-08,No,11
U04757,45,Delhi,Student,Instagram Ads,Premium,2024-04-17,No,18
U04758,29,Chennai,Working Professional,Google Ads,Free,2025-09-23,No,4
U04759,19,Delhi,Working Professional,Influencer,Free,2025-06-06,No,19
U04760,49,Bangalore,Student,Organic,Free,2025-01-07,Yes,31
U04761,20,Chennai,Working Professional,Influencer,Premium,2025-01-20,No,22
U04762,20,Delhi,Family,Influencer,Premium,2024-07-01,No,2
U04763,45,Chennai,Family,Influencer,Free,2024-11-04,No,20
U04764,29,Chennai,Student,Referral,Free,2024-06-27,No,3
U04765,32,Pune,Student,Influencer,Premium,2025-12-18,No,16
U04766,26,Delhi,Working Professional,Organic,Free,2025-08-26,Yes,91
U04767,48,Bangalore,Working Professional,Instagram Ads,Free,2024-08-14,No,17
U04768,40,Hyderabad,Student,Google Ads,Premium,2025-06-01,No,12
U04769,25,Chennai,Working Professional,Influencer,Free,2024-01-12,No,19
U04770,28,Delhi,Working Professional,Google Ads,Free,2024-09-06,No,25
U04771,33,Hyderabad,Family,Influencer,Free,2025-02-21,No,10
U04772,49,Mumbai,Family,Referral,Premium,2025-01-11,Yes,47
U04773,43,Delhi,Student,Google Ads,Free,2024-07-16,No,13
U04774,44,Mumbai,Family,Influencer,Free,2025-09-30,No,14
U04775,42,Hyderabad,Working Professional,Influencer,Free,2025-03-23,No,16
U04776,39,Mumbai,Working Professional,Organic,Free,2024-02-06,No,26
U04777,21,Bangalore,Working Professional,Organic,Premium,2025-02-24,No,24
U04778,45,Chennai,Working Professional,Organic,Free,2024-01-08,No,28
U04779,18,Mumbai,Student,Referral,Free,2024-06-13,No,1
U04780,41,Bangalore,Working Professional,Google Ads,Free,2024-04-29,Yes,56
U04781,24,Mumbai,Student,Referral,Premium,2025-01-06,No,18
U04782,19,Mumbai,Working Professional,Instagram Ads,Premium,2024-08-20,No,3
U04783,41,Hyderabad,Student,Influencer,Free,2025-03-05,No,14
U04784,45,Chennai,Student,Influencer,Premium,2024-10-13,No,17
U04785,22,Bangalore,Working Professional,Influencer,Free,2025-01-29,No,24
U04786,24,Hyderabad,Working Professional,Organic,Free,2025-02-23,No,14
U04787,21,Delhi,Working Professional,Influencer,Free,2025-03-27,No,21
U04788,22,Delhi,Student,Organic,Premium,2025-10-18,No,25
U04789,41,Bangalore,Family,Instagram Ads,Free,2024-09-28,Yes,61
U04790,18,Delhi,Working Professional,Referral,Free,2024-10-12,No,12
U04791,18,Delhi,Student,Referral,Free,2024-02-08,Yes,73
U04792,32,Bangalore,Working Professional,Referral,Free,2025-07-09,Yes,118
U04793,37,Delhi,Working Professional,Organic,Premium,2025-05-11,Yes,94
U04794,36,Delhi,Student,Google Ads,Free,2025-05-02,No,12
U04795,46,Bangalore,Working Professional,Google Ads,Free,2025-01-06,No,4
U04796,27,Bangalore,Family,Instagram Ads,Free,2025-07-02,Yes,116
U04797,45,Chennai,Working Professional,Google Ads,Free,2025-02-13,Yes,44
U04798,35,Bangalore,Student,Instagram Ads,Premium,2024-09-12,No,28
U04799,45,Mumbai,Family,Influencer,Free,2025-04-20,No,16
U04800,20,Chennai,Student,Referral,Free,2024-07-29,No,20
U04801,28,Hyderabad,Family,Organic,Premium,2025-02-08,No,16
U04802,32,Delhi,Student,Instagram Ads,Free,2025-08-26,Yes,77
U04803,48,Delhi,Working Professional,Organic,Free,2025-06-14,No,8
U04804,44,Bangalore,Working Professional,Organic,Free,2025-09-03,No,3
U04805,47,Bangalore,Student,Referral,Free,2025-01-29,Yes,119
U04806,28,Hyderabad,Working Professional,Influencer,Free,2025-10-20,No,24
U04807,34,Hyderabad,Working Professional,Influencer,Free,2025-08-03,Yes,87
U04808,34,Bangalore,Student,Google Ads,Free,2024-05-09,Yes,84
U04809,23,Chennai,Working Professional,Influencer,Free,2024-01-25,Yes,82
U04810,49,Bangalore,Working Professional,Referral,Free,2025-09-18,Yes,76
U04811,22,Delhi,Student,Organic,Free,2024-03-30,No,14
U04812,25,Pune,Family,Instagram Ads,Premium,2024-09-29,No,5
U04813,19,Delhi,Family,Instagram Ads,Premium,2024-12-06,No,4
U04814,33,Hyderabad,Student,Influencer,Free,2024-07-30,Yes,91
U04815,37,Chennai,Working Professional,Google Ads,Free,2025-09-14,No,20
U04816,41,Hyderabad,Student,Instagram Ads,Free,2024-12-13,No,1
U04817,29,Bangalore,Working Professional,Google Ads,Free,2025-08-10,No,16
U04818,23,Mumbai,Family,Instagram Ads,Premium,2024-10-22,No,11
U04819,18,Mumbai,Working Professional,Google Ads,Free,2025-01-24,No,23
U04820,48,Mumbai,Family,Google Ads,Premium,2024-03-28,No,11
U04821,21,Bangalore,Working Professional,Organic,Premium,2025-03-02,No,17
U04822,34,Hyderabad,Working Professional,Referral,Premium,2024-06-18,Yes,78
U04823,30,Bangalore,Family,Instagram Ads,Free,2024-05-26,No,16
U04824,35,Delhi,Working Professional,Influencer,Premium,2024-08-27,No,12
U04825,22,Mumbai,Working Professional,Referral,Premium,2024-02-24,No,23
U04826,47,Hyderabad,Working Professional,Organic,Free,2025-08-26,No,5
U04827,41,Mumbai,Student,Organic,Premium,2025-10-30,No,27
U04828,41,Bangalore,Student,Organic,Premium,2025-06-03,No,13
U04829,44,Hyderabad,Family,Influencer,Free,2024-10-25,Yes,105
U04830,20,Bangalore,Working Professional,Instagram Ads,Free,2025-09-01,Yes,68
U04831,28,Mumbai,Family,Instagram Ads,Premium,2025-07-15,No,9
U04832,30,Pune,Student,Google Ads,Premium,2025-12-25,No,18
U04833,21,Delhi,Working Professional,Google Ads,Free,2024-01-04,Yes,75
U04834,43,Chennai,Family,Google Ads,Free,2024-12-29,No,15
U04835,44,Delhi,Student,Influencer,Premium,2024-10-18,No,24
U04836,31,Delhi,Student,Referral,Premium,2025-01-23,No,21
U04837,39,Pune,Working Professional,Instagram Ads,Free,2025-04-15,No,15
U04838,28,Delhi,Working Professional,Google Ads,Free,2025-06-14,No,7
U04839,49,Hyderabad,Student,Influencer,Free,2025-03-01,No,9
U04840,44,Pune,Family,Influencer,Premium,2025-02-02,No,27
U04841,27,Pune,Family,Google Ads,Premium,2024-10-30,No,16
U04842,36,Chennai,Working Professional,Organic,Free,2025-12-13,No,2
U04843,35,Mumbai,Working Professional,Organic,Free,2024-04-13,No,23
U04844,23,Hyderabad,Family,Organic,Premium,2024-11-26,No,23
U04845,44,Delhi,Working Professional,Google Ads,Free,2024-12-29,No,20
U04846,46,Mumbai,Student,Influencer,Premium,2024-12-31,No,13
U04847,32,Pune,Student,Influencer,Free,2024-03-22,No,23
U04848,38,Mumbai,Student,Instagram Ads,Premium,2025-07-20,No,4
U04849,47,Bangalore,Student,Organic,Free,2025-11-06,No,14
U04850,27,Bangalore,Student,Google Ads,Free,2024-03-25,No,9
U04851,22,Bangalore,Working Professional,Instagram Ads,Free,2024-08-06,No,14
U04852,43,Chennai,Student,Influencer,Free,2025-01-02,No,11
U04853,46,Delhi,Student,Instagram Ads,Free,2025-12-25,No,20
U04854,22,Bangalore,Working Professional,Organic,Free,2025-12-15,No,13
U04855,27,Pune,Student,Referral,Premium,2024-08-29,Yes,90
U04856,45,Mumbai,Working Professional,Organic,Free,2024-06-10,Yes,48
U04857,22,Delhi,Student,Organic,Premium,2024-06-27,No,5
U04858,20,Bangalore,Family,Google Ads,Free,2024-04-01,Yes,75
U04859,40,Mumbai,Family,Referral,Free,2025-05-14,No,27
U04860,23,Delhi,Working Professional,Referral,Premium,2025-10-11,No,13
U04861,21,Pune,Working Professional,Referral,Free,2025-05-20,No,12
U04862,35,Bangalore,Family,Influencer,Free,2025-09-15,No,3
U04863,45,Chennai,Student,Instagram Ads,Free,2024-06-17,Yes,83
U04864,26,Pune,Family,Influencer,Premium,2025-01-21,No,17
U04865,34,Hyderabad,Working Professional,Referral,Free,2024-11-16,Yes,96
U04866,46,Delhi,Working Professional,Google Ads,Free,2024-04-10,Yes,53
U04867,30,Mumbai,Working Professional,Organic,Premium,2024-10-22,No,15
U04868,44,Delhi,Working Professional,Organic,Free,2024-07-11,Yes,47
U04869,32,Chennai,Working Professional,Influencer,Free,2025-04-05,No,9
U04870,47,Delhi,Working Professional,Influencer,Free,2025-12-19,Yes,75
U04871,37,Mumbai,Working Professional,Google Ads,Free,2024-10-12,No,22
U04872,34,Bangalore,Student,Organic,Free,2024-08-03,No,22
U04873,30,Delhi,Working Professional,Influencer,Free,2025-03-31,No,10
U04874,49,Delhi,Working Professional,Instagram Ads,Free,2024-08-15,No,28
U04875,33,Bangalore,Student,Influencer,Premium,2024-12-26,No,10
U04876,39,Delhi,Student,Influencer,Free,2024-02-12,No,19
U04877,21,Delhi,Student,Referral,Premium,2024-06-29,No,24
U04878,22,Mumbai,Working Professional,Instagram Ads,Free,2025-05-25,Yes,30
U04879,22,Hyderabad,Working Professional,Instagram Ads,Free,2025-04-06,No,3
U04880,26,Bangalore,Student,Google Ads,Premium,2024-10-12,No,16
U04881,34,Mumbai,Family,Referral,Free,2024-10-23,Yes,101
U04882,30,Bangalore,Working Professional,Instagram Ads,Free,2025-07-09,No,4
U04883,19,Mumbai,Working Professional,Referral,Premium,2024-02-06,No,3
U04884,30,Chennai,Student,Referral,Free,2024-03-23,Yes,107
U04885,39,Delhi,Working Professional,Organic,Free,2024-09-13,Yes,106
U04886,38,Bangalore,Working Professional,Instagram Ads,Free,2024-08-04,No,1
U04887,44,Pune,Family,Organic,Premium,2025-06-05,No,1
U04888,40,Pune,Working Professional,Influencer,Premium,2024-01-26,Yes,96
U04889,36,Delhi,Working Professional,Influencer,Premium,2024-09-07,No,26
U04890,20,Mumbai,Family,Organic,Premium,2024-08-02,No,21
U04891,27,Hyderabad,Student,Influencer,Free,2025-10-18,No,10
U04892,19,Delhi,Student,Organic,Free,2024-11-15,Yes,43
U04893,49,Pune,Working Professional,Google Ads,Premium,2025-02-14,No,16
U04894,30,Hyderabad,Student,Referral,Premium,2025-04-03,No,5
U04895,36,Hyderabad,Student,Google Ads,Free,2024-11-19,Yes,62
U04896,43,Delhi,Working Professional,Instagram Ads,Free,2025-06-13,No,18
U04897,34,Hyderabad,Student,Google Ads,Free,2024-12-04,No,3
U04898,38,Bangalore,Working Professional,Google Ads,Premium,2024-08-15,No,8
U04899,31,Pune,Family,Influencer,Free,2024-08-23,Yes,86
U04900,48,Delhi,Student,Organic,Free,2024-12-31,Yes,38
U04901,29,Delhi,Student,Instagram Ads,Free,2025-03-09,No,19
U04902,38,Mumbai,Student,Influencer,Free,2025-03-24,No,2
U04903,29,Delhi,Student,Instagram Ads,Free,2025-05-21,No,12
U04904,28,Bangalore,Student,Referral,Free,2024-10-02,Yes,84
U04905,24,Chennai,Student,Organic,Free,2025-09-24,No,18
U04906,21,Mumbai,Working Professional,Influencer,Free,2024-03-02,No,10
U04907,36,Pune,Student,Google Ads,Premium,2024-11-26,Yes,78
U04908,18,Delhi,Working Professional,Referral,Free,2024-07-05,No,13
U04909,45,Delhi,Family,Google Ads,Free,2025-06-20,Yes,100
U04910,48,Delhi,Working Professional,Instagram Ads,Free,2025-05-19,No,7
U04911,41,Mumbai,Working Professional,Referral,Free,2025-08-30,No,26
U04912,46,Chennai,Student,Influencer,Free,2024-11-16,Yes,45
U04913,20,Delhi,Working Professional,Google Ads,Free,2024-07-11,Yes,69
U04914,30,Bangalore,Working Professional,Google Ads,Free,2024-09-10,No,22
U04915,32,Mumbai,Student,Instagram Ads,Free,2025-08-01,Yes,93
U04916,19,Chennai,Family,Instagram Ads,Free,2024-11-09,No,5
U04917,28,Delhi,Student,Organic,Free,2025-07-05,Yes,80
U04918,21,Delhi,Student,Organic,Free,2024-08-11,No,4
U04919,36,Delhi,Family,Instagram Ads,Free,2025-03-06,No,9
U04920,46,Mumbai,Family,Organic,Premium,2024-12-21,No,18
U04921,34,Delhi,Student,Google Ads,Premium,2025-03-02,No,14
U04922,20,Pune,Working Professional,Instagram Ads,Free,2025-01-26,No,1
U04923,45,Bangalore,Working Professional,Referral,Premium,2024-08-09,No,27
U04924,35,Bangalore,Working Professional,Instagram Ads,Premium,2024-04-12,No,22
U04925,25,Bangalore,Student,Influencer,Free,2024-11-13,No,28
U04926,39,Delhi,Working Professional,Influencer,Premium,2025-11-04,No,6
U04927,42,Mumbai,Family,Instagram Ads,Free,2025-06-20,No,6
U04928,41,Chennai,Student,Referral,Premium,2025-10-27,No,14
U04929,43,Pune,Family,Instagram Ads,Premium,2024-08-06,No,16
U04930,36,Pune,Family,Referral,Free,2025-03-13,No,6
U04931,22,Pune,Student,Google Ads,Free,2025-12-27,Yes,59
U04932,24,Delhi,Working Professional,Google Ads,Premium,2024-06-17,Yes,81
U04933,38,Delhi,Student,Referral,Free,2025-08-14,No,14
U04934,25,Delhi,Working Professional,Organic,Free,2024-03-12,Yes,86
U04935,45,Mumbai,Working Professional,Google Ads,Free,2025-07-28,Yes,47
U04936,22,Delhi,Student,Influencer,Free,2025-03-31,No,24
U04937,34,Mumbai,Working Professional,Instagram Ads,Premium,2024-03-15,No,8
U04938,22,Bangalore,Family,Organic,Free,2024-09-19,Yes,49
U04939,21,Pune,Working Professional,Influencer,Free,2025-04-13,No,10
U04940,39,Hyderabad,Student,Instagram Ads,Premium,2025-09-01,No,11
U04941,36,Chennai,Student,Influencer,Free,2025-08-19,No,20
U04942,48,Delhi,Working Professional,Organic,Free,2025-10-22,Yes,119
U04943,49,Delhi,Family,Referral,Free,2025-06-01,Yes,116
U04944,44,Bangalore,Family,Instagram Ads,Premium,2025-09-12,No,23
U04945,38,Mumbai,Working Professional,Influencer,Free,2024-07-17,Yes,76
U04946,19,Delhi,Working Professional,Influencer,Free,2024-12-03,No,13
U04947,28,Mumbai,Student,Organic,Free,2024-02-07,No,22
U04948,39,Delhi,Student,Organic,Free,2024-11-14,Yes,118
U04949,30,Bangalore,Working Professional,Organic,Free,2025-10-01,No,9
U04950,32,Mumbai,Working Professional,Referral,Premium,2024-05-19,No,24
U04951,29,Bangalore,Working Professional,Google Ads,Free,2024-09-04,No,3
U04952,39,Bangalore,Family,Influencer,Free,2025-10-20,No,28
U04953,38,Mumbai,Working Professional,Referral,Free,2025-03-02,Yes,66
U04954,39,Delhi,Working Professional,Influencer,Premium,2024-07-13,No,16
U04955,28,Delhi,Student,Referral,Premium,2024-08-02,Yes,103
U04956,24,Mumbai,Family,Instagram Ads,Free,2025-10-06,No,13
U04957,45,Hyderabad,Working Professional,Google Ads,Premium,2025-06-24,No,22
U04958,22,Hyderabad,Family,Influencer,Free,2025-09-01,No,23
U04959,34,Bangalore,Working Professional,Organic,Free,2025-01-23,Yes,68
U04960,41,Delhi,Working Professional,Google Ads,Premium,2025-03-04,No,6
U04961,37,Bangalore,Working Professional,Influencer,Free,2025-11-24,Yes,48
U04962,26,Bangalore,Student,Instagram Ads,Free,2024-05-31,No,9
U04963,31,Mumbai,Working Professional,Influencer,Free,2024-04-12,Yes,95
U04964,43,Bangalore,Family,Influencer,Premium,2025-02-08,Yes,119
U04965,29,Mumbai,Student,Influencer,Premium,2024-10-14,No,13
U04966,23,Bangalore,Student,Google Ads,Free,2024-05-12,Yes,49
U04967,34,Hyderabad,Working Professional,Influencer,Free,2025-03-21,Yes,86
U04968,36,Delhi,Student,Organic,Free,2025-02-05,Yes,38
U04969,36,Hyderabad,Working Professional,Referral,Premium,2024-02-04,No,26
U04970,43,Delhi,Working Professional,Organic,Premium,2025-08-14,No,22
U04971,33,Delhi,Student,Instagram Ads,Free,2024-12-09,No,1
U04972,29,Chennai,Family,Google Ads,Free,2025-04-28,No,24
U04973,29,Chennai,Working Professional,Referral,Free,2025-10-06,No,22
U04974,37,Delhi,Family,Google Ads,Free,2025-06-04,Yes,107
U04975,49,Mumbai,Working Professional,Google Ads,Premium,2025-01-22,No,23
U04976,23,Delhi,Family,Influencer,Free,2025-06-28,Yes,85
U04977,48,Mumbai,Student,Organic,Free,2025-11-29,No,16
U04978,40,Pune,Student,Referral,Premium,2024-01-11,Yes,114
U04979,43,Chennai,Student,Influencer,Free,2025-08-03,No,4
U04980,21,Bangalore,Working Professional,Referral,Free,2024-05-17,No,10
U04981,23,Mumbai,Family,Organic,Premium,2024-05-10,No,14
U04982,28,Bangalore,Working Professional,Influencer,Free,2025-02-02,No,20
U04983,18,Mumbai,Family,Referral,Free,2024-09-07,Yes,92
U04984,47,Chennai,Student,Influencer,Free,2025-09-26,No,3
U04985,41,Pune,Student,Google Ads,Free,2024-12-31,Yes,74
U04986,40,Bangalore,Family,Instagram Ads,Free,2025-02-24,No,18
U04987,32,Mumbai,Working Professional,Referral,Free,2025-02-27,Yes,116
U04988,44,Mumbai,Working Professional,Organic,Free,2024-06-10,No,26
U04989,28,Delhi,Student,Referral,Free,2024-04-04,No,13
U04990,49,Pune,Family,Instagram Ads,Premium,2024-06-10,No,19
U04991,42,Mumbai,Working Professional,Referral,Free,2024-12-26,Yes,75
U04992,36,Mumbai,Working Professional,Referral,Premium,2024-08-16,No,16
U04993,35,Mumbai,Student,Referral,Premium,2024-04-25,No,19
U04994,34,Pune,Working Professional,Organic,Premium,2024-08-08,Yes,112
U04995,36,Delhi,Family,Instagram Ads,Free,2025-04-07,No,2
U04996,38,Pune,Family,Instagram Ads,Premium,2025-11-11,Yes,55
U04997,31,Pune,Student,Organic,Free,2024-11-10,No,16
U04998,44,Chennai,Student,Referral,Free,2024-11-25,No,20
U04999,35,Mumbai,Working Professional,Referral,Free,2025-10-18,No,14
U05000,45,Delhi,Student,Instagram Ads,Premium,2024-10-12,No,1
U05001,36,Mumbai,Working Professional,Referral,Free,2024-06-30,No,4
U05002,32,Mumbai,Student,Google Ads,Premium,2025-03-31,No,21
U05003,48,Delhi,Student,Referral,Premium,2024-10-01,No,28
U05004,32,Bangalore,Working Professional,Referral,Free,2024-02-06,No,5
U05005,21,Mumbai,Working Professional,Influencer,Premium,2025-03-18,No,10
U05006,24,Pune,Working Professional,Instagram Ads,Free,2024-02-05,No,18
U05007,30,Delhi,Family,Instagram Ads,Free,2024-03-08,No,9
U05008,20,Bangalore,Student,Google Ads,Premium,2025-02-13,No,7
U05009,33,Hyderabad,Working Professional,Google Ads,Free,2024-12-25,No,4
U05010,48,Hyderabad,Student,Google Ads,Premium,2024-04-30,No,21
U05011,26,Pune,Working Professional,Instagram Ads,Free,2025-10-28,No,28
U05012,25,Hyderabad,Student,Influencer,Free,2025-12-17,No,15
U05013,37,Chennai,Student,Influencer,Premium,2025-07-09,No,27
U05014,30,Mumbai,Student,Organic,Free,2025-04-26,No,17
U05015,34,Bangalore,Student,Instagram Ads,Premium,2024-10-15,No,26
U05016,34,Delhi,Family,Organic,Free,2024-03-30,Yes,93
U05017,34,Delhi,Working Professional,Referral,Free,2024-07-30,No,11
U05018,18,Delhi,Family,Google Ads,Free,2025-07-28,Yes,70
U05019,49,Delhi,Working Professional,Organic,Free,2024-03-12,No,5
U05020,25,Delhi,Student,Organic,Free,2024-10-16,Yes,73
U05021,36,Delhi,Student,Instagram Ads,Free,2025-01-01,No,23
U05022,48,Delhi,Student,Google Ads,Premium,2024-01-27,No,13
U05023,23,Chennai,Student,Google Ads,Free,2025-02-23,No,6
U05024,20,Delhi,Working Professional,Influencer,Free,2024-12-27,No,15
U05025,44,Hyderabad,Working Professional,Organic,Free,2025-07-18,Yes,76
U05026,22,Delhi,Working Professional,Influencer,Free,2025-03-30,No,13
U05027,30,Chennai,Student,Organic,Free,2025-09-03,No,10
U05028,32,Pune,Student,Instagram Ads,Free,2025-04-16,No,2
U05029,31,Bangalore,Student,Instagram Ads,Free,2025-08-13,No,2
U05030,46,Bangalore,Student,Referral,Free,2025-01-03,Yes,98
U05031,48,Delhi,Working Professional,Organic,Free,2024-11-21,No,22
U05032,40,Chennai,Student,Organic,Premium,2025-02-13,No,26
U05033,33,Pune,Working Professional,Google Ads,Free,2025-08-24,No,20
U05034,35,Pune,Working Professional,Google Ads,Free,2025-05-17,No,10
U05035,49,Bangalore,Student,Influencer,Free,2024-01-25,No,21
U05036,39,Mumbai,Family,Referral,Free,2024-06-09,No,28
U05037,46,Pune,Working Professional,Instagram Ads,Free,2024-07-13,No,11
U05038,39,Mumbai,Student,Organic,Free,2025-12-13,No,21
U05039,28,Bangalore,Family,Influencer,Premium,2025-02-24,No,8
U05040,20,Delhi,Student,Referral,Premium,2025-11-08,No,21
U05041,39,Chennai,Student,Google Ads,Premium,2024-01-13,No,18
U05042,27,Delhi,Working Professional,Referral,Free,2025-02-10,No,2
U05043,27,Delhi,Working Professional,Influencer,Free,2024-12-20,Yes,86
U05044,49,Bangalore,Student,Instagram Ads,Premium,2024-09-02,No,4
U05045,47,Hyderabad,Student,Google Ads,Premium,2024-03-28,No,18
U05046,38,Bangalore,Family,Google Ads,Free,2025-03-14,No,22
U05047,33,Delhi,Student,Instagram Ads,Premium,2025-02-24,No,16
U05048,29,Delhi,Student,Google Ads,Free,2025-10-13,No,24
U05049,19,Hyderabad,Working Professional,Influencer,Premium,2024-09-12,No,2
U05050,26,Chennai,Family,Google Ads,Free,2024-10-02,No,26
U05051,41,Pune,Student,Organic,Free,2025-10-19,No,7
U05052,20,Mumbai,Working Professional,Referral,Free,2024-01-07,No,4
U05053,41,Chennai,Working Professional,Influencer,Free,2025-05-14,No,5
U05054,47,Mumbai,Working Professional,Instagram Ads,Free,2024-09-02,Yes,84
U05055,42,Bangalore,Working Professional,Influencer,Free,2024-12-11,Yes,60
U05056,47,Mumbai,Family,Organic,Free,2024-07-22,No,10
U05057,32,Mumbai,Student,Google Ads,Free,2025-04-26,No,9
U05058,20,Hyderabad,Student,Google Ads,Premium,2025-04-24,No,16
U05059,36,Bangalore,Family,Influencer,Premium,2024-04-03,No,19
U05060,35,Mumbai,Working Professional,Google Ads,Free,2024-11-05,No,26
U05061,25,Delhi,Working Professional,Google Ads,Free,2025-06-03,Yes,39
U05062,43,Delhi,Working Professional,Organic,Free,2025-03-05,No,4
U05063,34,Bangalore,Working Professional,Instagram Ads,Premium,2024-06-18,No,1
U05064,25,Delhi,Working Professional,Referral,Premium,2024-04-28,No,6
U05065,24,Delhi,Family,Influencer,Free,2025-10-01,No,16
U05066,47,Bangalore,Working Professional,Instagram Ads,Free,2024-03-03,Yes,50
U05067,24,Hyderabad,Student,Referral,Free,2024-04-26,No,4
U05068,20,Hyderabad,Working Professional,Instagram Ads,Premium,2024-04-18,No,28
U05069,18,Bangalore,Working Professional,Influencer,Free,2025-05-07,Yes,103
U05070,21,Pune,Working Professional,Organic,Free,2025-12-17,Yes,52
U05071,42,Chennai,Working Professional,Organic,Free,2025-08-22,Yes,109
U05072,22,Pune,Student,Organic,Premium,2025-02-20,No,23
U05073,18,Bangalore,Working Professional,Instagram Ads,Free,2024-11-20,Yes,62
U05074,32,Mumbai,Working Professional,Influencer,Free,2024-08-27,Yes,65
U05075,22,Chennai,Working Professional,Google Ads,Free,2025-12-10,No,5
U05076,30,Delhi,Working Professional,Google Ads,Free,2025-05-30,No,26
U05077,25,Delhi,Student,Organic,Free,2025-09-09,No,27
U05078,25,Mumbai,Working Professional,Instagram Ads,Premium,2025-09-10,No,4
U05079,22,Delhi,Working Professional,Google Ads,Free,2024-09-08,No,21
U05080,45,Chennai,Working Professional,Instagram Ads,Premium,2024-07-04,No,25
U05081,49,Bangalore,Working Professional,Influencer,Free,2025-02-16,No,11
U05082,26,Bangalore,Working Professional,Organic,Free,2025-05-18,No,28
U05083,48,Bangalore,Student,Referral,Free,2025-06-16,Yes,112
U05084,18,Mumbai,Working Professional,Organic,Free,2024-06-02,No,7
U05085,21,Delhi,Student,Referral,Free,2024-08-11,No,9
U05086,20,Bangalore,Working Professional,Google Ads,Free,2025-08-20,No,27
U05087,19,Hyderabad,Student,Referral,Free,2025-07-06,No,17
U05088,48,Mumbai,Student,Instagram Ads,Premium,2025-02-21,No,19
U05089,25,Hyderabad,Working Professional,Referral,Premium,2025-04-29,No,13
U05090,40,Delhi,Working Professional,Google Ads,Free,2025-11-14,Yes,100
U05091,26,Delhi,Working Professional,Google Ads,Premium,2025-11-02,Yes,115
U05092,19,Delhi,Working Professional,Organic,Free,2024-06-08,Yes,96
U05093,31,Mumbai,Working Professional,Google Ads,Free,2024-02-20,No,26
U05094,31,Pune,Working Professional,Instagram Ads,Premium,2025-09-21,No,11
U05095,49,Pune,Working Professional,Referral,Free,2024-10-06,No,13
U05096,21,Mumbai,Working Professional,Influencer,Free,2024-06-20,No,24
U05097,47,Bangalore,Working Professional,Google Ads,Free,2024-11-27,Yes,55
U05098,48,Hyderabad,Working Professional,Referral,Premium,2025-08-18,No,10
U05099,23,Delhi,Family,Organic,Free,2024-10-19,Yes,80
U05100,28,Delhi,Student,Influencer,Free,2024-03-06,Yes,54
U05101,20,Chennai,Family,Organic,Free,2024-09-26,No,21
U05102,25,Bangalore,Student,Instagram Ads,Free,2024-12-09,Yes,68
U05103,20,Chennai,Student,Organic,Premium,2024-09-27,No,22
U05104,31,Mumbai,Student,Referral,Free,2024-03-01,Yes,104
U05105,45,Hyderabad,Working Professional,Influencer,Free,2025-11-19,No,21
U05106,30,Delhi,Student,Organic,Premium,2025-09-20,No,12
U05107,30,Delhi,Family,Organic,Premium,2024-05-15,No,18
U05108,49,Bangalore,Family,Instagram Ads,Premium,2024-09-15,No,5
U05109,19,Mumbai,Working Professional,Referral,Free,2024-09-12,No,23
U05110,30,Delhi,Working Professional,Organic,Premium,2024-11-26,No,17
U05111,46,Delhi,Family,Referral,Free,2025-01-27,No,5
U05112,36,Delhi,Family,Google Ads,Free,2025-06-27,No,20
U05113,44,Hyderabad,Working Professional,Instagram Ads,Free,2024-09-10,No,28
U05114,23,Mumbai,Working Professional,Instagram Ads,Free,2024-09-23,No,12
U05115,33,Delhi,Working Professional,Instagram Ads,Free,2024-01-07,No,23
U05116,19,Delhi,Working Professional,Referral,Premium,2025-03-14,No,16
U05117,25,Delhi,Student,Organic,Free,2025-07-04,No,16
U05118,34,Bangalore,Working Professional,Organic,Premium,2024-01-04,Yes,78
U05119,40,Delhi,Student,Referral,Free,2025-06-25,No,7
U05120,19,Hyderabad,Working Professional,Referral,Free,2025-11-08,No,20
U05121,27,Delhi,Working Professional,Google Ads,Free,2024-11-02,Yes,67
U05122,45,Delhi,Family,Influencer,Free,2025-04-06,Yes,78
U05123,33,Pune,Family,Influencer,Premium,2025-07-01,No,24
U05124,23,Hyderabad,Working Professional,Instagram Ads,Free,2024-12-16,No,19
U05125,45,Delhi,Working Professional,Organic,Free,2025-05-13,No,20
U05126,19,Pune,Student,Instagram Ads,Premium,2024-07-29,No,27
U05127,19,Mumbai,Working Professional,Organic,Free,2024-04-22,No,16
U05128,43,Pune,Student,Organic,Premium,2024-04-26,No,10
U05129,30,Bangalore,Student,Google Ads,Free,2024-11-11,Yes,43
U05130,41,Hyderabad,Working Professional,Referral,Free,2025-07-16,No,6
U05131,32,Chennai,Student,Referral,Premium,2025-03-08,No,23
U05132,48,Delhi,Student,Referral,Free,2024-01-15,No,26
U05133,45,Bangalore,Family,Influencer,Free,2024-07-19,No,25
U05134,19,Mumbai,Student,Referral,Free,2024-12-12,No,21
U05135,24,Delhi,Student,Influencer,Free,2024-05-03,No,19
U05136,20,Delhi,Student,Instagram Ads,Free,2024-06-04,Yes,90
U05137,25,Delhi,Student,Influencer,Free,2025-02-12,Yes,104
U05138,40,Bangalore,Student,Organic,Premium,2024-07-26,No,8
U05139,31,Bangalore,Working Professional,Google Ads,Free,2025-04-10,No,20
U05140,41,Bangalore,Student,Google Ads,Free,2024-06-12,Yes,113
U05141,47,Delhi,Family,Organic,Free,2024-10-03,Yes,63
U05142,40,Mumbai,Student,Instagram Ads,Premium,2025-12-05,No,7
U05143,44,Chennai,Working Professional,Google Ads,Free,2025-01-28,Yes,48
U05144,39,Mumbai,Working Professional,Organic,Free,2024-02-19,Yes,30
U05145,46,Bangalore,Working Professional,Google Ads,Free,2025-12-25,No,12
U05146,24,Hyderabad,Working Professional,Influencer,Free,2025-08-24,Yes,94
U05147,38,Hyderabad,Family,Google Ads,Free,2024-05-23,Yes,34
U05148,24,Bangalore,Student,Influencer,Free,2024-06-14,Yes,86
U05149,18,Pune,Working Professional,Influencer,Free,2024-03-07,No,6
U05150,34,Mumbai,Family,Google Ads,Free,2024-01-20,Yes,72
U05151,26,Pune,Student,Google Ads,Free,2025-09-14,No,12
U05152,47,Delhi,Student,Influencer,Premium,2024-03-09,No,10
U05153,38,Mumbai,Student,Google Ads,Free,2025-03-29,No,26
U05154,30,Delhi,Working Professional,Instagram Ads,Premium,2024-01-25,No,20
U05155,38,Hyderabad,Student,Referral,Free,2024-11-05,Yes,100
U05156,36,Mumbai,Student,Referral,Free,2024-01-12,No,17
U05157,38,Delhi,Working Professional,Organic,Free,2025-07-30,Yes,38
U05158,36,Delhi,Working Professional,Referral,Free,2025-11-24,Yes,69
U05159,42,Chennai,Student,Instagram Ads,Free,2024-08-21,Yes,102
U05160,42,Pune,Student,Referral,Free,2024-05-12,No,15
U05161,39,Bangalore,Working Professional,Referral,Free,2025-11-28,Yes,41
U05162,48,Bangalore,Family,Instagram Ads,Premium,2025-08-13,No,7
U05163,34,Mumbai,Working Professional,Influencer,Free,2025-10-05,No,19
U05164,40,Mumbai,Working Professional,Referral,Free,2024-10-01,No,27
U05165,40,Chennai,Working Professional,Organic,Free,2025-12-12,Yes,46
U05166,49,Delhi,Student,Referral,Premium,2025-09-04,No,18
U05167,47,Mumbai,Working Professional,Referral,Premium,2024-05-31,No,14
U05168,27,Mumbai,Family,Instagram Ads,Free,2025-03-27,No,8
U05169,27,Mumbai,Working Professional,Instagram Ads,Free,2024-08-03,No,21
U05170,21,Mumbai,Family,Organic,Free,2025-10-20,Yes,56
U05171,25,Bangalore,Family,Google Ads,Premium,2024-11-05,No,25
U05172,39,Delhi,Student,Instagram Ads,Premium,2024-08-20,No,6
U05173,37,Bangalore,Student,Google Ads,Premium,2025-05-07,No,27
U05174,37,Delhi,Student,Organic,Premium,2024-05-28,No,3
U05175,49,Delhi,Working Professional,Referral,Free,2024-12-02,No,12
U05176,35,Delhi,Student,Referral,Free,2025-03-31,Yes,59
U05177,31,Hyderabad,Family,Google Ads,Free,2025-04-23,Yes,107
U05178,35,Mumbai,Student,Organic,Premium,2025-05-21,No,5
U05179,45,Bangalore,Student,Organic,Premium,2024-10-01,No,12
U05180,31,Hyderabad,Student,Instagram Ads,Premium,2024-06-29,No,26
U05181,37,Bangalore,Family,Google Ads,Free,2025-03-09,No,18
U05182,38,Mumbai,Working Professional,Instagram Ads,Free,2024-05-30,No,13
U05183,41,Mumbai,Family,Google Ads,Free,2025-04-15,No,26
U05184,32,Mumbai,Family,Instagram Ads,Free,2024-07-22,No,9
U05185,39,Bangalore,Working Professional,Instagram Ads,Free,2025-08-14,No,3
U05186,47,Mumbai,Student,Organic,Free,2025-04-08,No,4
U05187,48,Pune,Student,Organic,Free,2024-11-22,Yes,61
U05188,21,Pune,Student,Referral,Free,2024-05-28,Yes,57
U05189,30,Delhi,Working Professional,Referral,Free,2024-10-03,Yes,40
U05190,44,Delhi,Student,Organic,Premium,2024-02-04,No,18
U05191,40,Bangalore,Student,Organic,Free,2024-08-03,No,3
U05192,25,Mumbai,Working Professional,Instagram Ads,Free,2024-01-01,No,11
U05193,35,Delhi,Working Professional,Referral,Free,2025-12-18,No,22
U05194,29,Pune,Working Professional,Organic,Premium,2025-04-12,No,23
U05195,40,Delhi,Working Professional,Google Ads,Free,2025-08-26,No,5
U05196,48,Chennai,Family,Google Ads,Free,2025-04-10,Yes,55
U05197,31,Hyderabad,Working Professional,Referral,Premium,2025-03-26,No,24
U05198,19,Hyderabad,Student,Google Ads,Free,2025-08-25,No,17
U05199,35,Delhi,Working Professional,Instagram Ads,Free,2024-03-10,No,2
U05200,41,Delhi,Family,Referral,Premium,2025-10-05,No,5
U05201,19,Bangalore,Student,Organic,Free,2024-09-13,No,17
U05202,48,Delhi,Working Professional,Google Ads,Free,2024-04-01,No,11
U05203,28,Mumbai,Working Professional,Instagram Ads,Free,2025-08-16,Yes,102
U05204,26,Mumbai,Student,Organic,Free,2025-01-06,No,23
U05205,29,Delhi,Family,Influencer,Free,2024-04-08,Yes,91
U05206,34,Delhi,Student,Instagram Ads,Free,2025-05-24,No,6
U05207,32,Hyderabad,Working Professional,Google Ads,Free,2025-07-18,No,10
U05208,42,Delhi,Working Professional,Instagram Ads,Free,2025-08-14,No,11
U05209,48,Delhi,Working Professional,Influencer,Premium,2025-05-21,Yes,38
U05210,34,Bangalore,Student,Influencer,Free,2024-12-08,Yes,74
U05211,43,Chennai,Student,Instagram Ads,Premium,2024-09-02,No,21
U05212,46,Mumbai,Student,Organic,Free,2025-04-16,Yes,77
U05213,43,Delhi,Student,Organic,Free,2024-10-05,No,23
U05214,35,Bangalore,Student,Influencer,Free,2025-05-24,Yes,98
U05215,49,Chennai,Family,Referral,Free,2025-03-06,No,3
U05216,39,Hyderabad,Working Professional,Referral,Premium,2025-03-17,No,8
U05217,23,Bangalore,Working Professional,Organic,Premium,2024-09-17,No,23
U05218,34,Mumbai,Working Professional,Referral,Free,2024-09-11,Yes,106
U05219,40,Bangalore,Working Professional,Organic,Premium,2025-04-05,No,7
U05220,41,Delhi,Family,Google Ads,Premium,2025-08-17,No,10
U05221,35,Bangalore,Student,Organic,Free,2024-09-21,No,12
U05222,25,Hyderabad,Family,Google Ads,Free,2025-05-29,No,11
U05223,26,Chennai,Working Professional,Influencer,Free,2025-03-20,Yes,78
U05224,23,Delhi,Family,Referral,Premium,2024-08-10,No,26
U05225,22,Delhi,Working Professional,Influencer,Free,2024-07-10,Yes,52
U05226,29,Bangalore,Working Professional,Instagram Ads,Free,2025-07-11,No,19
U05227,42,Hyderabad,Student,Instagram Ads,Premium,2025-03-15,No,15
U05228,49,Hyderabad,Student,Influencer,Free,2024-09-25,No,7
U05229,46,Delhi,Working Professional,Organic,Premium,2024-02-10,No,4
U05230,45,Delhi,Family,Organic,Free,2025-10-12,Yes,31
U05231,28,Bangalore,Working Professional,Referral,Free,2024-02-10,No,7
U05232,42,Mumbai,Student,Influencer,Free,2024-11-26,No,10
U05233,18,Pune,Family,Instagram Ads,Free,2024-06-23,No,4
U05234,28,Mumbai,Working Professional,Influencer,Free,2025-03-08,No,18
U05235,36,Hyderabad,Student,Influencer,Free,2025-03-24,Yes,115
U05236,26,Bangalore,Student,Referral,Free,2024-11-18,No,6
U05237,44,Hyderabad,Student,Organic,Free,2024-10-06,Yes,46
U05238,19,Mumbai,Family,Instagram Ads,Free,2024-04-03,No,1
U05239,29,Pune,Family,Referral,Premium,2024-12-05,No,2
U05240,21,Delhi,Student,Instagram Ads,Free,2025-02-23,No,23
U05241,21,Bangalore,Student,Instagram Ads,Free,2024-07-23,Yes,95
U05242,35,Delhi,Working Professional,Organic,Free,2025-07-21,No,7
U05243,32,Mumbai,Family,Organic,Free,2024-09-16,No,2
U05244,36,Mumbai,Working Professional,Referral,Free,2025-11-10,No,14
U05245,30,Delhi,Working Professional,Google Ads,Free,2025-11-13,No,27
U05246,36,Chennai,Student,Referral,Free,2025-01-25,No,25
U05247,34,Delhi,Working Professional,Referral,Premium,2025-10-10,No,25
U05248,23,Hyderabad,Student,Google Ads,Premium,2024-10-04,Yes,47
U05249,33,Chennai,Family,Instagram Ads,Free,2025-04-25,No,5
U05250,41,Delhi,Working Professional,Influencer,Premium,2025-03-26,Yes,104
U05251,29,Hyderabad,Family,Google Ads,Premium,2024-10-17,No,15
U05252,36,Delhi,Working Professional,Influencer,Premium,2025-10-08,No,16
U05253,22,Delhi,Family,Instagram Ads,Free,2024-04-14,Yes,70
U05254,34,Mumbai,Student,Google Ads,Free,2025-01-11,Yes,105
U05255,43,Chennai,Working Professional,Organic,Premium,2024-07-08,No,8
U05256,40,Delhi,Working Professional,Referral,Free,2024-07-13,No,26
U05257,43,Bangalore,Student,Google Ads,Free,2025-07-29,Yes,95
U05258,46,Bangalore,Family,Google Ads,Free,2025-01-11,No,2
U05259,18,Pune,Working Professional,Instagram Ads,Free,2025-11-13,Yes,80
U05260,45,Delhi,Working Professional,Organic,Free,2024-01-18,No,26
U05261,44,Hyderabad,Family,Google Ads,Free,2024-09-15,No,18
U05262,42,Hyderabad,Family,Organic,Premium,2025-01-06,No,18
U05263,41,Bangalore,Working Professional,Influencer,Free,2025-12-02,No,19
U05264,40,Chennai,Family,Google Ads,Free,2025-08-15,No,5
U05265,27,Pune,Student,Organic,Free,2024-02-29,No,1
U05266,32,Delhi,Student,Referral,Free,2024-04-14,Yes,94
U05267,40,Mumbai,Working Professional,Instagram Ads,Free,2025-03-01,Yes,78
U05268,38,Mumbai,Working Professional,Organic,Free,2024-09-17,No,21
U05269,38,Mumbai,Working Professional,Instagram Ads,Free,2024-02-15,No,23
U05270,28,Mumbai,Student,Google Ads,Free,2025-10-05,Yes,43
U05271,30,Mumbai,Working Professional,Google Ads,Free,2025-06-09,No,21
U05272,22,Mumbai,Family,Influencer,Premium,2025-04-21,No,11
U05273,18,Chennai,Working Professional,Instagram Ads,Free,2024-09-23,Yes,61
U05274,41,Delhi,Family,Referral,Free,2025-06-17,No,3
U05275,29,Chennai,Working Professional,Referral,Premium,2024-04-15,No,3
U05276,28,Mumbai,Student,Organic,Free,2025-05-31,Yes,62
U05277,34,Bangalore,Student,Referral,Premium,2025-11-23,No,20
U05278,21,Pune,Student,Instagram Ads,Free,2025-01-30,No,15
U05279,32,Mumbai,Family,Google Ads,Free,2024-05-28,Yes,72
U05280,42,Mumbai,Student,Instagram Ads,Premium,2024-10-06,No,10
U05281,47,Mumbai,Student,Instagram Ads,Premium,2025-06-08,Yes,73
U05282,26,Mumbai,Family,Google Ads,Free,2024-01-26,No,10
U05283,38,Chennai,Working Professional,Instagram Ads,Free,2025-07-05,No,16
U05284,37,Pune,Student,Referral,Free,2024-10-08,No,6
U05285,36,Delhi,Student,Organic,Free,2025-04-28,No,5
U05286,36,Delhi,Family,Organic,Premium,2024-03-04,No,15
U05287,29,Mumbai,Family,Instagram Ads,Premium,2024-04-20,No,17
U05288,22,Delhi,Student,Google Ads,Free,2024-03-28,No,4
U05289,27,Bangalore,Working Professional,Influencer,Free,2025-09-27,No,8
U05290,34,Delhi,Family,Instagram Ads,Free,2025-02-25,Yes,110
U05291,22,Bangalore,Working Professional,Instagram Ads,Free,2025-10-19,No,13
U05292,39,Delhi,Family,Influencer,Premium,2025-12-26,No,28
U05293,33,Mumbai,Working Professional,Organic,Free,2025-03-15,No,9
U05294,24,Bangalore,Family,Organic,Premium,2024-05-07,No,26
U05295,45,Mumbai,Student,Influencer,Premium,2024-10-20,No,15
U05296,49,Chennai,Student,Google Ads,Premium,2024-05-28,No,11
U05297,26,Pune,Working Professional,Instagram Ads,Premium,2024-11-22,No,15
U05298,20,Mumbai,Working Professional,Referral,Premium,2024-05-19,No,22
U05299,32,Delhi,Family,Organic,Free,2024-05-01,Yes,34
U05300,33,Pune,Student,Organic,Free,2025-06-06,No,27
U05301,35,Chennai,Family,Organic,Premium,2025-01-18,No,15
U05302,49,Pune,Student,Google Ads,Free,2024-10-09,No,4
U05303,31,Delhi,Working Professional,Influencer,Free,2025-03-22,No,28
U05304,20,Chennai,Student,Google Ads,Premium,2024-07-12,No,16
U05305,29,Delhi,Working Professional,Organic,Free,2025-12-07,No,10
U05306,26,Hyderabad,Working Professional,Instagram Ads,Premium,2025-08-15,No,2
U05307,45,Chennai,Working Professional,Organic,Premium,2025-09-10,No,12
U05308,24,Delhi,Student,Instagram Ads,Free,2024-07-24,No,25
U05309,26,Chennai,Working Professional,Instagram Ads,Premium,2025-12-21,Yes,71
U05310,30,Mumbai,Family,Organic,Free,2025-09-30,No,21
U05311,35,Chennai,Student,Organic,Premium,2025-06-29,No,24
U05312,22,Mumbai,Student,Instagram Ads,Free,2024-03-04,No,22
U05313,30,Chennai,Student,Google Ads,Free,2024-01-17,No,17
U05314,21,Delhi,Family,Google Ads,Premium,2025-03-10,No,24
U05315,48,Hyderabad,Working Professional,Google Ads,Free,2024-04-14,No,5
U05316,19,Bangalore,Student,Referral,Free,2025-03-15,Yes,65
U05317,33,Mumbai,Working Professional,Instagram Ads,Free,2025-09-11,No,11
U05318,26,Delhi,Working Professional,Referral,Free,2025-11-18,No,17
U05319,26,Hyderabad,Student,Referral,Free,2024-08-15,No,28
U05320,23,Delhi,Family,Instagram Ads,Free,2025-12-02,No,24
U05321,28,Bangalore,Working Professional,Referral,Premium,2025-01-29,No,6
U05322,39,Delhi,Working Professional,Instagram Ads,Premium,2024-07-31,No,12
U05323,41,Chennai,Working Professional,Influencer,Premium,2025-11-04,No,7
U05324,39,Delhi,Family,Influencer,Free,2024-10-24,Yes,98
U05325,18,Delhi,Student,Instagram Ads,Free,2025-02-28,Yes,73
U05326,21,Delhi,Student,Instagram Ads,Premium,2025-12-02,Yes,87
U05327,30,Mumbai,Student,Instagram Ads,Premium,2025-02-04,Yes,86
U05328,40,Delhi,Working Professional,Google Ads,Premium,2025-06-07,No,8
U05329,30,Mumbai,Working Professional,Instagram Ads,Premium,2025-08-02,Yes,94
U05330,30,Pune,Working Professional,Organic,Free,2025-07-06,No,15
U05331,19,Hyderabad,Student,Influencer,Premium,2025-02-01,No,21
U05332,26,Bangalore,Working Professional,Influencer,Premium,2024-09-16,No,6
U05333,41,Delhi,Working Professional,Instagram Ads,Free,2024-05-05,Yes,55
U05334,25,Hyderabad,Working Professional,Influencer,Free,2024-08-13,Yes,62
U05335,24,Delhi,Family,Instagram Ads,Free,2025-12-22,No,13
U05336,21,Hyderabad,Student,Instagram Ads,Free,2024-11-28,No,21
U05337,35,Delhi,Working Professional,Influencer,Premium,2024-11-25,Yes,56
U05338,20,Mumbai,Student,Influencer,Free,2024-09-21,Yes,83
U05339,45,Mumbai,Working Professional,Organic,Premium,2024-06-19,No,27
U05340,23,Pune,Family,Referral,Free,2024-01-01,No,22
U05341,29,Delhi,Family,Organic,Free,2025-12-21,Yes,108
U05342,29,Bangalore,Student,Organic,Free,2024-08-28,No,26
U05343,38,Delhi,Working Professional,Influencer,Free,2025-08-06,No,16
U05344,45,Hyderabad,Student,Organic,Free,2025-08-23,No,11
U05345,25,Chennai,Family,Influencer,Premium,2024-01-20,No,6
U05346,39,Mumbai,Working Professional,Google Ads,Free,2024-11-10,Yes,100
U05347,39,Mumbai,Working Professional,Instagram Ads,Free,2025-04-17,Yes,41
U05348,18,Chennai,Student,Referral,Premium,2024-05-20,Yes,62
U05349,21,Bangalore,Family,Google Ads,Free,2024-11-28,Yes,51
U05350,38,Mumbai,Working Professional,Instagram Ads,Free,2025-11-17,No,28
U05351,45,Bangalore,Student,Instagram Ads,Premium,2024-02-19,No,9
U05352,28,Hyderabad,Working Professional,Referral,Free,2025-08-28,No,28
U05353,20,Delhi,Student,Organic,Free,2025-04-05,No,22
U05354,30,Pune,Working Professional,Instagram Ads,Premium,2025-11-10,No,10
U05355,42,Mumbai,Family,Referral,Free,2025-01-25,Yes,83
U05356,34,Delhi,Family,Influencer,Free,2024-02-24,No,12
U05357,39,Hyderabad,Working Professional,Instagram Ads,Free,2024-02-20,Yes,74
U05358,39,Mumbai,Family,Instagram Ads,Free,2025-05-04,Yes,60
U05359,27,Delhi,Working Professional,Organic,Free,2024-11-27,No,19
U05360,38,Bangalore,Student,Organic,Premium,2024-09-26,No,15
U05361,29,Pune,Family,Influencer,Premium,2024-12-27,No,20
U05362,32,Pune,Student,Instagram Ads,Premium,2024-05-24,No,6
U05363,38,Chennai,Student,Organic,Free,2025-08-11,No,15
U05364,27,Pune,Family,Referral,Free,2024-05-08,Yes,38
U05365,31,Delhi,Student,Instagram Ads,Free,2025-01-09,No,16
U05366,30,Mumbai,Working Professional,Referral,Free,2025-05-19,No,2
U05367,22,Pune,Family,Google Ads,Premium,2025-09-14,No,23
U05368,23,Mumbai,Working Professional,Influencer,Free,2024-01-01,No,18
U05369,41,Bangalore,Student,Organic,Free,2025-01-01,Yes,52
U05370,19,Bangalore,Working Professional,Google Ads,Free,2025-06-21,Yes,90
U05371,39,Mumbai,Student,Organic,Free,2025-09-19,No,8
U05372,34,Chennai,Working Professional,Google Ads,Free,2025-05-09,Yes,46
U05373,21,Bangalore,Working Professional,Organic,Free,2024-06-22,No,15
U05374,31,Mumbai,Working Professional,Influencer,Free,2025-06-08,No,26
U05375,27,Chennai,Working Professional,Instagram Ads,Free,2024-02-03,No,5
U05376,20,Mumbai,Working Professional,Referral,Premium,2024-11-13,No,14
U05377,42,Delhi,Working Professional,Google Ads,Free,2025-08-07,Yes,70
U05378,20,Bangalore,Family,Referral,Premium,2025-07-16,No,10
U05379,32,Pune,Student,Referral,Premium,2024-07-29,Yes,88
U05380,23,Hyderabad,Family,Organic,Premium,2025-12-27,No,14
U05381,34,Hyderabad,Working Professional,Instagram Ads,Premium,2025-07-06,No,20
U05382,29,Hyderabad,Student,Organic,Free,2024-11-06,Yes,40
U05383,39,Delhi,Student,Referral,Free,2024-04-03,No,14
U05384,37,Pune,Working Professional,Influencer,Free,2024-07-07,No,3
U05385,41,Pune,Working Professional,Instagram Ads,Premium,2025-10-08,No,18
U05386,46,Delhi,Student,Instagram Ads,Premium,2025-12-18,No,20
U05387,28,Delhi,Family,Referral,Free,2025-05-28,Yes,118
U05388,42,Chennai,Working Professional,Organic,Free,2024-07-22,Yes,114
U05389,21,Pune,Family,Influencer,Free,2025-05-05,Yes,117
U05390,43,Pune,Student,Google Ads,Free,2025-10-29,No,12
U05391,45,Pune,Student,Organic,Free,2024-02-23,Yes,82
U05392,43,Bangalore,Student,Instagram Ads,Free,2025-04-20,Yes,32
U05393,23,Bangalore,Student,Organic,Free,2024-04-03,No,9
U05394,18,Bangalore,Family,Google Ads,Free,2024-11-09,Yes,67
U05395,37,Delhi,Student,Influencer,Free,2025-07-26,Yes,99
U05396,40,Hyderabad,Working Professional,Influencer,Free,2024-12-25,Yes,40
U05397,45,Bangalore,Student,Google Ads,Free,2024-06-16,Yes,52
U05398,33,Bangalore,Working Professional,Google Ads,Premium,2025-02-01,No,9
U05399,32,Bangalore,Family,Referral,Free,2025-06-20,Yes,85
U05400,34,Mumbai,Working Professional,Instagram Ads,Free,2025-01-28,No,9
U05401,25,Delhi,Working Professional,Referral,Premium,2024-12-21,No,7
U05402,45,Delhi,Student,Organic,Free,2024-02-17,No,9
U05403,43,Delhi,Family,Google Ads,Free,2025-03-07,No,1
U05404,29,Delhi,Working Professional,Referral,Free,2025-12-01,No,4
U05405,44,Chennai,Working Professional,Instagram Ads,Free,2024-02-22,No,6
U05406,39,Delhi,Working Professional,Instagram Ads,Free,2024-08-28,No,22
U05407,38,Delhi,Family,Google Ads,Free,2025-01-29,No,11
U05408,27,Bangalore,Working Professional,Referral,Free,2024-01-27,Yes,76
U05409,44,Bangalore,Working Professional,Influencer,Premium,2024-02-28,No,1
U05410,32,Delhi,Working Professional,Google Ads,Free,2024-07-04,No,14
U05411,47,Hyderabad,Student,Organic,Free,2024-05-20,Yes,34
U05412,26,Hyderabad,Working Professional,Referral,Free,2024-02-26,No,24
U05413,19,Delhi,Working Professional,Referral,Premium,2025-12-07,No,17
U05414,22,Mumbai,Working Professional,Google Ads,Free,2025-03-25,No,9
U05415,23,Chennai,Working Professional,Referral,Free,2024-04-15,Yes,108
U05416,24,Pune,Student,Referral,Free,2024-10-06,No,18
U05417,49,Hyderabad,Working Professional,Organic,Premium,2025-04-12,No,9
U05418,49,Delhi,Family,Organic,Premium,2025-03-08,No,25
U05419,38,Mumbai,Family,Influencer,Free,2025-11-10,No,13
U05420,42,Bangalore,Student,Organic,Free,2024-12-05,No,11
U05421,18,Delhi,Working Professional,Influencer,Free,2025-12-26,No,2
U05422,40,Mumbai,Family,Organic,Free,2025-05-28,No,4
U05423,43,Bangalore,Working Professional,Influencer,Free,2025-02-02,No,11
U05424,24,Mumbai,Working Professional,Organic,Free,2024-06-30,Yes,46
U05425,37,Hyderabad,Family,Organic,Free,2024-10-28,No,9
U05426,42,Pune,Working Professional,Google Ads,Free,2024-07-01,No,25
U05427,47,Mumbai,Working Professional,Organic,Premium,2025-05-24,No,24
U05428,29,Pune,Student,Influencer,Premium,2024-04-04,Yes,62
U05429,33,Delhi,Student,Google Ads,Free,2025-02-17,Yes,99
U05430,33,Pune,Student,Influencer,Free,2024-06-04,Yes,85
U05431,28,Delhi,Family,Organic,Free,2025-11-22,Yes,93
U05432,38,Delhi,Working Professional,Organic,Free,2024-04-06,No,28
U05433,21,Bangalore,Working Professional,Influencer,Free,2025-01-03,Yes,49
U05434,30,Mumbai,Family,Referral,Free,2024-08-25,No,20
U05435,24,Chennai,Working Professional,Google Ads,Free,2024-01-13,Yes,107
U05436,21,Mumbai,Working Professional,Google Ads,Free,2024-10-27,No,4
U05437,32,Mumbai,Student,Organic,Free,2024-06-30,No,5
U05438,36,Bangalore,Family,Google Ads,Premium,2024-06-03,Yes,49
U05439,26,Mumbai,Student,Influencer,Free,2025-01-25,Yes,86
U05440,49,Mumbai,Student,Organic,Free,2024-06-25,Yes,111
U05441,28,Hyderabad,Student,Google Ads,Free,2025-08-05,No,14
U05442,25,Hyderabad,Student,Instagram Ads,Free,2025-08-18,No,18
U05443,18,Pune,Student,Google Ads,Free,2025-12-01,Yes,46
U05444,40,Chennai,Working Professional,Influencer,Free,2025-08-26,No,26
U05445,42,Delhi,Student,Google Ads,Premium,2024-03-09,Yes,118
U05446,41,Hyderabad,Working Professional,Referral,Premium,2024-11-03,No,12
U05447,25,Mumbai,Student,Referral,Free,2025-11-06,No,27
U05448,30,Bangalore,Student,Organic,Free,2025-11-21,Yes,44
U05449,39,Mumbai,Working Professional,Referral,Free,2025-06-28,No,21
U05450,44,Chennai,Family,Influencer,Free,2024-02-22,No,24
U05451,21,Hyderabad,Family,Instagram Ads,Free,2024-08-03,No,12
U05452,25,Chennai,Family,Instagram Ads,Premium,2025-12-14,No,10
U05453,20,Pune,Working Professional,Organic,Free,2024-02-07,No,6
U05454,46,Chennai,Working Professional,Organic,Premium,2025-03-03,No,26
U05455,26,Pune,Working Professional,Referral,Free,2024-09-17,Yes,58
U05456,46,Mumbai,Working Professional,Influencer,Premium,2025-01-08,No,9
U05457,19,Delhi,Student,Referral,Free,2024-01-31,Yes,96
U05458,19,Mumbai,Working Professional,Influencer,Free,2025-01-27,Yes,50
U05459,45,Delhi,Working Professional,Influencer,Premium,2025-02-28,Yes,38
U05460,30,Bangalore,Working Professional,Instagram Ads,Free,2024-01-05,No,13
U05461,32,Bangalore,Working Professional,Influencer,Free,2025-11-21,No,26
U05462,45,Bangalore,Student,Google Ads,Free,2024-02-23,Yes,91
U05463,40,Chennai,Working Professional,Influencer,Free,2025-05-18,Yes,96
U05464,29,Chennai,Student,Instagram Ads,Free,2025-05-22,No,5
U05465,43,Delhi,Family,Referral,Free,2025-03-28,Yes,91
U05466,21,Mumbai,Student,Influencer,Free,2024-07-18,No,18
U05467,43,Mumbai,Student,Google Ads,Free,2024-09-29,Yes,78
U05468,25,Mumbai,Family,Organic,Free,2024-08-13,Yes,68
U05469,26,Hyderabad,Working Professional,Referral,Premium,2025-04-15,Yes,70
U05470,40,Bangalore,Student,Organic,Premium,2024-01-18,No,24
U05471,22,Bangalore,Working Professional,Google Ads,Free,2025-09-20,Yes,46
U05472,41,Pune,Student,Instagram Ads,Free,2024-01-10,Yes,82
U05473,49,Pune,Student,Instagram Ads,Premium,2024-02-08,No,20
U05474,37,Delhi,Student,Referral,Free,2024-02-10,No,23
U05475,35,Hyderabad,Working Professional,Influencer,Premium,2025-09-11,No,9
U05476,28,Mumbai,Family,Influencer,Free,2024-02-13,No,24
U05477,32,Mumbai,Working Professional,Organic,Premium,2024-07-15,No,21
U05478,49,Delhi,Working Professional,Instagram Ads,Premium,2024-10-25,No,3
U05479,45,Mumbai,Student,Influencer,Free,2024-07-27,No,18
U05480,39,Mumbai,Student,Influencer,Free,2025-04-03,No,20
U05481,26,Delhi,Family,Instagram Ads,Premium,2025-11-18,No,13
U05482,34,Hyderabad,Student,Instagram Ads,Free,2024-08-23,No,11
U05483,44,Hyderabad,Family,Google Ads,Free,2025-05-29,No,25
U05484,43,Delhi,Working Professional,Organic,Free,2024-12-25,No,26
U05485,29,Delhi,Family,Instagram Ads,Free,2025-01-17,Yes,86
U05486,24,Pune,Student,Google Ads,Free,2025-03-02,No,25
U05487,27,Delhi,Student,Instagram Ads,Premium,2024-12-09,No,10
U05488,42,Chennai,Working Professional,Referral,Premium,2024-09-10,No,21
U05489,43,Bangalore,Working Professional,Referral,Free,2025-07-01,Yes,91
U05490,42,Mumbai,Student,Referral,Premium,2025-05-21,No,3
U05491,27,Delhi,Family,Instagram Ads,Free,2025-06-01,No,22
U05492,44,Delhi,Student,Influencer,Premium,2024-11-25,No,25
U05493,30,Delhi,Student,Influencer,Free,2025-05-02,No,24
U05494,36,Delhi,Working Professional,Referral,Premium,2025-04-26,No,3
U05495,28,Bangalore,Working Professional,Organic,Free,2025-04-16,No,20
U05496,30,Delhi,Family,Google Ads,Free,2025-06-15,No,20
U05497,38,Bangalore,Working Professional,Referral,Free,2025-03-12,No,17
U05498,25,Bangalore,Student,Google Ads,Free,2025-02-25,Yes,44
U05499,25,Mumbai,Working Professional,Google Ads,Free,2024-06-10,No,21
U05500,21,Delhi,Student,Referral,Free,2025-03-09,Yes,102
U05501,32,Delhi,Working Professional,Influencer,Free,2025-07-12,Yes,94
U05502,48,Delhi,Working Professional,Organic,Free,2024-01-16,Yes,38
U05503,45,Hyderabad,Student,Referral,Free,2025-09-11,No,19
U05504,28,Mumbai,Working Professional,Google Ads,Premium,2025-11-19,No,7
U05505,28,Hyderabad,Working Professional,Instagram Ads,Premium,2024-03-05,No,7
U05506,18,Mumbai,Working Professional,Instagram Ads,Free,2025-07-28,Yes,118
U05507,34,Mumbai,Working Professional,Google Ads,Free,2024-03-13,No,21
U05508,32,Bangalore,Student,Referral,Premium,2024-07-22,Yes,107
U05509,37,Hyderabad,Student,Influencer,Premium,2024-09-10,No,15
U05510,23,Delhi,Student,Referral,Premium,2025-07-25,No,4
U05511,41,Delhi,Student,Organic,Free,2025-09-04,Yes,60
U05512,39,Bangalore,Working Professional,Instagram Ads,Premium,2025-06-12,No,17
U05513,45,Mumbai,Family,Google Ads,Premium,2024-07-13,No,1
U05514,42,Mumbai,Working Professional,Influencer,Free,2024-09-07,No,8
U05515,32,Bangalore,Working Professional,Referral,Free,2025-07-03,No,25
U05516,48,Mumbai,Working Professional,Organic,Free,2024-10-11,No,18
U05517,26,Bangalore,Student,Referral,Free,2025-06-26,Yes,61
U05518,31,Bangalore,Family,Organic,Free,2025-04-27,Yes,76
U05519,35,Hyderabad,Family,Referral,Free,2024-11-05,Yes,99
U05520,43,Hyderabad,Working Professional,Influencer,Premium,2024-06-29,No,17
U05521,34,Bangalore,Student,Influencer,Free,2025-10-14,Yes,63
U05522,35,Bangalore,Working Professional,Google Ads,Free,2024-09-01,No,17
U05523,22,Pune,Student,Influencer,Premium,2025-03-16,No,26
U05524,37,Mumbai,Working Professional,Organic,Premium,2024-10-01,No,10
U05525,37,Mumbai,Family,Google Ads,Premium,2024-08-11,Yes,54
U05526,26,Hyderabad,Student,Influencer,Premium,2025-01-01,No,8
U05527,28,Bangalore,Family,Instagram Ads,Premium,2025-06-22,No,17
U05528,41,Delhi,Family,Organic,Premium,2024-09-06,No,8
U05529,39,Pune,Family,Google Ads,Premium,2024-01-13,No,17
U05530,18,Delhi,Working Professional,Organic,Free,2024-11-03,No,13
U05531,35,Hyderabad,Student,Google Ads,Premium,2025-09-01,No,8
U05532,23,Hyderabad,Working Professional,Organic,Free,2024-07-10,Yes,44
U05533,44,Chennai,Working Professional,Instagram Ads,Free,2025-11-28,No,21
U05534,19,Delhi,Student,Influencer,Free,2024-01-19,Yes,83
U05535,32,Bangalore,Working Professional,Referral,Free,2024-12-04,Yes,42
U05536,49,Mumbai,Working Professional,Referral,Free,2025-08-01,No,24
U05537,46,Mumbai,Student,Referral,Free,2024-01-26,No,28
U05538,43,Delhi,Student,Google Ads,Premium,2024-01-06,No,6
U05539,38,Bangalore,Student,Influencer,Free,2024-05-20,Yes,82
U05540,31,Mumbai,Working Professional,Google Ads,Free,2024-01-27,No,3
U05541,22,Delhi,Working Professional,Google Ads,Premium,2024-04-14,No,16
U05542,23,Bangalore,Student,Google Ads,Free,2025-06-05,Yes,86
U05543,23,Hyderabad,Family,Google Ads,Free,2024-10-05,No,23
U05544,47,Hyderabad,Student,Influencer,Free,2024-10-29,No,2
U05545,39,Chennai,Working Professional,Referral,Free,2024-01-12,Yes,94
U05546,47,Mumbai,Working Professional,Organic,Premium,2025-10-29,No,3
U05547,35,Chennai,Working Professional,Google Ads,Premium,2024-03-17,No,24
U05548,31,Pune,Student,Influencer,Premium,2024-01-18,No,11
U05549,27,Mumbai,Family,Instagram Ads,Free,2025-07-23,No,15
U05550,31,Delhi,Family,Organic,Free,2025-10-03,No,25
U05551,30,Mumbai,Working Professional,Google Ads,Free,2024-06-22,Yes,54
U05552,48,Mumbai,Working Professional,Google Ads,Free,2025-02-04,No,9
U05553,47,Bangalore,Student,Organic,Premium,2024-03-27,Yes,78
U05554,20,Bangalore,Working Professional,Organic,Premium,2024-12-08,Yes,37
U05555,47,Hyderabad,Working Professional,Google Ads,Free,2025-03-24,Yes,64
U05556,23,Bangalore,Working Professional,Influencer,Free,2024-02-23,No,1
U05557,46,Delhi,Working Professional,Instagram Ads,Free,2025-03-02,No,23
U05558,25,Pune,Working Professional,Influencer,Premium,2024-03-18,Yes,102
U05559,29,Mumbai,Student,Referral,Free,2025-12-16,Yes,53
U05560,30,Chennai,Student,Referral,Free,2025-03-14,No,11
U05561,28,Delhi,Student,Referral,Premium,2025-05-11,No,16
U05562,29,Chennai,Student,Google Ads,Free,2024-06-20,No,23
U05563,18,Delhi,Working Professional,Instagram Ads,Free,2025-07-03,No,7
U05564,34,Delhi,Working Professional,Instagram Ads,Free,2025-11-28,Yes,32
U05565,33,Delhi,Working Professional,Google Ads,Free,2024-12-26,Yes,43
U05566,28,Hyderabad,Working Professional,Google Ads,Free,2024-08-23,No,6
U05567,30,Pune,Working Professional,Google Ads,Premium,2025-03-08,No,4
U05568,35,Mumbai,Student,Instagram Ads,Free,2024-01-16,No,4
U05569,28,Chennai,Working Professional,Google Ads,Premium,2025-05-10,Yes,33
U05570,48,Bangalore,Student,Organic,Free,2025-08-08,No,22
U05571,45,Bangalore,Working Professional,Organic,Free,2024-07-29,Yes,54
U05572,29,Pune,Student,Organic,Premium,2024-11-22,Yes,76
U05573,23,Mumbai,Student,Google Ads,Free,2025-09-18,Yes,42
U05574,26,Mumbai,Working Professional,Organic,Premium,2024-09-03,No,19
U05575,33,Chennai,Family,Google Ads,Free,2025-07-02,No,10
U05576,21,Chennai,Working Professional,Organic,Free,2025-05-17,Yes,102
U05577,20,Chennai,Working Professional,Google Ads,Premium,2025-07-20,No,22
U05578,45,Chennai,Working Professional,Influencer,Premium,2024-06-15,No,20
U05579,33,Delhi,Working Professional,Referral,Free,2025-03-16,No,9
U05580,41,Pune,Working Professional,Influencer,Free,2025-11-19,Yes,84
U05581,49,Mumbai,Family,Referral,Free,2024-12-18,No,24
U05582,44,Chennai,Student,Referral,Free,2025-12-03,No,1
U05583,43,Mumbai,Student,Organic,Free,2024-04-08,No,20
U05584,47,Bangalore,Student,Referral,Free,2025-09-15,Yes,54
U05585,42,Bangalore,Working Professional,Referral,Premium,2024-04-27,No,22
U05586,29,Mumbai,Family,Influencer,Free,2025-11-04,Yes,80
U05587,28,Delhi,Student,Referral,Free,2025-07-22,Yes,66
U05588,22,Pune,Working Professional,Google Ads,Free,2024-12-18,No,2
U05589,42,Pune,Family,Google Ads,Free,2025-07-27,No,23
U05590,35,Delhi,Working Professional,Organic,Free,2025-05-15,Yes,63
U05591,36,Hyderabad,Working Professional,Influencer,Free,2024-02-08,Yes,112
U05592,40,Bangalore,Family,Instagram Ads,Free,2024-11-25,Yes,67
U05593,40,Mumbai,Working Professional,Influencer,Free,2024-11-18,No,19
U05594,23,Delhi,Working Professional,Instagram Ads,Free,2025-05-12,Yes,55
U05595,39,Pune,Student,Referral,Free,2024-01-29,No,26
U05596,35,Hyderabad,Student,Instagram Ads,Premium,2025-06-26,Yes,55
U05597,43,Bangalore,Working Professional,Referral,Free,2024-11-11,No,8
U05598,23,Bangalore,Working Professional,Influencer,Free,2025-07-04,No,21
U05599,21,Delhi,Family,Influencer,Free,2025-05-27,Yes,108
U05600,29,Mumbai,Family,Organic,Free,2025-07-21,No,3
U05601,36,Delhi,Family,Organic,Premium,2025-04-11,No,1
U05602,46,Delhi,Student,Referral,Free,2025-11-28,No,8
U05603,44,Bangalore,Family,Referral,Free,2025-08-25,Yes,55
U05604,46,Chennai,Working Professional,Google Ads,Free,2024-07-17,No,11
U05605,19,Mumbai,Working Professional,Google Ads,Free,2025-11-13,No,10
U05606,34,Delhi,Working Professional,Google Ads,Premium,2024-06-30,No,28
U05607,28,Bangalore,Student,Influencer,Free,2024-05-09,No,28
U05608,28,Pune,Student,Instagram Ads,Free,2025-10-15,Yes,115
U05609,38,Hyderabad,Family,Referral,Free,2024-05-10,No,11
U05610,33,Pune,Working Professional,Organic,Free,2025-10-15,No,20
U05611,19,Bangalore,Working Professional,Referral,Premium,2024-01-05,No,17
U05612,19,Hyderabad,Working Professional,Instagram Ads,Premium,2024-06-15,No,14
U05613,40,Delhi,Family,Referral,Free,2025-01-19,Yes,90
U05614,25,Mumbai,Working Professional,Organic,Premium,2025-09-23,No,1
U05615,30,Mumbai,Working Professional,Organic,Free,2025-07-08,No,21
U05616,27,Bangalore,Student,Instagram Ads,Free,2024-04-01,No,5
U05617,25,Chennai,Student,Organic,Free,2024-07-05,Yes,102
U05618,47,Pune,Family,Influencer,Free,2025-08-12,Yes,107
U05619,49,Delhi,Working Professional,Organic,Free,2025-04-09,Yes,71
U05620,21,Delhi,Working Professional,Instagram Ads,Free,2025-07-11,Yes,119
U05621,32,Mumbai,Working Professional,Instagram Ads,Free,2025-06-02,No,18
U05622,47,Mumbai,Family,Referral,Premium,2025-11-12,No,5
U05623,18,Bangalore,Working Professional,Organic,Premium,2024-04-24,Yes,80
U05624,28,Chennai,Working Professional,Organic,Free,2024-09-19,Yes,32
U05625,24,Chennai,Working Professional,Instagram Ads,Free,2024-12-09,Yes,42
U05626,34,Bangalore,Student,Referral,Premium,2024-08-26,No,24
U05627,44,Pune,Family,Referral,Free,2024-11-04,No,2
U05628,37,Bangalore,Family,Influencer,Free,2024-01-16,Yes,53
U05629,41,Delhi,Family,Influencer,Free,2024-03-02,No,21
U05630,35,Bangalore,Family,Instagram Ads,Premium,2025-12-06,No,16
U05631,39,Bangalore,Family,Referral,Premium,2024-11-16,No,4
U05632,46,Hyderabad,Working Professional,Referral,Free,2025-01-02,No,3
U05633,39,Delhi,Family,Influencer,Premium,2025-03-10,No,20
U05634,29,Mumbai,Working Professional,Influencer,Free,2024-10-18,No,2
U05635,26,Mumbai,Student,Instagram Ads,Free,2024-06-11,No,2
U05636,22,Chennai,Working Professional,Referral,Free,2024-08-28,Yes,59
U05637,27,Mumbai,Family,Instagram Ads,Free,2024-11-20,Yes,112
U05638,21,Hyderabad,Working Professional,Influencer,Free,2025-01-09,Yes,62
U05639,22,Hyderabad,Family,Organic,Premium,2024-05-08,No,19
U05640,45,Delhi,Student,Influencer,Premium,2024-05-02,No,23
U05641,49,Bangalore,Student,Referral,Free,2025-10-10,No,25
U05642,45,Pune,Working Professional,Instagram Ads,Free,2025-04-08,No,1
U05643,27,Mumbai,Student,Referral,Free,2025-06-10,No,7
U05644,48,Chennai,Student,Influencer,Free,2024-08-16,No,19
U05645,28,Delhi,Student,Influencer,Free,2024-05-23,No,13
U05646,38,Delhi,Family,Google Ads,Premium,2024-06-24,No,4
U05647,41,Pune,Student,Influencer,Free,2024-02-22,Yes,114
U05648,27,Pune,Student,Referral,Premium,2024-11-30,No,18
U05649,45,Chennai,Student,Instagram Ads,Free,2025-10-20,Yes,31
U05650,25,Bangalore,Working Professional,Instagram Ads,Free,2025-07-06,No,11
U05651,19,Chennai,Working Professional,Google Ads,Free,2024-10-19,No,5
U05652,40,Pune,Working Professional,Referral,Free,2024-08-27,No,24
U05653,25,Pune,Working Professional,Influencer,Free,2025-03-18,Yes,104
U05654,33,Bangalore,Student,Organic,Premium,2025-12-07,No,11
U05655,44,Mumbai,Working Professional,Instagram Ads,Free,2024-05-15,No,18
U05656,39,Chennai,Family,Referral,Free,2025-08-22,Yes,68
U05657,22,Mumbai,Student,Google Ads,Free,2025-12-01,No,9
U05658,44,Bangalore,Working Professional,Organic,Free,2024-03-11,No,12
U05659,42,Mumbai,Student,Referral,Premium,2024-01-08,No,21
U05660,46,Bangalore,Student,Influencer,Free,2025-03-08,Yes,76
U05661,20,Mumbai,Working Professional,Instagram Ads,Free,2024-12-01,No,24
U05662,29,Delhi,Working Professional,Influencer,Free,2025-09-18,No,18
U05663,30,Pune,Student,Google Ads,Premium,2025-02-22,No,11
U05664,30,Mumbai,Student,Instagram Ads,Premium,2024-10-27,No,5
U05665,27,Bangalore,Family,Organic,Free,2024-08-24,No,25
U05666,21,Delhi,Family,Instagram Ads,Free,2025-08-10,Yes,77
U05667,26,Delhi,Family,Influencer,Premium,2025-05-20,No,8
U05668,39,Delhi,Working Professional,Referral,Free,2025-02-02,Yes,31
U05669,41,Hyderabad,Working Professional,Referral,Free,2025-09-02,Yes,58
U05670,40,Delhi,Working Professional,Referral,Free,2024-11-18,No,17
U05671,44,Chennai,Student,Google Ads,Free,2024-01-02,No,13
U05672,19,Delhi,Working Professional,Google Ads,Free,2025-09-25,No,23
U05673,36,Delhi,Working Professional,Referral,Premium,2024-07-03,No,6
U05674,18,Delhi,Student,Organic,Free,2024-01-16,No,24
U05675,49,Delhi,Family,Influencer,Free,2024-10-05,No,28
U05676,42,Hyderabad,Student,Organic,Free,2024-12-16,Yes,63
U05677,46,Pune,Working Professional,Referral,Free,2025-01-04,No,2
U05678,24,Bangalore,Student,Influencer,Premium,2025-07-06,Yes,107
U05679,34,Delhi,Working Professional,Google Ads,Premium,2025-01-12,No,12
U05680,20,Mumbai,Student,Instagram Ads,Free,2024-02-24,Yes,98
U05681,37,Mumbai,Student,Instagram Ads,Premium,2024-07-26,No,22
U05682,37,Chennai,Working Professional,Influencer,Free,2024-05-11,No,26
U05683,38,Delhi,Working Professional,Organic,Free,2024-12-31,No,24
U05684,47,Hyderabad,Working Professional,Influencer,Free,2024-12-21,No,1
U05685,20,Mumbai,Student,Organic,Free,2024-06-26,Yes,36
U05686,20,Mumbai,Working Professional,Organic,Free,2024-08-29,No,5
U05687,34,Mumbai,Working Professional,Instagram Ads,Free,2024-10-10,Yes,41
U05688,24,Delhi,Student,Google Ads,Free,2025-09-26,Yes,49
U05689,44,Hyderabad,Family,Referral,Free,2025-03-12,No,27
U05690,43,Delhi,Working Professional,Google Ads,Premium,2025-11-09,No,14
U05691,31,Hyderabad,Student,Referral,Free,2025-06-08,Yes,84
U05692,34,Delhi,Family,Instagram Ads,Free,2024-03-11,Yes,41
U05693,35,Chennai,Family,Referral,Free,2024-02-23,Yes,113
U05694,30,Delhi,Family,Organic,Free,2024-01-13,No,8
U05695,37,Pune,Working Professional,Influencer,Free,2025-01-10,No,15
U05696,46,Pune,Working Professional,Referral,Free,2025-07-24,No,7
U05697,37,Chennai,Student,Google Ads,Free,2024-09-16,No,15
U05698,38,Mumbai,Working Professional,Instagram Ads,Premium,2024-03-20,No,9
U05699,44,Hyderabad,Family,Instagram Ads,Premium,2025-04-20,No,14
U05700,35,Mumbai,Working Professional,Influencer,Premium,2024-02-29,No,15
U05701,21,Delhi,Family,Organic,Free,2024-02-16,No,11
U05702,18,Mumbai,Student,Organic,Free,2025-05-04,Yes,98
U05703,35,Delhi,Working Professional,Instagram Ads,Free,2025-12-14,Yes,31
U05704,18,Chennai,Family,Organic,Free,2024-02-05,Yes,57
U05705,43,Delhi,Working Professional,Influencer,Free,2025-06-14,No,22
U05706,43,Bangalore,Family,Instagram Ads,Free,2024-09-12,No,15
U05707,30,Bangalore,Working Professional,Organic,Premium,2024-10-12,No,4
U05708,37,Bangalore,Working Professional,Referral,Free,2025-01-01,Yes,43
U05709,37,Bangalore,Working Professional,Referral,Free,2025-07-06,Yes,75
U05710,40,Delhi,Family,Organic,Premium,2024-08-15,No,9
U05711,27,Bangalore,Working Professional,Referral,Free,2024-06-19,Yes,96
U05712,44,Mumbai,Student,Influencer,Free,2025-05-11,Yes,103
U05713,28,Chennai,Working Professional,Google Ads,Free,2024-09-01,No,23
U05714,26,Hyderabad,Working Professional,Influencer,Free,2025-01-27,Yes,49
U05715,26,Chennai,Student,Influencer,Free,2025-06-07,No,8
U05716,22,Delhi,Working Professional,Organic,Free,2025-12-27,No,15
U05717,43,Mumbai,Student,Influencer,Premium,2025-10-13,No,6
U05718,18,Delhi,Working Professional,Organic,Free,2024-10-24,Yes,49
U05719,34,Delhi,Family,Instagram Ads,Free,2025-04-01,Yes,85
U05720,39,Delhi,Working Professional,Organic,Free,2025-03-12,No,20
U05721,19,Bangalore,Family,Organic,Premium,2024-12-11,No,27
U05722,41,Delhi,Student,Instagram Ads,Free,2025-04-22,No,14
U05723,30,Bangalore,Family,Google Ads,Free,2024-07-03,Yes,91
U05724,26,Pune,Student,Instagram Ads,Free,2025-12-24,No,7
U05725,46,Hyderabad,Student,Organic,Free,2024-09-28,No,24
U05726,21,Mumbai,Family,Referral,Premium,2025-04-05,Yes,58
U05727,22,Mumbai,Working Professional,Organic,Free,2024-04-08,No,1
U05728,49,Mumbai,Student,Instagram Ads,Free,2025-03-09,No,10
U05729,28,Delhi,Family,Organic,Free,2025-10-05,Yes,117
U05730,41,Bangalore,Working Professional,Instagram Ads,Free,2025-09-18,No,9
U05731,36,Mumbai,Family,Influencer,Free,2025-04-17,Yes,51
U05732,38,Pune,Working Professional,Google Ads,Free,2024-09-25,No,10
U05733,20,Hyderabad,Working Professional,Google Ads,Premium,2025-07-25,No,3
U05734,29,Bangalore,Working Professional,Instagram Ads,Free,2025-09-12,No,2
U05735,43,Mumbai,Student,Google Ads,Free,2025-01-30,Yes,92
U05736,36,Delhi,Working Professional,Referral,Free,2025-02-11,Yes,67
U05737,36,Hyderabad,Working Professional,Referral,Free,2025-01-21,Yes,79
U05738,30,Mumbai,Student,Google Ads,Free,2025-06-17,Yes,36
U05739,45,Delhi,Student,Instagram Ads,Free,2024-12-06,No,28
U05740,24,Delhi,Student,Referral,Free,2025-06-22,No,12
U05741,32,Delhi,Family,Google Ads,Free,2024-08-01,No,27
U05742,40,Hyderabad,Working Professional,Organic,Free,2025-01-31,No,4
U05743,24,Delhi,Working Professional,Referral,Free,2024-02-13,No,10
U05744,43,Bangalore,Family,Influencer,Free,2025-08-14,No,17
U05745,25,Mumbai,Working Professional,Referral,Premium,2024-12-31,No,2
U05746,22,Bangalore,Family,Google Ads,Free,2024-06-22,No,20
U05747,38,Pune,Student,Google Ads,Free,2024-09-29,No,22
U05748,31,Pune,Student,Google Ads,Free,2025-07-03,Yes,114
U05749,21,Mumbai,Working Professional,Instagram Ads,Free,2025-07-24,No,5
U05750,40,Delhi,Working Professional,Instagram Ads,Free,2025-05-04,No,8
U05751,27,Mumbai,Family,Organic,Premium,2024-06-30,No,16
U05752,37,Bangalore,Working Professional,Organic,Free,2025-09-08,Yes,78
U05753,32,Bangalore,Student,Referral,Free,2024-04-05,Yes,102
U05754,35,Bangalore,Working Professional,Google Ads,Free,2025-08-24,No,9
U05755,37,Delhi,Working Professional,Organic,Premium,2024-03-11,No,26
U05756,30,Bangalore,Student,Google Ads,Free,2025-09-03,No,4
U05757,46,Delhi,Working Professional,Referral,Free,2024-11-06,No,1
U05758,25,Hyderabad,Family,Instagram Ads,Free,2024-11-22,Yes,53
U05759,26,Mumbai,Family,Organic,Free,2025-11-13,No,18
U05760,33,Hyderabad,Working Professional,Influencer,Premium,2024-12-12,No,4
U05761,36,Delhi,Working Professional,Influencer,Free,2024-06-14,Yes,41
U05762,33,Mumbai,Student,Influencer,Free,2024-08-03,Yes,111
U05763,24,Hyderabad,Working Professional,Influencer,Free,2024-12-09,Yes,73
U05764,31,Delhi,Working Professional,Influencer,Free,2024-03-01,Yes,38
U05765,45,Hyderabad,Working Professional,Influencer,Premium,2024-07-04,No,19
U05766,31,Bangalore,Student,Influencer,Free,2024-12-29,No,2
U05767,42,Bangalore,Family,Organic,Free,2024-06-30,No,24
U05768,44,Mumbai,Family,Influencer,Free,2024-02-03,No,2
U05769,21,Mumbai,Working Professional,Influencer,Free,2025-02-08,No,17
U05770,43,Bangalore,Student,Referral,Free,2025-07-10,Yes,84
U05771,32,Mumbai,Student,Organic,Free,2024-05-17,No,1
U05772,20,Hyderabad,Student,Referral,Free,2025-11-28,Yes,31
U05773,22,Mumbai,Working Professional,Google Ads,Free,2024-01-28,Yes,112
U05774,18,Delhi,Student,Influencer,Free,2024-04-15,No,5
U05775,20,Delhi,Family,Instagram Ads,Free,2024-06-05,No,28
U05776,32,Delhi,Family,Influencer,Free,2024-04-16,No,12
U05777,41,Mumbai,Working Professional,Influencer,Free,2024-08-20,No,17
U05778,44,Hyderabad,Working Professional,Referral,Free,2024-07-14,No,23
U05779,25,Hyderabad,Working Professional,Google Ads,Free,2024-07-20,Yes,117
U05780,48,Delhi,Family,Referral,Premium,2024-04-18,No,19
U05781,46,Chennai,Family,Organic,Premium,2025-06-26,No,2
U05782,21,Bangalore,Student,Google Ads,Premium,2024-02-10,No,26
U05783,19,Chennai,Student,Google Ads,Free,2024-03-04,No,25
U05784,46,Hyderabad,Working Professional,Google Ads,Premium,2025-11-12,No,16
U05785,41,Hyderabad,Working Professional,Referral,Free,2025-02-18,Yes,43
U05786,41,Delhi,Student,Influencer,Premium,2025-01-06,No,8
U05787,27,Delhi,Working Professional,Influencer,Free,2025-10-12,Yes,72
U05788,21,Delhi,Working Professional,Influencer,Premium,2024-12-29,No,6
U05789,20,Hyderabad,Student,Influencer,Free,2024-08-23,No,24
U05790,19,Mumbai,Family,Influencer,Free,2025-04-15,No,20
U05791,42,Hyderabad,Student,Organic,Free,2025-05-14,No,3
U05792,34,Mumbai,Working Professional,Instagram Ads,Free,2025-02-26,No,9
U05793,40,Pune,Working Professional,Google Ads,Free,2025-08-01,Yes,30
U05794,38,Delhi,Student,Instagram Ads,Premium,2024-07-06,No,23
U05795,41,Delhi,Working Professional,Organic,Premium,2025-06-23,Yes,31
U05796,37,Mumbai,Working Professional,Influencer,Premium,2025-02-06,No,19
U05797,40,Mumbai,Family,Organic,Premium,2025-05-08,No,1
U05798,30,Mumbai,Working Professional,Organic,Premium,2025-12-23,No,3
U05799,22,Hyderabad,Working Professional,Instagram Ads,Free,2024-08-21,No,23
U05800,48,Delhi,Working Professional,Google Ads,Premium,2025-05-06,No,1
U05801,47,Mumbai,Working Professional,Referral,Free,2025-06-14,Yes,59
U05802,38,Pune,Family,Referral,Free,2024-11-07,No,5
U05803,47,Delhi,Student,Google Ads,Free,2024-04-22,No,28
U05804,26,Chennai,Student,Influencer,Premium,2025-05-15,No,16
U05805,42,Chennai,Working Professional,Organic,Free,2024-12-09,Yes,102
U05806,46,Delhi,Student,Influencer,Free,2024-12-23,Yes,72
U05807,42,Mumbai,Family,Organic,Free,2024-05-05,Yes,70
U05808,45,Mumbai,Working Professional,Referral,Free,2025-12-20,No,13
U05809,39,Hyderabad,Working Professional,Google Ads,Free,2024-03-22,No,8
U05810,23,Bangalore,Family,Instagram Ads,Premium,2024-09-08,No,17
U05811,22,Bangalore,Working Professional,Instagram Ads,Premium,2025-07-06,No,25
U05812,42,Hyderabad,Working Professional,Google Ads,Premium,2025-01-16,No,12
U05813,27,Delhi,Student,Referral,Free,2025-12-17,Yes,43
U05814,25,Pune,Working Professional,Organic,Premium,2024-04-08,No,14
U05815,24,Hyderabad,Student,Instagram Ads,Premium,2025-03-27,No,11
U05816,24,Bangalore,Working Professional,Referral,Free,2025-08-17,No,23
U05817,23,Pune,Working Professional,Google Ads,Premium,2024-01-24,No,1
U05818,38,Hyderabad,Student,Influencer,Free,2025-02-20,Yes,75
U05819,46,Delhi,Working Professional,Referral,Free,2024-12-18,Yes,106
U05820,37,Mumbai,Student,Referral,Premium,2024-03-13,No,2
U05821,20,Mumbai,Family,Influencer,Premium,2025-11-25,No,27
U05822,49,Delhi,Student,Referral,Free,2025-05-29,No,1
U05823,36,Chennai,Family,Instagram Ads,Free,2024-01-30,No,1
U05824,39,Delhi,Working Professional,Instagram Ads,Free,2025-10-19,No,10
U05825,32,Hyderabad,Working Professional,Instagram Ads,Free,2025-03-25,No,18
U05826,21,Bangalore,Student,Referral,Free,2025-04-24,No,22
U05827,45,Delhi,Family,Referral,Free,2025-04-01,Yes,32
U05828,29,Chennai,Student,Referral,Free,2025-12-24,Yes,89
U05829,23,Pune,Working Professional,Google Ads,Free,2024-01-27,Yes,43
U05830,36,Bangalore,Family,Influencer,Premium,2024-12-21,No,23
U05831,48,Delhi,Family,Referral,Free,2025-09-08,Yes,91
U05832,21,Delhi,Working Professional,Influencer,Free,2025-09-13,No,14
U05833,32,Mumbai,Family,Organic,Premium,2024-01-19,No,12
U05834,26,Delhi,Working Professional,Instagram Ads,Free,2025-06-11,No,25
U05835,22,Bangalore,Student,Google Ads,Free,2024-09-26,No,24
U05836,30,Chennai,Working Professional,Influencer,Free,2025-07-12,No,25
U05837,40,Bangalore,Student,Instagram Ads,Free,2024-05-25,Yes,63
U05838,43,Pune,Student,Google Ads,Free,2025-10-29,Yes,117
U05839,35,Bangalore,Working Professional,Instagram Ads,Free,2025-06-25,No,10
U05840,47,Mumbai,Working Professional,Referral,Free,2025-09-08,Yes,81
U05841,47,Pune,Student,Referral,Free,2024-05-28,No,5
U05842,22,Mumbai,Family,Instagram Ads,Free,2025-07-13,No,18
U05843,42,Pune,Student,Google Ads,Free,2024-07-01,No,7
U05844,33,Mumbai,Family,Instagram Ads,Free,2025-10-31,No,16
U05845,44,Delhi,Family,Organic,Premium,2024-02-11,No,11
U05846,36,Pune,Family,Google Ads,Free,2024-06-13,Yes,43
U05847,31,Bangalore,Family,Google Ads,Free,2025-11-16,Yes,60
U05848,42,Pune,Student,Instagram Ads,Free,2024-04-03,No,27
U05849,47,Chennai,Working Professional,Influencer,Free,2024-08-01,No,8
U05850,33,Delhi,Student,Instagram Ads,Free,2024-07-06,Yes,92
U05851,44,Bangalore,Student,Influencer,Premium,2024-03-28,No,1
U05852,32,Mumbai,Working Professional,Google Ads,Free,2025-04-02,No,3
U05853,39,Bangalore,Student,Referral,Free,2025-04-16,No,15
U05854,21,Hyderabad,Family,Referral,Free,2024-02-23,Yes,96
U05855,24,Mumbai,Family,Instagram Ads,Free,2025-01-06,Yes,88
U05856,33,Bangalore,Working Professional,Influencer,Premium,2025-10-17,No,10
U05857,41,Hyderabad,Working Professional,Instagram Ads,Free,2025-05-31,No,16
U05858,39,Delhi,Working Professional,Organic,Free,2024-12-30,Yes,115
U05859,38,Pune,Family,Instagram Ads,Free,2024-02-06,No,28
U05860,39,Bangalore,Working Professional,Instagram Ads,Free,2024-04-28,Yes,75
U05861,38,Chennai,Student,Instagram Ads,Free,2025-02-12,No,27
U05862,25,Mumbai,Working Professional,Instagram Ads,Free,2024-12-28,Yes,52
U05863,34,Delhi,Working Professional,Influencer,Free,2025-01-03,No,23
U05864,33,Bangalore,Family,Influencer,Premium,2024-06-01,Yes,58
U05865,44,Delhi,Student,Influencer,Premium,2024-11-18,No,21
U05866,40,Chennai,Student,Organic,Premium,2024-10-20,No,5
U05867,48,Delhi,Family,Organic,Free,2025-04-24,Yes,88
U05868,27,Hyderabad,Family,Instagram Ads,Free,2025-12-24,No,25
U05869,27,Bangalore,Family,Influencer,Premium,2025-04-22,No,2
U05870,49,Mumbai,Working Professional,Organic,Free,2025-03-23,No,22
U05871,44,Delhi,Working Professional,Referral,Free,2024-05-09,Yes,58
U05872,19,Bangalore,Working Professional,Instagram Ads,Free,2025-12-04,Yes,32
U05873,48,Bangalore,Student,Google Ads,Free,2025-12-09,No,4
U05874,47,Mumbai,Working Professional,Influencer,Premium,2025-10-21,No,12
U05875,26,Chennai,Student,Instagram Ads,Premium,2024-12-07,No,5
U05876,34,Mumbai,Student,Instagram Ads,Free,2024-09-23,No,23
U05877,28,Mumbai,Family,Google Ads,Free,2024-12-03,No,16
U05878,49,Bangalore,Student,Referral,Free,2025-04-19,No,24
U05879,27,Delhi,Family,Organic,Premium,2025-02-18,No,19
U05880,39,Chennai,Student,Organic,Free,2024-10-17,No,15
U05881,42,Mumbai,Student,Google Ads,Free,2024-06-20,No,19
U05882,34,Delhi,Working Professional,Google Ads,Premium,2025-03-14,No,25
U05883,21,Mumbai,Working Professional,Organic,Premium,2024-10-27,No,12
U05884,33,Bangalore,Working Professional,Referral,Free,2024-05-28,No,1
U05885,37,Bangalore,Family,Referral,Premium,2025-10-21,No,10
U05886,32,Hyderabad,Student,Instagram Ads,Premium,2024-09-21,No,8
U05887,42,Delhi,Family,Google Ads,Premium,2024-04-04,No,21
U05888,44,Mumbai,Student,Google Ads,Free,2025-11-28,No,3
U05889,38,Pune,Family,Google Ads,Free,2025-02-20,Yes,62
U05890,22,Delhi,Working Professional,Organic,Premium,2024-09-13,No,7
U05891,23,Pune,Family,Organic,Free,2025-12-23,No,20
U05892,34,Delhi,Working Professional,Organic,Free,2025-05-29,No,6
U05893,18,Pune,Student,Referral,Free,2025-11-09,Yes,112
U05894,48,Mumbai,Family,Organic,Free,2024-12-15,No,14
U05895,42,Bangalore,Student,Instagram Ads,Free,2024-07-23,Yes,75
U05896,36,Delhi,Student,Organic,Free,2025-11-20,Yes,107
U05897,21,Delhi,Family,Referral,Free,2024-12-09,No,16
U05898,34,Delhi,Student,Google Ads,Free,2025-04-09,No,28
U05899,26,Delhi,Student,Instagram Ads,Premium,2025-06-22,No,28
U05900,48,Mumbai,Working Professional,Referral,Free,2024-01-29,Yes,80
U05901,41,Bangalore,Family,Influencer,Free,2025-09-30,Yes,112
U05902,19,Bangalore,Student,Google Ads,Free,2025-01-10,Yes,68
U05903,25,Hyderabad,Working Professional,Organic,Free,2024-04-14,Yes,119
U05904,32,Bangalore,Working Professional,Referral,Premium,2024-11-29,No,2
U05905,49,Bangalore,Family,Influencer,Premium,2024-03-09,No,2
U05906,24,Mumbai,Family,Referral,Free,2024-04-16,No,21
U05907,44,Mumbai,Working Professional,Organic,Free,2025-11-22,No,21
U05908,23,Mumbai,Working Professional,Referral,Free,2024-04-11,No,9
U05909,18,Pune,Working Professional,Influencer,Free,2024-09-18,No,24
U05910,32,Delhi,Student,Referral,Free,2025-10-25,No,24
U05911,40,Delhi,Working Professional,Instagram Ads,Free,2025-07-05,No,10
U05912,43,Bangalore,Family,Instagram Ads,Premium,2024-10-15,Yes,88
U05913,24,Delhi,Working Professional,Organic,Free,2024-05-16,No,25
U05914,46,Pune,Student,Influencer,Free,2025-05-04,No,1
U05915,47,Pune,Working Professional,Influencer,Free,2025-11-19,No,22
U05916,42,Delhi,Working Professional,Influencer,Free,2024-03-07,Yes,61
U05917,34,Delhi,Working Professional,Influencer,Free,2024-05-30,Yes,93
U05918,19,Mumbai,Working Professional,Influencer,Free,2024-10-04,No,1
U05919,44,Bangalore,Working Professional,Google Ads,Premium,2024-07-30,No,21
U05920,26,Delhi,Student,Referral,Premium,2024-12-15,No,17
U05921,46,Hyderabad,Family,Influencer,Free,2025-09-19,No,22
U05922,26,Bangalore,Working Professional,Instagram Ads,Free,2025-10-09,No,19
U05923,30,Mumbai,Student,Referral,Premium,2024-05-26,No,3
U05924,23,Delhi,Student,Organic,Free,2024-12-30,No,3
U05925,23,Hyderabad,Family,Organic,Free,2025-11-08,Yes,67
U05926,37,Delhi,Family,Influencer,Free,2024-08-15,No,19
U05927,37,Pune,Working Professional,Google Ads,Premium,2025-10-07,No,27
U05928,38,Mumbai,Student,Google Ads,Free,2025-11-22,No,11
U05929,20,Bangalore,Student,Referral,Free,2024-10-16,Yes,32
U05930,34,Pune,Student,Google Ads,Free,2024-11-25,Yes,70
U05931,48,Pune,Working Professional,Organic,Free,2025-01-29,No,10
U05932,34,Mumbai,Working Professional,Influencer,Premium,2025-07-08,No,3
U05933,29,Delhi,Working Professional,Instagram Ads,Free,2024-05-18,Yes,99
U05934,33,Hyderabad,Working Professional,Organic,Free,2025-02-27,No,5
U05935,32,Mumbai,Student,Organic,Free,2024-09-09,Yes,82
U05936,30,Delhi,Student,Referral,Free,2025-02-19,No,22
U05937,40,Chennai,Working Professional,Google Ads,Premium,2025-05-21,Yes,110
U05938,49,Delhi,Student,Instagram Ads,Premium,2024-12-11,No,13
U05939,18,Delhi,Student,Instagram Ads,Free,2025-11-27,Yes,112
U05940,34,Delhi,Working Professional,Google Ads,Premium,2025-07-30,No,4
U05941,20,Bangalore,Family,Influencer,Premium,2024-06-28,No,10
U05942,43,Bangalore,Working Professional,Google Ads,Free,2024-08-01,No,16
U05943,32,Mumbai,Family,Influencer,Premium,2025-03-13,No,16
U05944,21,Mumbai,Working Professional,Instagram Ads,Free,2025-04-24,No,24
U05945,49,Mumbai,Working Professional,Referral,Free,2024-06-01,No,17
U05946,49,Hyderabad,Student,Organic,Free,2025-02-16,No,11
U05947,49,Delhi,Family,Instagram Ads,Free,2024-05-02,Yes,30
U05948,21,Chennai,Student,Instagram Ads,Free,2025-08-28,Yes,113
U05949,35,Delhi,Student,Instagram Ads,Premium,2025-08-16,No,8
U05950,34,Chennai,Student,Organic,Premium,2025-09-11,No,14
U05951,36,Delhi,Family,Influencer,Premium,2025-08-01,No,18
U05952,28,Hyderabad,Family,Referral,Free,2024-08-30,No,1
U05953,37,Delhi,Working Professional,Referral,Free,2024-11-01,No,9
U05954,20,Delhi,Working Professional,Referral,Free,2024-05-15,No,20
U05955,25,Pune,Working Professional,Influencer,Free,2024-06-07,No,11
U05956,31,Pune,Family,Google Ads,Free,2024-05-31,Yes,41
U05957,43,Mumbai,Working Professional,Google Ads,Free,2025-03-31,No,2
U05958,18,Hyderabad,Family,Referral,Free,2025-07-07,No,27
U05959,31,Bangalore,Student,Instagram Ads,Free,2024-11-29,Yes,94
U05960,19,Pune,Student,Instagram Ads,Free,2025-04-07,No,5
U05961,46,Mumbai,Family,Organic,Premium,2025-04-13,No,2
U05962,40,Bangalore,Student,Google Ads,Free,2024-01-26,No,22
U05963,21,Mumbai,Family,Instagram Ads,Free,2024-06-14,No,11
U05964,41,Mumbai,Working Professional,Referral,Premium,2024-12-31,No,23
U05965,44,Pune,Family,Organic,Free,2025-03-14,No,2
U05966,46,Delhi,Student,Google Ads,Premium,2024-04-06,No,12
U05967,36,Delhi,Working Professional,Organic,Premium,2025-01-28,No,24
U05968,23,Bangalore,Working Professional,Instagram Ads,Free,2025-04-11,Yes,81
U05969,42,Bangalore,Working Professional,Referral,Free,2024-09-23,No,10
U05970,18,Delhi,Working Professional,Referral,Free,2024-05-02,No,19
U05971,34,Mumbai,Family,Referral,Free,2025-06-18,Yes,44
U05972,25,Chennai,Working Professional,Instagram Ads,Free,2024-07-16,Yes,99
U05973,36,Delhi,Student,Influencer,Free,2024-02-10,No,14
U05974,38,Bangalore,Family,Referral,Premium,2024-04-30,No,27
U05975,18,Hyderabad,Student,Influencer,Free,2025-02-28,Yes,99
U05976,22,Mumbai,Working Professional,Referral,Free,2024-01-04,No,1
U05977,44,Chennai,Student,Influencer,Free,2024-09-11,Yes,52
U05978,33,Hyderabad,Family,Google Ads,Free,2025-10-04,No,1
U05979,23,Mumbai,Student,Google Ads,Free,2025-04-12,No,2
U05980,25,Bangalore,Student,Referral,Free,2024-07-01,Yes,80
U05981,30,Hyderabad,Family,Organic,Free,2024-04-16,Yes,86
U05982,33,Bangalore,Family,Organic,Free,2025-05-13,No,2
U05983,49,Pune,Student,Instagram Ads,Free,2025-03-22,No,12
U05984,47,Mumbai,Working Professional,Google Ads,Premium,2024-06-25,Yes,74
U05985,20,Mumbai,Family,Google Ads,Free,2024-03-12,No,15
U05986,36,Delhi,Student,Organic,Free,2024-03-10,No,16
U05987,29,Delhi,Family,Referral,Free,2025-08-03,Yes,102
U05988,33,Delhi,Working Professional,Instagram Ads,Free,2024-05-02,No,28
U05989,44,Pune,Working Professional,Google Ads,Free,2025-01-26,No,11
U05990,28,Bangalore,Working Professional,Instagram Ads,Free,2024-08-14,No,6
U05991,27,Bangalore,Working Professional,Google Ads,Premium,2025-01-02,No,27
U05992,42,Bangalore,Student,Influencer,Free,2025-04-02,No,17
U05993,37,Pune,Working Professional,Influencer,Free,2024-07-01,No,7
U05994,48,Mumbai,Student,Instagram Ads,Free,2024-08-14,Yes,114
U05995,21,Pune,Working Professional,Organic,Premium,2024-03-12,No,13
U05996,29,Mumbai,Student,Organic,Free,2025-05-26,No,16
U05997,40,Chennai,Family,Google Ads,Premium,2024-01-08,No,13
U05998,19,Hyderabad,Student,Influencer,Free,2024-03-12,No,8
U05999,41,Delhi,Working Professional,Influencer,Premium,2025-12-24,No,25
U06000,39,Bangalore,Working Professional,Instagram Ads,Free,2024-02-15,Yes,70
U06001,36,Bangalore,Working Professional,Instagram Ads,Free,2024-05-29,Yes,72
U06002,42,Delhi,Working Professional,Organic,Free,2025-08-15,No,5
U06003,22,Bangalore,Working Professional,Organic,Free,2025-04-26,Yes,92
U06004,25,Mumbai,Student,Organic,Free,2025-02-12,Yes,96
U06005,24,Delhi,Student,Referral,Premium,2024-06-23,No,11
U06006,31,Chennai,Working Professional,Influencer,Premium,2025-03-02,No,12
U06007,41,Bangalore,Family,Influencer,Free,2025-10-16,No,20
U06008,40,Pune,Student,Instagram Ads,Premium,2025-12-04,Yes,93
U06009,20,Bangalore,Student,Influencer,Premium,2025-11-01,No,10
U06010,35,Mumbai,Student,Instagram Ads,Free,2024-08-24,Yes,102
U06011,33,Bangalore,Working Professional,Referral,Free,2025-08-17,No,1
U06012,40,Bangalore,Working Professional,Organic,Premium,2025-11-17,No,16
U06013,36,Chennai,Family,Referral,Free,2024-05-19,No,7
U06014,36,Delhi,Student,Organic,Free,2024-03-04,No,24
U06015,35,Pune,Student,Organic,Premium,2024-10-05,No,16
U06016,37,Chennai,Student,Instagram Ads,Free,2024-02-19,Yes,96
U06017,33,Bangalore,Working Professional,Organic,Premium,2024-08-02,No,4
U06018,25,Chennai,Working Professional,Referral,Premium,2025-09-28,No,3
U06019,45,Mumbai,Student,Google Ads,Premium,2024-02-05,No,19
U06020,18,Chennai,Family,Instagram Ads,Premium,2025-10-12,Yes,76
U06021,34,Hyderabad,Student,Organic,Free,2025-08-20,No,23
U06022,29,Delhi,Working Professional,Organic,Premium,2025-03-06,No,22
U06023,47,Chennai,Working Professional,Influencer,Free,2025-05-19,No,17
U06024,38,Mumbai,Student,Instagram Ads,Free,2025-07-21,No,12
U06025,28,Mumbai,Family,Instagram Ads,Free,2024-09-05,No,17
U06026,22,Bangalore,Family,Referral,Free,2025-04-12,Yes,67
U06027,44,Delhi,Working Professional,Google Ads,Free,2025-05-24,Yes,106
U06028,29,Mumbai,Working Professional,Referral,Premium,2025-01-28,No,1
U06029,34,Pune,Student,Referral,Free,2025-03-15,No,23
U06030,23,Delhi,Working Professional,Referral,Free,2025-12-26,No,25
U06031,18,Delhi,Student,Google Ads,Free,2024-06-06,No,11
U06032,22,Delhi,Family,Referral,Free,2024-04-03,Yes,31
U06033,42,Mumbai,Student,Instagram Ads,Free,2025-04-30,No,4
U06034,45,Hyderabad,Student,Google Ads,Premium,2025-03-14,No,7
U06035,31,Hyderabad,Student,Organic,Free,2024-06-14,No,18
U06036,22,Chennai,Student,Influencer,Premium,2024-02-25,No,28
U06037,39,Bangalore,Working Professional,Influencer,Free,2025-03-30,Yes,33
U06038,41,Delhi,Student,Instagram Ads,Free,2025-01-04,No,7
U06039,44,Chennai,Working Professional,Influencer,Free,2025-01-12,No,11
U06040,18,Hyderabad,Student,Influencer,Premium,2025-01-29,No,25
U06041,47,Bangalore,Working Professional,Influencer,Free,2025-01-25,No,14
U06042,35,Hyderabad,Working Professional,Organic,Free,2024-12-17,No,8
U06043,33,Chennai,Family,Influencer,Free,2024-03-22,Yes,70
U06044,26,Hyderabad,Family,Referral,Premium,2025-06-29,No,16
U06045,36,Mumbai,Family,Instagram Ads,Free,2024-03-03,Yes,81
U06046,39,Hyderabad,Working Professional,Instagram Ads,Free,2025-05-28,No,12
U06047,22,Delhi,Working Professional,Instagram Ads,Free,2025-12-02,Yes,114
U06048,44,Mumbai,Working Professional,Organic,Free,2025-07-08,No,20
U06049,19,Mumbai,Family,Organic,Free,2025-08-29,No,25
U06050,47,Delhi,Student,Influencer,Premium,2024-05-27,Yes,119
U06051,32,Delhi,Working Professional,Referral,Free,2025-06-02,No,21
U06052,24,Delhi,Student,Influencer,Free,2025-12-26,Yes,78
U06053,21,Bangalore,Working Professional,Instagram Ads,Premium,2024-11-03,No,6
U06054,18,Pune,Working Professional,Referral,Premium,2025-05-19,No,22
U06055,30,Chennai,Working Professional,Instagram Ads,Free,2024-04-07,No,28
U06056,37,Mumbai,Working Professional,Referral,Premium,2024-10-28,No,5
U06057,39,Bangalore,Family,Google Ads,Free,2024-02-11,Yes,70
U06058,24,Chennai,Working Professional,Organic,Premium,2024-11-11,No,23
U06059,32,Delhi,Family,Organic,Premium,2025-01-18,Yes,50
U06060,40,Hyderabad,Student,Instagram Ads,Free,2024-04-13,No,14
U06061,31,Hyderabad,Working Professional,Instagram Ads,Free,2024-12-01,Yes,86
U06062,40,Delhi,Working Professional,Google Ads,Premium,2025-08-12,No,16
U06063,36,Pune,Student,Influencer,Premium,2025-09-27,No,7
U06064,49,Pune,Working Professional,Referral,Free,2024-02-01,No,28
U06065,39,Delhi,Working Professional,Google Ads,Free,2025-11-09,No,22
U06066,46,Delhi,Working Professional,Google Ads,Free,2024-10-08,Yes,99
U06067,41,Delhi,Working Professional,Instagram Ads,Premium,2024-01-30,Yes,56
U06068,37,Mumbai,Working Professional,Instagram Ads,Free,2025-11-11,Yes,82
U06069,46,Bangalore,Student,Influencer,Free,2025-01-27,No,14
U06070,41,Bangalore,Working Professional,Influencer,Free,2024-02-01,Yes,112
U06071,35,Delhi,Student,Instagram Ads,Premium,2025-11-26,No,14
U06072,48,Chennai,Student,Organic,Premium,2025-07-18,No,20
U06073,27,Mumbai,Student,Influencer,Free,2024-05-28,No,27
U06074,26,Delhi,Student,Google Ads,Premium,2024-03-16,No,22
U06075,42,Mumbai,Student,Instagram Ads,Premium,2025-02-10,No,13
U06076,25,Bangalore,Student,Referral,Free,2025-08-03,No,23
U06077,43,Mumbai,Student,Referral,Free,2024-09-30,Yes,57
U06078,47,Delhi,Working Professional,Organic,Free,2025-07-02,No,6
U06079,46,Delhi,Student,Instagram Ads,Free,2025-10-08,Yes,54
U06080,27,Pune,Working Professional,Google Ads,Free,2024-03-01,No,8
U06081,34,Chennai,Family,Organic,Free,2024-05-10,No,5
U06082,19,Mumbai,Working Professional,Google Ads,Free,2025-05-27,No,8
U06083,23,Mumbai,Student,Referral,Free,2024-02-29,Yes,96
U06084,43,Bangalore,Family,Google Ads,Free,2025-01-14,No,23
U06085,22,Hyderabad,Student,Referral,Premium,2024-12-12,No,9
U06086,45,Mumbai,Student,Influencer,Free,2025-03-17,Yes,110
U06087,47,Chennai,Family,Referral,Premium,2025-06-26,Yes,63
U06088,26,Bangalore,Family,Referral,Free,2025-02-02,Yes,73
U06089,22,Mumbai,Working Professional,Organic,Free,2024-01-07,No,8
U06090,35,Bangalore,Working Professional,Organic,Free,2025-01-25,No,1
U06091,43,Chennai,Working Professional,Instagram Ads,Free,2024-05-14,No,17
U06092,37,Hyderabad,Student,Instagram Ads,Free,2024-01-20,Yes,47
U06093,26,Delhi,Student,Referral,Premium,2024-11-22,No,6
U06094,34,Mumbai,Working Professional,Influencer,Free,2025-03-09,Yes,99
U06095,44,Mumbai,Family,Instagram Ads,Free,2025-10-15,Yes,113
U06096,34,Mumbai,Student,Referral,Premium,2025-01-08,No,26
U06097,29,Hyderabad,Working Professional,Organic,Premium,2024-05-22,No,17
U06098,24,Pune,Student,Instagram Ads,Free,2025-12-22,Yes,113
U06099,44,Hyderabad,Working Professional,Instagram Ads,Free,2025-01-28,No,12
U06100,20,Chennai,Working Professional,Referral,Premium,2025-04-27,No,21
U06101,27,Delhi,Working Professional,Referral,Premium,2025-09-28,No,16
U06102,19,Pune,Student,Google Ads,Free,2025-05-05,Yes,114
U06103,42,Hyderabad,Working Professional,Google Ads,Premium,2024-11-16,No,26
U06104,20,Mumbai,Working Professional,Influencer,Free,2025-02-15,Yes,52
U06105,33,Hyderabad,Student,Instagram Ads,Free,2024-12-19,No,17
U06106,19,Delhi,Student,Google Ads,Premium,2025-03-07,No,2
U06107,45,Hyderabad,Working Professional,Referral,Free,2024-01-03,Yes,103
U06108,41,Bangalore,Working Professional,Instagram Ads,Free,2024-05-10,No,14
U06109,27,Mumbai,Student,Google Ads,Free,2024-03-15,Yes,80
U06110,23,Bangalore,Working Professional,Influencer,Free,2024-11-19,No,24
U06111,39,Bangalore,Family,Influencer,Free,2025-04-22,No,6
U06112,43,Delhi,Student,Influencer,Free,2024-06-08,Yes,61
U06113,28,Delhi,Working Professional,Influencer,Free,2024-01-17,No,23
U06114,40,Mumbai,Student,Referral,Free,2025-01-29,Yes,79
U06115,24,Bangalore,Student,Influencer,Premium,2024-12-21,No,14
U06116,44,Pune,Student,Organic,Free,2024-02-01,No,22
U06117,46,Chennai,Working Professional,Influencer,Free,2025-04-27,Yes,67
U06118,32,Bangalore,Family,Google Ads,Premium,2024-06-03,No,8
U06119,23,Hyderabad,Student,Instagram Ads,Free,2025-09-15,Yes,84
U06120,37,Mumbai,Working Professional,Google Ads,Free,2025-09-01,Yes,32
U06121,44,Hyderabad,Working Professional,Instagram Ads,Premium,2025-08-26,Yes,54
U06122,26,Delhi,Student,Referral,Premium,2025-10-19,No,17
U06123,39,Mumbai,Working Professional,Instagram Ads,Premium,2025-05-29,No,7
U06124,37,Bangalore,Working Professional,Organic,Free,2024-12-07,No,3
U06125,29,Delhi,Family,Influencer,Free,2025-02-09,No,4
U06126,36,Hyderabad,Family,Google Ads,Free,2025-01-07,Yes,56
U06127,37,Pune,Student,Instagram Ads,Free,2024-10-12,No,14
U06128,20,Mumbai,Working Professional,Google Ads,Free,2025-07-13,No,20
U06129,32,Mumbai,Student,Influencer,Free,2025-07-30,No,28
U06130,19,Pune,Working Professional,Referral,Free,2024-08-08,No,13
U06131,47,Hyderabad,Family,Influencer,Free,2024-05-26,Yes,63
U06132,38,Mumbai,Student,Referral,Premium,2024-06-28,No,25
U06133,19,Mumbai,Working Professional,Google Ads,Premium,2025-05-24,No,17
U06134,39,Bangalore,Working Professional,Referral,Premium,2024-10-23,No,12
U06135,20,Bangalore,Working Professional,Referral,Premium,2024-12-14,No,7
U06136,23,Delhi,Student,Referral,Free,2025-05-05,Yes,39
U06137,32,Mumbai,Family,Referral,Free,2024-12-18,No,5
U06138,44,Pune,Working Professional,Referral,Free,2024-03-21,Yes,31
U06139,27,Hyderabad,Student,Instagram Ads,Premium,2025-12-05,No,20
U06140,26,Chennai,Student,Referral,Free,2025-03-09,No,1
U06141,18,Hyderabad,Working Professional,Referral,Free,2024-05-02,No,14
U06142,49,Chennai,Student,Influencer,Free,2024-10-15,Yes,111
U06143,33,Delhi,Student,Influencer,Premium,2025-04-14,No,9
U06144,23,Hyderabad,Working Professional,Influencer,Free,2025-05-24,No,21
U06145,26,Delhi,Working Professional,Referral,Premium,2025-08-16,No,27
U06146,44,Bangalore,Working Professional,Influencer,Free,2025-04-24,No,15
U06147,21,Mumbai,Working Professional,Instagram Ads,Free,2025-08-18,Yes,80
U06148,44,Mumbai,Working Professional,Google Ads,Free,2025-03-14,No,18
U06149,45,Pune,Family,Influencer,Free,2025-12-27,No,4
U06150,19,Pune,Student,Influencer,Premium,2024-06-22,Yes,45
U06151,46,Delhi,Working Professional,Instagram Ads,Premium,2024-12-11,No,13
U06152,21,Bangalore,Family,Organic,Free,2024-04-14,No,21
U06153,18,Mumbai,Working Professional,Organic,Free,2025-07-22,No,18
U06154,36,Mumbai,Working Professional,Instagram Ads,Premium,2025-11-11,No,20
U06155,43,Pune,Student,Influencer,Free,2025-08-09,Yes,44
U06156,42,Mumbai,Working Professional,Google Ads,Premium,2025-03-30,No,3
U06157,27,Chennai,Working Professional,Influencer,Premium,2024-10-20,Yes,111
U06158,38,Delhi,Working Professional,Instagram Ads,Premium,2025-01-27,No,7
U06159,32,Bangalore,Family,Instagram Ads,Free,2024-07-14,No,2
U06160,44,Bangalore,Student,Referral,Free,2025-02-25,Yes,62
U06161,39,Delhi,Student,Instagram Ads,Free,2025-04-21,No,5
U06162,36,Mumbai,Student,Referral,Premium,2024-08-05,Yes,78
U06163,33,Pune,Working Professional,Instagram Ads,Premium,2024-06-01,No,9
U06164,38,Hyderabad,Student,Referral,Free,2024-02-06,No,16
U06165,44,Mumbai,Working Professional,Referral,Premium,2025-11-20,No,28
U06166,41,Bangalore,Student,Influencer,Premium,2024-12-13,No,22
U06167,39,Delhi,Working Professional,Referral,Free,2025-12-12,No,28
U06168,21,Delhi,Student,Organic,Free,2024-06-18,Yes,30
U06169,19,Mumbai,Family,Instagram Ads,Free,2024-11-05,Yes,33
U06170,47,Delhi,Working Professional,Google Ads,Premium,2025-09-28,No,3
U06171,42,Pune,Family,Instagram Ads,Free,2025-11-05,Yes,53
U06172,30,Hyderabad,Working Professional,Influencer,Free,2024-12-19,Yes,58
U06173,45,Chennai,Student,Influencer,Free,2024-09-06,No,16
U06174,18,Hyderabad,Student,Referral,Premium,2025-01-13,No,4
U06175,34,Chennai,Family,Influencer,Free,2024-05-24,Yes,114
U06176,30,Bangalore,Working Professional,Influencer,Free,2025-09-16,No,21
U06177,21,Bangalore,Student,Instagram Ads,Premium,2025-05-03,No,4
U06178,24,Chennai,Working Professional,Organic,Free,2024-04-01,Yes,87
U06179,34,Bangalore,Working Professional,Organic,Free,2024-06-29,Yes,109
U06180,26,Delhi,Student,Referral,Free,2024-05-07,No,2
U06181,21,Hyderabad,Student,Influencer,Premium,2024-10-04,No,22
U06182,36,Chennai,Family,Influencer,Premium,2025-03-17,No,27
U06183,18,Hyderabad,Student,Organic,Free,2025-11-11,Yes,36
U06184,27,Bangalore,Student,Referral,Free,2024-09-15,Yes,54
U06185,21,Bangalore,Student,Influencer,Free,2024-12-13,No,7
U06186,26,Chennai,Student,Referral,Free,2025-07-28,Yes,119
U06187,30,Delhi,Working Professional,Instagram Ads,Free,2025-04-28,No,6
U06188,31,Bangalore,Student,Influencer,Free,2024-10-28,No,12
U06189,27,Mumbai,Student,Influencer,Premium,2024-07-30,No,8
U06190,49,Bangalore,Family,Influencer,Free,2025-05-02,No,10
U06191,49,Bangalore,Student,Organic,Free,2025-04-28,Yes,102
U06192,23,Delhi,Working Professional,Organic,Premium,2025-10-09,No,10
U06193,33,Delhi,Working Professional,Influencer,Premium,2025-07-04,No,7
U06194,23,Bangalore,Working Professional,Influencer,Premium,2025-04-07,No,19
U06195,34,Delhi,Family,Instagram Ads,Free,2024-12-15,No,3
U06196,27,Delhi,Student,Instagram Ads,Free,2024-10-29,No,12
U06197,35,Pune,Family,Referral,Free,2025-02-21,No,19
U06198,44,Mumbai,Working Professional,Referral,Free,2024-03-08,Yes,69
U06199,39,Mumbai,Working Professional,Organic,Free,2024-02-26,No,21
U06200,35,Chennai,Student,Google Ads,Free,2025-04-14,No,6
U06201,20,Delhi,Student,Instagram Ads,Free,2024-06-01,Yes,61
U06202,37,Mumbai,Working Professional,Referral,Premium,2024-07-19,No,15
U06203,44,Bangalore,Family,Instagram Ads,Free,2025-08-21,No,21
U06204,38,Hyderabad,Working Professional,Instagram Ads,Free,2024-02-08,No,19
U06205,48,Chennai,Student,Google Ads,Premium,2025-05-26,No,11
U06206,42,Chennai,Student,Instagram Ads,Premium,2024-09-04,No,8
U06207,45,Hyderabad,Working Professional,Google Ads,Free,2024-04-23,No,10
U06208,32,Delhi,Working Professional,Google Ads,Premium,2025-01-12,No,22
U06209,32,Delhi,Student,Instagram Ads,Free,2025-12-16,Yes,70
U06210,21,Mumbai,Student,Instagram Ads,Free,2025-12-18,Yes,114
U06211,46,Delhi,Working Professional,Referral,Premium,2024-05-14,No,14
U06212,44,Hyderabad,Working Professional,Instagram Ads,Free,2024-05-02,No,15
U06213,26,Bangalore,Working Professional,Instagram Ads,Free,2025-08-17,No,12
U06214,44,Delhi,Family,Instagram Ads,Premium,2024-07-31,No,17
U06215,43,Pune,Working Professional,Referral,Free,2025-05-16,Yes,46
U06216,36,Delhi,Student,Google Ads,Free,2024-06-23,No,12
U06217,41,Mumbai,Working Professional,Referral,Premium,2024-10-01,Yes,79
U06218,45,Bangalore,Family,Instagram Ads,Premium,2024-08-23,No,8
U06219,34,Mumbai,Family,Influencer,Free,2025-06-29,No,27
U06220,28,Mumbai,Family,Instagram Ads,Free,2024-06-19,No,16
U06221,42,Delhi,Student,Referral,Free,2025-10-14,Yes,103
U06222,26,Mumbai,Working Professional,Referral,Premium,2025-02-23,Yes,80
U06223,27,Hyderabad,Family,Organic,Free,2025-06-20,Yes,62
U06224,35,Chennai,Working Professional,Influencer,Premium,2024-04-06,No,10
U06225,37,Mumbai,Student,Referral,Free,2024-01-21,No,21
U06226,30,Mumbai,Family,Google Ads,Free,2024-10-16,No,11
U06227,25,Hyderabad,Working Professional,Instagram Ads,Free,2025-09-13,Yes,101
U06228,24,Chennai,Student,Google Ads,Premium,2024-03-22,No,28
U06229,34,Delhi,Student,Referral,Free,2024-04-16,Yes,103
U06230,38,Mumbai,Working Professional,Referral,Premium,2025-11-19,No,13
U06231,40,Hyderabad,Working Professional,Google Ads,Premium,2024-10-12,Yes,91
U06232,32,Bangalore,Student,Google Ads,Free,2025-09-12,Yes,80
U06233,49,Delhi,Working Professional,Organic,Free,2025-07-03,Yes,107
U06234,37,Bangalore,Working Professional,Instagram Ads,Free,2024-11-26,Yes,99
U06235,32,Delhi,Working Professional,Google Ads,Free,2025-12-28,No,25
U06236,49,Bangalore,Student,Instagram Ads,Free,2024-05-11,No,25
U06237,48,Bangalore,Working Professional,Influencer,Free,2024-12-04,Yes,67
U06238,18,Pune,Student,Referral,Free,2024-08-08,Yes,44
U06239,42,Mumbai,Student,Google Ads,Free,2024-03-17,Yes,65
U06240,31,Delhi,Working Professional,Influencer,Free,2025-12-27,No,27
U06241,22,Delhi,Family,Referral,Free,2025-08-27,No,18
U06242,28,Pune,Working Professional,Organic,Free,2025-10-12,No,9
U06243,33,Delhi,Student,Referral,Free,2025-08-14,No,21
U06244,19,Mumbai,Working Professional,Google Ads,Premium,2024-02-19,No,13
U06245,25,Delhi,Working Professional,Influencer,Premium,2024-12-08,No,23
U06246,28,Hyderabad,Family,Influencer,Free,2024-11-27,No,19
U06247,46,Mumbai,Family,Influencer,Free,2024-10-20,Yes,113
U06248,35,Mumbai,Student,Referral,Free,2024-05-31,Yes,42
U06249,20,Mumbai,Student,Instagram Ads,Premium,2024-04-04,No,23
U06250,47,Pune,Student,Instagram Ads,Free,2025-11-08,No,8
U06251,43,Bangalore,Working Professional,Referral,Premium,2025-01-15,No,18
U06252,18,Hyderabad,Student,Google Ads,Free,2025-03-15,Yes,49
U06253,28,Pune,Student,Referral,Premium,2024-11-16,No,17
U06254,33,Chennai,Working Professional,Instagram Ads,Free,2024-03-30,No,10
U06255,35,Mumbai,Student,Referral,Free,2025-06-12,No,22
U06256,47,Chennai,Student,Influencer,Free,2024-10-09,Yes,73
U06257,33,Delhi,Working Professional,Google Ads,Free,2024-12-10,No,26
U06258,40,Mumbai,Student,Google Ads,Free,2024-08-20,No,10
U06259,27,Pune,Working Professional,Organic,Free,2024-12-17,Yes,104
U06260,35,Delhi,Family,Referral,Free,2025-12-16,No,4
U06261,23,Delhi,Student,Influencer,Free,2025-03-08,Yes,113
U06262,48,Mumbai,Working Professional,Referral,Free,2024-11-09,No,2
U06263,36,Bangalore,Family,Organic,Free,2025-01-14,Yes,47
U06264,21,Mumbai,Family,Organic,Premium,2024-09-13,No,8
U06265,44,Hyderabad,Working Professional,Referral,Free,2025-01-31,No,23
U06266,48,Pune,Working Professional,Referral,Free,2024-09-13,No,26
U06267,30,Bangalore,Student,Referral,Free,2024-06-07,No,22
U06268,41,Delhi,Working Professional,Instagram Ads,Free,2024-07-21,Yes,119
U06269,31,Chennai,Family,Organic,Premium,2025-02-16,Yes,97
U06270,20,Delhi,Working Professional,Google Ads,Free,2025-11-18,No,18
U06271,27,Delhi,Working Professional,Instagram Ads,Free,2024-03-22,No,8
U06272,23,Delhi,Student,Influencer,Free,2025-03-21,No,10
U06273,18,Bangalore,Working Professional,Google Ads,Free,2024-01-25,No,4
U06274,40,Delhi,Working Professional,Google Ads,Premium,2024-01-18,No,11
U06275,41,Delhi,Working Professional,Google Ads,Free,2025-05-11,Yes,63
U06276,44,Mumbai,Student,Organic,Free,2024-04-25,No,23
U06277,31,Mumbai,Working Professional,Influencer,Premium,2024-05-28,No,28
U06278,25,Bangalore,Working Professional,Instagram Ads,Free,2024-11-21,No,16
U06279,36,Pune,Student,Influencer,Free,2024-01-21,Yes,101
U06280,31,Hyderabad,Student,Instagram Ads,Free,2025-08-28,Yes,116
U06281,27,Delhi,Student,Organic,Premium,2024-05-27,No,8
U06282,34,Delhi,Working Professional,Influencer,Free,2025-09-29,Yes,98
U06283,26,Chennai,Working Professional,Google Ads,Premium,2025-09-24,Yes,94
U06284,46,Delhi,Family,Influencer,Free,2025-10-01,Yes,114
U06285,23,Pune,Student,Organic,Free,2025-03-21,Yes,73
U06286,28,Delhi,Family,Organic,Free,2024-10-13,No,17
U06287,42,Chennai,Working Professional,Organic,Free,2025-10-26,No,25
U06288,24,Mumbai,Working Professional,Instagram Ads,Free,2024-11-20,No,18
U06289,34,Mumbai,Student,Influencer,Free,2024-07-18,No,2
U06290,45,Hyderabad,Student,Google Ads,Free,2024-05-27,Yes,90
U06291,45,Bangalore,Family,Google Ads,Free,2025-01-01,Yes,42
U06292,18,Mumbai,Student,Referral,Free,2024-08-08,Yes,57
U06293,39,Bangalore,Student,Organic,Free,2024-08-15,Yes,59
U06294,22,Hyderabad,Student,Google Ads,Free,2024-11-01,No,15
U06295,26,Delhi,Family,Organic,Free,2024-06-27,Yes,31
U06296,35,Delhi,Student,Google Ads,Free,2025-04-20,No,24
U06297,41,Mumbai,Student,Influencer,Free,2025-02-20,Yes,112
U06298,44,Delhi,Working Professional,Referral,Free,2025-09-01,Yes,50
U06299,38,Bangalore,Working Professional,Organic,Free,2025-09-19,Yes,119
U06300,19,Delhi,Working Professional,Instagram Ads,Premium,2024-05-02,No,15
U06301,46,Mumbai,Working Professional,Instagram Ads,Free,2024-10-11,No,13
U06302,43,Delhi,Family,Google Ads,Free,2025-12-07,No,17
U06303,28,Bangalore,Family,Influencer,Free,2025-12-27,Yes,54
U06304,44,Delhi,Working Professional,Organic,Free,2024-01-03,No,12
U06305,45,Delhi,Student,Referral,Free,2024-09-18,Yes,49
U06306,23,Delhi,Working Professional,Influencer,Free,2025-11-10,No,28
U06307,43,Chennai,Student,Google Ads,Free,2025-04-15,No,10
U06308,25,Delhi,Student,Influencer,Premium,2024-11-27,No,10
U06309,21,Hyderabad,Family,Referral,Free,2024-09-17,Yes,111
U06310,35,Delhi,Family,Influencer,Free,2024-01-03,No,13
U06311,45,Delhi,Working Professional,Organic,Free,2025-03-22,Yes,63
U06312,28,Bangalore,Family,Google Ads,Free,2024-08-03,No,28
U06313,22,Mumbai,Family,Referral,Free,2025-04-23,No,7
U06314,32,Chennai,Working Professional,Google Ads,Free,2025-07-22,Yes,84
U06315,45,Chennai,Working Professional,Organic,Free,2025-11-12,No,9
U06316,35,Hyderabad,Working Professional,Referral,Free,2025-08-17,No,4
U06317,19,Bangalore,Student,Referral,Free,2025-03-15,Yes,76
U06318,48,Mumbai,Student,Google Ads,Free,2024-07-18,Yes,78
U06319,39,Mumbai,Working Professional,Influencer,Free,2025-10-29,No,24
U06320,49,Chennai,Student,Influencer,Free,2024-10-05,Yes,59
U06321,28,Bangalore,Student,Instagram Ads,Free,2024-05-14,Yes,112
U06322,43,Bangalore,Student,Instagram Ads,Free,2024-10-20,Yes,114
U06323,42,Delhi,Working Professional,Referral,Premium,2024-07-23,No,26
U06324,30,Delhi,Family,Google Ads,Free,2025-11-27,Yes,107
U06325,21,Chennai,Working Professional,Referral,Free,2024-03-25,Yes,60
U06326,39,Mumbai,Working Professional,Google Ads,Free,2024-10-19,Yes,50
U06327,49,Mumbai,Family,Organic,Premium,2025-01-24,No,6
U06328,24,Delhi,Family,Instagram Ads,Free,2024-05-17,No,23
U06329,46,Pune,Working Professional,Referral,Premium,2025-02-14,No,12
U06330,28,Delhi,Family,Organic,Free,2025-05-23,No,19
U06331,39,Pune,Working Professional,Influencer,Free,2024-08-05,No,21
U06332,41,Delhi,Student,Instagram Ads,Premium,2025-09-09,No,4
U06333,21,Pune,Student,Google Ads,Premium,2024-02-26,No,11
U06334,45,Hyderabad,Working Professional,Influencer,Free,2024-04-01,No,5
U06335,32,Delhi,Working Professional,Influencer,Free,2025-01-04,No,20
U06336,18,Bangalore,Working Professional,Organic,Free,2025-07-24,No,27
U06337,40,Mumbai,Working Professional,Referral,Free,2025-02-15,No,6
U06338,20,Delhi,Student,Referral,Free,2024-07-11,Yes,41
U06339,31,Pune,Student,Organic,Free,2024-04-26,Yes,70
U06340,23,Mumbai,Working Professional,Influencer,Free,2025-12-07,Yes,87
U06341,35,Mumbai,Student,Instagram Ads,Free,2025-10-31,Yes,89
U06342,42,Delhi,Working Professional,Influencer,Premium,2024-10-01,No,24
U06343,18,Mumbai,Working Professional,Organic,Free,2024-12-18,Yes,42
U06344,23,Pune,Working Professional,Influencer,Premium,2025-03-21,No,22
U06345,23,Mumbai,Student,Influencer,Free,2024-02-05,No,23
U06346,38,Chennai,Working Professional,Influencer,Free,2025-09-15,Yes,56
U06347,33,Chennai,Family,Influencer,Premium,2024-07-15,No,4
U06348,46,Delhi,Family,Instagram Ads,Free,2024-10-16,No,16
U06349,22,Delhi,Family,Google Ads,Free,2025-11-25,No,4
U06350,34,Pune,Working Professional,Google Ads,Premium,2025-04-30,No,28
U06351,27,Mumbai,Student,Referral,Free,2025-02-14,No,28
U06352,45,Delhi,Working Professional,Google Ads,Free,2025-02-26,No,9
U06353,38,Delhi,Family,Google Ads,Premium,2024-08-26,No,22
U06354,35,Bangalore,Student,Google Ads,Premium,2024-10-24,No,8
U06355,24,Hyderabad,Student,Influencer,Premium,2024-02-11,Yes,30
U06356,20,Delhi,Student,Influencer,Free,2024-03-28,Yes,112
U06357,30,Delhi,Working Professional,Instagram Ads,Premium,2024-06-24,No,18
U06358,32,Chennai,Working Professional,Influencer,Premium,2024-10-04,No,21
U06359,37,Hyderabad,Student,Influencer,Free,2024-12-08,No,9
U06360,36,Bangalore,Family,Google Ads,Premium,2024-10-23,No,26
U06361,20,Hyderabad,Working Professional,Instagram Ads,Free,2024-10-06,Yes,119
U06362,21,Mumbai,Student,Instagram Ads,Premium,2025-02-27,No,27
U06363,22,Hyderabad,Student,Google Ads,Premium,2025-02-19,Yes,35
U06364,18,Mumbai,Student,Google Ads,Free,2024-02-02,No,11
U06365,21,Delhi,Working Professional,Instagram Ads,Premium,2024-01-28,No,25
U06366,29,Hyderabad,Student,Organic,Premium,2024-07-27,Yes,92
U06367,45,Mumbai,Working Professional,Google Ads,Free,2025-08-24,No,2
U06368,44,Chennai,Working Professional,Google Ads,Premium,2025-08-16,No,27
U06369,41,Mumbai,Working Professional,Instagram Ads,Free,2024-09-04,Yes,64
U06370,27,Chennai,Student,Organic,Premium,2025-01-12,Yes,118
U06371,40,Chennai,Working Professional,Organic,Free,2024-12-23,No,15
U06372,42,Delhi,Family,Referral,Premium,2025-12-03,No,18
U06373,38,Hyderabad,Student,Organic,Free,2024-01-18,No,5
U06374,46,Mumbai,Student,Google Ads,Free,2024-07-31,No,12
U06375,48,Chennai,Working Professional,Influencer,Free,2025-12-23,Yes,74
U06376,43,Mumbai,Working Professional,Instagram Ads,Free,2025-05-28,No,6
U06377,37,Hyderabad,Student,Google Ads,Free,2024-04-03,No,24
U06378,41,Mumbai,Working Professional,Instagram Ads,Free,2024-01-17,Yes,63
U06379,42,Delhi,Working Professional,Organic,Free,2024-08-26,No,25
U06380,30,Delhi,Family,Instagram Ads,Free,2025-06-11,Yes,101
U06381,40,Mumbai,Student,Google Ads,Free,2025-10-28,No,15
U06382,31,Hyderabad,Working Professional,Influencer,Free,2024-06-25,No,11
U06383,49,Bangalore,Student,Google Ads,Free,2024-05-10,No,23
U06384,40,Hyderabad,Working Professional,Referral,Premium,2024-10-24,No,4
U06385,49,Mumbai,Working Professional,Instagram Ads,Free,2024-03-03,No,8
U06386,22,Mumbai,Working Professional,Google Ads,Free,2024-05-09,Yes,50
U06387,21,Delhi,Family,Organic,Premium,2024-12-28,No,27
U06388,31,Pune,Student,Organic,Free,2025-09-07,No,13
U06389,27,Chennai,Working Professional,Google Ads,Free,2024-09-26,No,21
U06390,34,Mumbai,Student,Referral,Free,2024-09-24,Yes,42
U06391,27,Delhi,Working Professional,Instagram Ads,Premium,2025-05-14,No,1
U06392,43,Delhi,Student,Referral,Premium,2025-06-23,No,25
U06393,24,Bangalore,Family,Influencer,Premium,2025-05-01,No,16
U06394,33,Bangalore,Family,Google Ads,Premium,2024-08-04,No,11
U06395,18,Hyderabad,Family,Referral,Free,2024-12-22,Yes,48
U06396,34,Delhi,Student,Influencer,Free,2025-10-07,Yes,69
U06397,38,Hyderabad,Working Professional,Referral,Free,2024-10-12,No,24
U06398,46,Hyderabad,Student,Influencer,Premium,2025-04-23,No,9
U06399,26,Mumbai,Family,Organic,Premium,2025-06-29,No,4
U06400,23,Bangalore,Working Professional,Organic,Free,2025-12-23,No,7
U06401,36,Delhi,Working Professional,Google Ads,Free,2025-11-28,No,28
U06402,30,Mumbai,Working Professional,Referral,Free,2025-02-15,No,28
U06403,20,Pune,Student,Organic,Free,2024-11-26,Yes,93
U06404,24,Mumbai,Working Professional,Instagram Ads,Free,2025-11-23,No,7
U06405,39,Pune,Student,Organic,Premium,2025-03-24,No,13
U06406,26,Bangalore,Family,Organic,Free,2025-11-27,Yes,119
U06407,39,Delhi,Family,Referral,Premium,2024-01-27,No,7
U06408,22,Bangalore,Working Professional,Influencer,Free,2024-04-21,Yes,52
U06409,27,Bangalore,Family,Instagram Ads,Free,2025-05-06,Yes,102
U06410,40,Mumbai,Student,Instagram Ads,Free,2024-05-16,No,28
U06411,34,Delhi,Family,Influencer,Premium,2025-06-21,No,7
U06412,29,Mumbai,Student,Referral,Free,2024-09-18,No,13
U06413,40,Delhi,Working Professional,Organic,Premium,2025-10-08,No,4
U06414,33,Delhi,Working Professional,Influencer,Premium,2025-11-19,No,12
U06415,20,Mumbai,Student,Instagram Ads,Free,2025-06-05,No,8
U06416,47,Mumbai,Working Professional,Instagram Ads,Free,2024-10-25,No,16
U06417,42,Chennai,Student,Organic,Free,2024-04-19,Yes,53
U06418,48,Mumbai,Family,Organic,Free,2025-03-08,Yes,103
U06419,39,Hyderabad,Student,Google Ads,Premium,2025-04-23,No,21
U06420,26,Bangalore,Working Professional,Influencer,Premium,2025-09-15,No,15
U06421,46,Hyderabad,Working Professional,Organic,Premium,2025-09-04,No,26
U06422,32,Delhi,Student,Google Ads,Free,2024-09-23,No,12
U06423,22,Chennai,Working Professional,Referral,Free,2025-10-29,Yes,80
U06424,40,Bangalore,Working Professional,Instagram Ads,Free,2024-07-31,No,2
U06425,30,Pune,Student,Influencer,Free,2024-11-04,Yes,60
U06426,49,Mumbai,Working Professional,Referral,Free,2024-02-23,Yes,59
U06427,31,Delhi,Student,Influencer,Free,2025-10-26,Yes,63
U06428,37,Bangalore,Student,Influencer,Premium,2025-01-29,Yes,48
U06429,32,Delhi,Working Professional,Organic,Free,2025-05-26,No,24
U06430,33,Mumbai,Working Professional,Google Ads,Free,2024-11-20,No,22
U06431,40,Delhi,Family,Influencer,Free,2024-04-05,Yes,35
U06432,30,Bangalore,Family,Referral,Premium,2024-06-22,No,16
U06433,34,Chennai,Working Professional,Influencer,Premium,2024-12-09,No,1
U06434,40,Mumbai,Working Professional,Google Ads,Free,2024-07-23,No,19
U06435,25,Pune,Student,Instagram Ads,Premium,2024-02-24,No,4
U06436,38,Bangalore,Student,Influencer,Free,2025-12-10,No,10
U06437,19,Mumbai,Working Professional,Referral,Premium,2024-08-13,No,10
U06438,22,Chennai,Family,Instagram Ads,Free,2024-11-02,No,24
U06439,23,Pune,Student,Instagram Ads,Free,2024-10-07,No,7
U06440,29,Hyderabad,Student,Organic,Free,2025-09-08,Yes,91
U06441,35,Mumbai,Working Professional,Organic,Free,2025-11-20,No,26
U06442,47,Bangalore,Student,Influencer,Free,2024-10-28,Yes,117
U06443,39,Delhi,Working Professional,Referral,Free,2024-07-23,No,12
U06444,39,Mumbai,Working Professional,Organic,Free,2024-08-07,No,10
U06445,18,Mumbai,Working Professional,Google Ads,Premium,2025-03-03,No,25
U06446,47,Pune,Student,Google Ads,Premium,2024-05-20,No,12
U06447,34,Pune,Family,Instagram Ads,Premium,2025-03-30,No,13
U06448,47,Mumbai,Student,Instagram Ads,Premium,2024-05-24,No,15
U06449,28,Delhi,Family,Instagram Ads,Free,2025-06-09,Yes,73
U06450,49,Pune,Working Professional,Google Ads,Free,2024-06-06,Yes,55
U06451,27,Delhi,Family,Organic,Free,2024-04-14,No,13
U06452,36,Bangalore,Working Professional,Organic,Premium,2024-10-15,No,19
U06453,31,Delhi,Student,Influencer,Free,2025-09-23,No,16
U06454,43,Mumbai,Family,Referral,Free,2025-11-24,No,11
U06455,27,Chennai,Working Professional,Google Ads,Free,2024-07-03,Yes,103
U06456,32,Delhi,Student,Instagram Ads,Free,2024-08-04,No,18
U06457,45,Mumbai,Student,Referral,Free,2024-01-31,No,7
U06458,36,Mumbai,Working Professional,Instagram Ads,Free,2024-10-05,Yes,40
U06459,21,Chennai,Working Professional,Referral,Free,2025-04-19,No,18
U06460,19,Pune,Working Professional,Referral,Free,2024-08-12,No,12
U06461,26,Delhi,Working Professional,Organic,Free,2025-11-17,Yes,77
U06462,27,Delhi,Working Professional,Influencer,Premium,2024-06-25,Yes,35
U06463,45,Bangalore,Working Professional,Influencer,Free,2024-03-24,Yes,83
U06464,28,Mumbai,Working Professional,Instagram Ads,Free,2025-07-21,No,24
U06465,31,Bangalore,Student,Google Ads,Premium,2024-04-01,No,27
U06466,24,Delhi,Family,Influencer,Premium,2024-01-08,No,28
U06467,40,Delhi,Student,Google Ads,Free,2025-10-23,Yes,111
U06468,32,Hyderabad,Working Professional,Instagram Ads,Free,2025-07-27,No,4
U06469,39,Delhi,Working Professional,Google Ads,Free,2024-02-23,No,28
U06470,48,Pune,Working Professional,Referral,Premium,2024-06-11,No,28
U06471,36,Delhi,Student,Referral,Free,2025-09-22,No,20
U06472,39,Delhi,Student,Instagram Ads,Free,2025-04-23,Yes,44
U06473,32,Chennai,Working Professional,Google Ads,Free,2024-04-17,Yes,32
U06474,47,Mumbai,Family,Google Ads,Free,2024-09-27,No,3
U06475,45,Hyderabad,Working Professional,Instagram Ads,Free,2025-09-17,No,19
U06476,41,Delhi,Working Professional,Influencer,Premium,2024-08-24,No,21
U06477,25,Bangalore,Student,Organic,Premium,2024-09-17,No,8
U06478,28,Hyderabad,Student,Influencer,Premium,2025-06-12,No,21
U06479,46,Mumbai,Student,Organic,Free,2025-08-26,Yes,100
U06480,26,Pune,Student,Google Ads,Free,2025-09-20,Yes,84
U06481,32,Bangalore,Working Professional,Organic,Free,2025-01-21,No,1
U06482,18,Mumbai,Student,Organic,Free,2025-02-06,No,6
U06483,47,Bangalore,Student,Google Ads,Free,2024-12-23,Yes,54
U06484,18,Bangalore,Working Professional,Referral,Premium,2024-08-06,No,18
U06485,36,Delhi,Family,Organic,Premium,2025-04-09,No,9
U06486,20,Mumbai,Family,Instagram Ads,Free,2025-02-24,No,23
U06487,27,Mumbai,Working Professional,Influencer,Free,2024-05-28,No,23
U06488,25,Mumbai,Student,Google Ads,Free,2024-12-22,No,20
U06489,32,Hyderabad,Working Professional,Google Ads,Premium,2024-02-20,Yes,114
U06490,27,Mumbai,Student,Organic,Free,2024-02-23,Yes,81
U06491,18,Chennai,Working Professional,Referral,Free,2024-05-18,Yes,113
U06492,46,Mumbai,Working Professional,Referral,Free,2025-10-31,Yes,103
U06493,35,Mumbai,Working Professional,Influencer,Free,2024-04-22,No,6
U06494,19,Hyderabad,Family,Influencer,Free,2025-03-02,No,14
U06495,36,Bangalore,Working Professional,Referral,Free,2025-05-12,No,22
U06496,30,Bangalore,Working Professional,Referral,Free,2024-10-18,Yes,74
U06497,39,Delhi,Student,Referral,Free,2024-12-11,Yes,48
U06498,18,Mumbai,Family,Organic,Premium,2025-05-25,No,10
U06499,19,Delhi,Student,Instagram Ads,Free,2025-03-16,Yes,71
U06500,46,Chennai,Family,Influencer,Free,2025-09-23,No,5
U06501,33,Mumbai,Student,Google Ads,Premium,2025-08-25,Yes,94
U06502,32,Pune,Student,Referral,Free,2025-12-22,No,20
U06503,30,Bangalore,Family,Referral,Free,2025-04-25,No,27
U06504,33,Mumbai,Student,Instagram Ads,Premium,2024-08-15,No,16
U06505,34,Bangalore,Family,Referral,Free,2025-09-01,Yes,67
U06506,38,Pune,Student,Influencer,Premium,2024-03-30,Yes,40
U06507,49,Pune,Family,Referral,Free,2025-06-19,No,8
U06508,46,Delhi,Working Professional,Instagram Ads,Free,2025-01-30,No,11
U06509,46,Mumbai,Working Professional,Organic,Free,2024-03-15,No,3
U06510,24,Mumbai,Working Professional,Influencer,Free,2025-10-22,Yes,119
U06511,49,Delhi,Student,Organic,Free,2024-12-01,Yes,103
U06512,41,Bangalore,Family,Google Ads,Free,2024-06-12,No,1
U06513,43,Pune,Student,Instagram Ads,Free,2025-06-02,No,20
U06514,34,Mumbai,Working Professional,Google Ads,Free,2025-07-18,No,10
U06515,24,Hyderabad,Working Professional,Google Ads,Premium,2024-06-04,No,18
U06516,30,Bangalore,Working Professional,Google Ads,Free,2025-05-17,Yes,52
U06517,22,Mumbai,Student,Google Ads,Premium,2024-11-29,Yes,51
U06518,43,Delhi,Student,Instagram Ads,Premium,2025-05-05,No,16
U06519,34,Hyderabad,Student,Organic,Premium,2025-08-29,No,3
U06520,20,Pune,Family,Referral,Premium,2024-11-23,No,7
U06521,24,Hyderabad,Student,Google Ads,Free,2024-01-01,No,6
U06522,43,Delhi,Family,Referral,Free,2024-12-25,Yes,51
U06523,34,Delhi,Student,Referral,Free,2025-09-18,No,5
U06524,24,Delhi,Student,Google Ads,Free,2024-12-02,No,9
U06525,38,Bangalore,Working Professional,Influencer,Free,2025-07-06,No,4
U06526,18,Hyderabad,Student,Referral,Free,2024-07-05,Yes,30
U06527,34,Delhi,Working Professional,Influencer,Free,2024-09-25,Yes,63
U06528,47,Pune,Family,Organic,Premium,2025-03-06,No,3
U06529,34,Bangalore,Student,Referral,Free,2025-06-22,No,23
U06530,28,Hyderabad,Working Professional,Instagram Ads,Free,2024-05-02,No,7
U06531,42,Chennai,Working Professional,Organic,Free,2025-07-05,Yes,74
U06532,44,Delhi,Student,Organic,Free,2024-08-06,Yes,41
U06533,46,Chennai,Student,Influencer,Free,2025-02-19,Yes,66
U06534,20,Delhi,Family,Google Ads,Free,2024-07-04,No,13
U06535,32,Mumbai,Student,Instagram Ads,Free,2025-08-10,Yes,57
U06536,46,Pune,Family,Instagram Ads,Free,2025-07-17,No,1
U06537,38,Chennai,Working Professional,Influencer,Free,2024-07-23,No,2
U06538,28,Bangalore,Student,Influencer,Free,2024-12-01,No,27
U06539,49,Bangalore,Working Professional,Organic,Free,2025-01-24,No,18
U06540,43,Hyderabad,Family,Influencer,Premium,2024-10-30,No,24
U06541,45,Pune,Working Professional,Google Ads,Free,2025-11-09,No,27
U06542,33,Delhi,Working Professional,Organic,Free,2025-05-26,No,19
U06543,42,Pune,Family,Organic,Free,2024-08-13,Yes,102
U06544,39,Mumbai,Student,Organic,Free,2025-05-27,Yes,66
U06545,45,Mumbai,Family,Instagram Ads,Free,2024-01-29,No,22
U06546,26,Mumbai,Family,Instagram Ads,Free,2025-08-26,No,2
U06547,41,Bangalore,Working Professional,Organic,Free,2025-09-06,Yes,112
U06548,41,Chennai,Family,Google Ads,Free,2025-05-26,No,25
U06549,18,Bangalore,Working Professional,Referral,Free,2025-09-26,No,16
U06550,46,Chennai,Working Professional,Organic,Premium,2025-09-05,No,25
U06551,42,Delhi,Working Professional,Influencer,Free,2024-12-19,No,23
U06552,39,Hyderabad,Working Professional,Referral,Free,2025-12-25,No,4
U06553,33,Pune,Working Professional,Instagram Ads,Premium,2025-04-16,No,17
U06554,26,Bangalore,Student,Instagram Ads,Free,2025-11-19,Yes,85
U06555,36,Bangalore,Working Professional,Referral,Free,2024-11-10,Yes,55
U06556,29,Bangalore,Student,Influencer,Premium,2025-07-10,No,9
U06557,36,Pune,Student,Instagram Ads,Free,2024-10-05,Yes,49
U06558,39,Pune,Student,Instagram Ads,Premium,2024-10-14,No,18
U06559,26,Delhi,Family,Organic,Premium,2025-01-01,No,7
U06560,24,Pune,Working Professional,Google Ads,Free,2024-11-26,No,26
U06561,31,Mumbai,Working Professional,Influencer,Free,2025-01-31,No,13
U06562,46,Delhi,Student,Organic,Premium,2025-01-19,No,1
U06563,36,Pune,Working Professional,Google Ads,Free,2025-07-31,No,21
U06564,36,Mumbai,Student,Instagram Ads,Premium,2025-05-25,No,8
U06565,19,Pune,Student,Google Ads,Premium,2025-07-11,No,9
U06566,26,Delhi,Working Professional,Instagram Ads,Premium,2024-01-30,No,26
U06567,30,Delhi,Working Professional,Organic,Premium,2024-07-15,No,19
U06568,32,Mumbai,Student,Instagram Ads,Free,2024-09-19,No,24
U06569,20,Delhi,Working Professional,Google Ads,Free,2025-02-11,Yes,85
U06570,28,Hyderabad,Family,Organic,Premium,2024-04-04,No,3
U06571,38,Delhi,Student,Google Ads,Free,2024-02-12,Yes,61
U06572,31,Mumbai,Student,Google Ads,Free,2024-02-05,No,27
U06573,47,Delhi,Working Professional,Referral,Free,2025-04-02,Yes,34
U06574,42,Mumbai,Student,Instagram Ads,Free,2024-05-08,No,23
U06575,25,Hyderabad,Family,Instagram Ads,Free,2025-06-02,Yes,115
U06576,35,Delhi,Working Professional,Google Ads,Premium,2024-02-13,No,14
U06577,36,Bangalore,Working Professional,Instagram Ads,Free,2024-03-01,Yes,108
U06578,49,Chennai,Working Professional,Influencer,Premium,2025-06-21,No,28
U06579,33,Bangalore,Working Professional,Instagram Ads,Premium,2024-12-28,No,22
U06580,19,Pune,Student,Organic,Free,2024-04-30,Yes,41
U06581,49,Delhi,Family,Instagram Ads,Free,2025-05-11,No,2
U06582,25,Delhi,Working Professional,Influencer,Free,2024-06-06,No,25
U06583,39,Pune,Student,Google Ads,Free,2024-09-13,No,23
U06584,23,Hyderabad,Working Professional,Instagram Ads,Free,2025-07-28,Yes,55
U06585,29,Bangalore,Student,Organic,Free,2024-09-27,Yes,89
U06586,32,Bangalore,Student,Influencer,Free,2024-11-06,Yes,103
U06587,42,Mumbai,Working Professional,Referral,Free,2024-11-08,Yes,90
U06588,25,Delhi,Working Professional,Google Ads,Free,2024-04-26,No,10
U06589,21,Hyderabad,Working Professional,Google Ads,Free,2024-12-10,Yes,34
U06590,32,Bangalore,Student,Google Ads,Premium,2024-06-26,No,8
U06591,45,Mumbai,Working Professional,Influencer,Free,2024-04-26,Yes,51
U06592,37,Pune,Student,Instagram Ads,Premium,2025-11-06,No,28
U06593,42,Mumbai,Working Professional,Instagram Ads,Free,2024-06-13,No,12
U06594,34,Mumbai,Working Professional,Instagram Ads,Premium,2024-06-22,No,13
U06595,30,Pune,Working Professional,Instagram Ads,Free,2025-09-22,No,2
U06596,35,Hyderabad,Family,Google Ads,Premium,2024-06-03,No,23
U06597,19,Bangalore,Family,Referral,Free,2025-10-20,No,21
U06598,30,Delhi,Family,Google Ads,Premium,2025-08-17,No,16
U06599,30,Delhi,Family,Referral,Free,2025-05-24,Yes,94
U06600,39,Bangalore,Working Professional,Referral,Free,2024-11-05,Yes,80
U06601,32,Mumbai,Family,Instagram Ads,Premium,2025-12-25,No,26
U06602,37,Pune,Family,Organic,Free,2024-08-21,Yes,61
U06603,49,Chennai,Working Professional,Influencer,Free,2024-12-16,Yes,82
U06604,46,Pune,Student,Organic,Free,2024-06-10,No,13
U06605,44,Mumbai,Student,Referral,Free,2025-08-13,No,15
U06606,27,Hyderabad,Family,Organic,Premium,2025-11-21,No,8
U06607,46,Mumbai,Working Professional,Referral,Free,2024-10-18,No,23
U06608,20,Delhi,Family,Google Ads,Premium,2024-05-06,No,17
U06609,36,Delhi,Student,Google Ads,Premium,2025-11-23,No,10
U06610,20,Mumbai,Working Professional,Instagram Ads,Premium,2025-08-24,No,9
U06611,39,Chennai,Working Professional,Influencer,Premium,2024-04-03,No,24
U06612,31,Delhi,Family,Google Ads,Free,2025-03-21,No,17
U06613,49,Delhi,Student,Influencer,Free,2024-03-29,No,17
U06614,25,Chennai,Family,Instagram Ads,Free,2025-01-22,No,19
U06615,44,Delhi,Working Professional,Influencer,Free,2024-09-05,Yes,105
U06616,40,Hyderabad,Student,Google Ads,Free,2024-06-29,Yes,78
U06617,47,Mumbai,Working Professional,Google Ads,Premium,2024-03-01,Yes,47
U06618,21,Delhi,Student,Organic,Premium,2024-05-26,Yes,62
U06619,44,Chennai,Student,Organic,Free,2025-09-22,Yes,87
U06620,45,Delhi,Working Professional,Organic,Free,2025-11-26,No,17
U06621,37,Bangalore,Student,Influencer,Free,2024-10-07,Yes,63
U06622,28,Delhi,Student,Google Ads,Free,2025-07-19,No,18
U06623,43,Delhi,Family,Instagram Ads,Premium,2024-04-21,No,7
U06624,48,Delhi,Working Professional,Referral,Premium,2025-11-17,No,9
U06625,28,Delhi,Working Professional,Google Ads,Free,2024-10-23,Yes,56
U06626,49,Delhi,Student,Organic,Free,2025-11-21,No,9
U06627,44,Hyderabad,Family,Organic,Free,2025-07-15,No,10
U06628,47,Mumbai,Family,Influencer,Free,2024-04-26,No,16
U06629,28,Mumbai,Working Professional,Organic,Free,2024-01-27,Yes,105
U06630,19,Mumbai,Family,Influencer,Free,2025-03-07,No,6
U06631,47,Chennai,Family,Instagram Ads,Premium,2024-11-06,No,27
U06632,49,Chennai,Working Professional,Organic,Free,2025-12-03,No,12
U06633,34,Hyderabad,Working Professional,Influencer,Premium,2025-01-24,No,21
U06634,26,Pune,Student,Organic,Premium,2025-11-05,No,28
U06635,45,Mumbai,Student,Influencer,Free,2025-04-06,Yes,80
U06636,48,Mumbai,Student,Google Ads,Free,2024-01-06,Yes,112
U06637,45,Bangalore,Student,Influencer,Free,2025-12-03,No,26
U06638,19,Bangalore,Student,Referral,Premium,2025-06-13,No,27
U06639,46,Mumbai,Family,Instagram Ads,Free,2024-06-07,No,24
U06640,41,Mumbai,Student,Google Ads,Premium,2024-11-03,No,22
U06641,32,Chennai,Family,Instagram Ads,Free,2025-10-17,No,24
U06642,33,Pune,Working Professional,Google Ads,Free,2024-07-13,No,14
U06643,42,Mumbai,Student,Organic,Premium,2025-04-23,No,17
U06644,21,Hyderabad,Working Professional,Influencer,Premium,2024-08-17,No,20
U06645,25,Delhi,Student,Organic,Premium,2025-05-20,No,26
U06646,26,Delhi,Family,Instagram Ads,Free,2025-12-02,Yes,104
U06647,43,Mumbai,Family,Instagram Ads,Free,2024-12-02,No,4
U06648,43,Mumbai,Student,Google Ads,Free,2025-11-22,Yes,117
U06649,22,Delhi,Family,Instagram Ads,Free,2024-05-12,No,13
U06650,33,Pune,Working Professional,Influencer,Free,2025-12-20,No,7
U06651,30,Mumbai,Student,Instagram Ads,Free,2025-10-18,No,11
U06652,47,Bangalore,Working Professional,Organic,Free,2024-06-07,No,11
U06653,24,Delhi,Working Professional,Influencer,Free,2024-09-28,No,24
U06654,49,Delhi,Student,Instagram Ads,Premium,2025-06-16,No,24
U06655,43,Pune,Working Professional,Referral,Free,2025-11-11,No,21
U06656,37,Bangalore,Student,Referral,Free,2024-10-21,Yes,87
U06657,34,Chennai,Working Professional,Organic,Premium,2024-11-25,No,12
U06658,20,Chennai,Student,Google Ads,Free,2024-10-07,No,3
U06659,22,Mumbai,Family,Google Ads,Premium,2025-03-12,No,12
U06660,36,Mumbai,Working Professional,Instagram Ads,Premium,2024-03-04,No,3
U06661,49,Pune,Student,Influencer,Premium,2024-12-24,No,1
U06662,29,Chennai,Student,Google Ads,Free,2024-08-16,Yes,44
U06663,46,Bangalore,Student,Referral,Free,2025-09-05,No,1
U06664,44,Hyderabad,Working Professional,Google Ads,Premium,2024-09-03,No,1
U06665,24,Hyderabad,Student,Referral,Premium,2024-04-01,No,26
U06666,45,Mumbai,Family,Google Ads,Free,2025-10-09,Yes,117
U06667,26,Bangalore,Family,Organic,Free,2024-01-01,No,16
U06668,48,Pune,Working Professional,Influencer,Free,2024-11-10,No,3
U06669,45,Hyderabad,Student,Instagram Ads,Free,2024-10-17,Yes,104
U06670,23,Delhi,Working Professional,Referral,Free,2024-09-02,No,25
U06671,46,Mumbai,Working Professional,Google Ads,Free,2024-08-27,No,3
U06672,43,Delhi,Working Professional,Instagram Ads,Premium,2025-04-25,Yes,54
U06673,34,Delhi,Working Professional,Referral,Premium,2024-09-28,No,27
U06674,33,Chennai,Working Professional,Referral,Free,2025-10-15,Yes,94
U06675,40,Delhi,Working Professional,Organic,Free,2025-05-31,No,16
U06676,48,Delhi,Family,Google Ads,Free,2024-11-09,No,15
U06677,20,Mumbai,Student,Instagram Ads,Free,2025-07-22,No,10
U06678,38,Bangalore,Working Professional,Google Ads,Premium,2024-05-18,No,17
U06679,49,Bangalore,Working Professional,Google Ads,Free,2025-05-12,Yes,102
U06680,43,Delhi,Student,Influencer,Free,2024-11-22,Yes,49
U06681,21,Delhi,Working Professional,Referral,Free,2024-04-30,Yes,114
U06682,27,Delhi,Family,Referral,Premium,2025-01-26,No,26
U06683,22,Bangalore,Working Professional,Influencer,Free,2025-04-09,No,9
U06684,38,Delhi,Student,Influencer,Free,2024-06-25,No,19
U06685,39,Chennai,Student,Google Ads,Free,2024-12-29,Yes,76
U06686,47,Mumbai,Student,Referral,Free,2025-05-12,No,10
U06687,27,Delhi,Student,Instagram Ads,Free,2024-06-09,Yes,51
U06688,29,Hyderabad,Family,Organic,Free,2025-10-25,No,11
U06689,27,Mumbai,Working Professional,Influencer,Free,2025-07-03,No,26
U06690,46,Bangalore,Student,Instagram Ads,Free,2024-11-30,Yes,49
U06691,30,Delhi,Family,Instagram Ads,Premium,2024-02-19,No,14
U06692,28,Bangalore,Working Professional,Google Ads,Premium,2024-03-29,No,16
U06693,39,Hyderabad,Student,Influencer,Free,2025-07-29,No,7
U06694,33,Chennai,Working Professional,Instagram Ads,Free,2025-12-21,No,9
U06695,25,Delhi,Student,Organic,Free,2024-08-12,Yes,66
U06696,25,Mumbai,Family,Instagram Ads,Premium,2025-01-20,No,7
U06697,44,Mumbai,Working Professional,Organic,Premium,2024-06-15,No,1
U06698,42,Chennai,Family,Organic,Free,2025-12-14,No,23
U06699,25,Chennai,Student,Organic,Premium,2025-10-15,No,7
U06700,30,Delhi,Family,Influencer,Free,2024-12-02,No,2
U06701,44,Delhi,Student,Organic,Free,2025-08-12,No,23
U06702,19,Mumbai,Family,Influencer,Premium,2025-03-10,No,2
U06703,47,Delhi,Family,Instagram Ads,Free,2025-06-05,No,1
U06704,47,Mumbai,Working Professional,Organic,Free,2024-09-04,Yes,56
U06705,29,Delhi,Working Professional,Referral,Premium,2024-02-13,No,10
U06706,27,Bangalore,Working Professional,Instagram Ads,Free,2025-05-01,No,10
U06707,29,Chennai,Family,Referral,Premium,2025-04-21,Yes,103
U06708,28,Chennai,Student,Referral,Free,2024-04-18,No,7
U06709,32,Mumbai,Working Professional,Google Ads,Premium,2025-11-30,No,10
U06710,33,Bangalore,Family,Influencer,Free,2024-03-10,Yes,79
U06711,34,Pune,Working Professional,Google Ads,Free,2025-06-26,Yes,101
U06712,43,Delhi,Working Professional,Influencer,Premium,2025-11-28,No,26
U06713,19,Hyderabad,Family,Google Ads,Premium,2025-11-13,No,3
U06714,35,Mumbai,Student,Instagram Ads,Free,2024-04-18,Yes,52
U06715,29,Delhi,Working Professional,Referral,Free,2025-08-31,No,20
U06716,36,Mumbai,Student,Instagram Ads,Free,2025-07-03,Yes,44
U06717,43,Delhi,Student,Influencer,Premium,2024-09-20,Yes,92
U06718,40,Hyderabad,Working Professional,Referral,Free,2024-10-16,No,16
U06719,35,Delhi,Working Professional,Referral,Free,2024-05-24,Yes,118
U06720,47,Mumbai,Working Professional,Influencer,Premium,2025-06-12,Yes,107
U06721,49,Delhi,Working Professional,Instagram Ads,Free,2024-04-03,No,10
U06722,34,Pune,Student,Referral,Premium,2024-12-03,No,27
U06723,49,Mumbai,Student,Instagram Ads,Free,2025-07-18,No,1
U06724,47,Bangalore,Working Professional,Instagram Ads,Free,2025-09-12,No,16
U06725,23,Bangalore,Working Professional,Instagram Ads,Premium,2025-07-22,No,5
U06726,42,Mumbai,Working Professional,Referral,Free,2025-10-21,No,24
U06727,32,Delhi,Working Professional,Organic,Free,2024-03-01,Yes,62
U06728,20,Hyderabad,Family,Google Ads,Free,2025-06-20,Yes,116
U06729,23,Delhi,Working Professional,Influencer,Premium,2024-03-18,No,27
U06730,20,Delhi,Student,Instagram Ads,Premium,2025-06-22,No,22
U06731,47,Hyderabad,Family,Referral,Free,2025-03-06,No,14
U06732,46,Delhi,Family,Influencer,Premium,2024-04-08,No,10
U06733,18,Mumbai,Working Professional,Organic,Free,2025-06-23,No,25
U06734,47,Mumbai,Family,Organic,Free,2025-10-07,No,16
U06735,30,Mumbai,Working Professional,Referral,Free,2024-11-10,Yes,49
U06736,49,Hyderabad,Working Professional,Instagram Ads,Free,2024-08-10,No,22
U06737,45,Bangalore,Student,Organic,Free,2024-07-07,No,11
U06738,38,Bangalore,Working Professional,Organic,Free,2024-10-31,No,25
U06739,43,Hyderabad,Student,Organic,Free,2024-12-21,No,6
U06740,31,Mumbai,Student,Referral,Premium,2025-04-24,Yes,115
U06741,30,Mumbai,Student,Influencer,Premium,2024-02-09,Yes,106
U06742,44,Mumbai,Student,Google Ads,Premium,2025-04-20,No,15
U06743,21,Mumbai,Working Professional,Referral,Free,2024-04-23,No,27
U06744,24,Chennai,Working Professional,Instagram Ads,Premium,2024-11-21,No,13
U06745,39,Pune,Student,Referral,Premium,2025-11-09,No,28
U06746,27,Delhi,Family,Referral,Free,2025-09-13,No,19
U06747,24,Delhi,Student,Google Ads,Free,2025-06-15,No,1
U06748,38,Delhi,Working Professional,Google Ads,Free,2024-08-17,Yes,35
U06749,32,Delhi,Student,Google Ads,Free,2025-01-22,No,24
U06750,32,Delhi,Student,Influencer,Free,2024-10-31,Yes,54
U06751,21,Bangalore,Student,Referral,Free,2024-03-16,No,12
U06752,49,Pune,Working Professional,Instagram Ads,Free,2024-09-21,Yes,112
U06753,40,Hyderabad,Working Professional,Google Ads,Free,2024-11-10,Yes,102
U06754,40,Delhi,Student,Google Ads,Free,2025-09-19,Yes,79
U06755,23,Mumbai,Working Professional,Referral,Premium,2025-05-29,No,21
U06756,41,Bangalore,Student,Instagram Ads,Premium,2025-06-06,No,4
U06757,37,Pune,Family,Google Ads,Free,2024-09-17,Yes,75
U06758,43,Pune,Working Professional,Referral,Premium,2025-01-03,Yes,102
U06759,22,Chennai,Student,Organic,Premium,2025-10-25,No,19
U06760,37,Bangalore,Working Professional,Influencer,Free,2025-12-10,Yes,39
U06761,29,Hyderabad,Family,Referral,Premium,2024-03-22,No,9
U06762,18,Delhi,Working Professional,Google Ads,Free,2025-09-28,No,17
U06763,45,Bangalore,Working Professional,Instagram Ads,Premium,2024-08-17,Yes,75
U06764,25,Delhi,Working Professional,Organic,Premium,2025-10-07,No,9
U06765,18,Mumbai,Working Professional,Instagram Ads,Free,2025-08-20,Yes,118
U06766,22,Bangalore,Family,Instagram Ads,Free,2024-10-24,No,25
U06767,48,Delhi,Family,Instagram Ads,Free,2025-07-08,No,26
U06768,39,Delhi,Working Professional,Referral,Free,2025-12-16,Yes,111
U06769,23,Delhi,Working Professional,Referral,Free,2024-10-07,Yes,75
U06770,46,Delhi,Working Professional,Influencer,Premium,2025-04-12,No,19
U06771,38,Delhi,Working Professional,Organic,Free,2025-06-13,No,21
U06772,49,Delhi,Family,Instagram Ads,Premium,2025-02-11,No,11
U06773,20,Delhi,Working Professional,Google Ads,Free,2025-12-03,No,4
U06774,32,Delhi,Working Professional,Instagram Ads,Premium,2024-08-10,No,13
U06775,22,Chennai,Student,Organic,Premium,2024-01-15,No,14
U06776,45,Mumbai,Working Professional,Instagram Ads,Free,2025-11-24,Yes,40
U06777,41,Delhi,Family,Referral,Free,2025-06-29,Yes,82
U06778,31,Bangalore,Working Professional,Referral,Free,2024-06-28,No,20
U06779,35,Pune,Student,Organic,Free,2024-01-02,Yes,36
U06780,33,Bangalore,Student,Influencer,Premium,2024-05-30,No,6
U06781,23,Mumbai,Working Professional,Instagram Ads,Premium,2024-04-19,No,12
U06782,42,Bangalore,Family,Organic,Free,2024-11-02,Yes,100
U06783,41,Hyderabad,Family,Google Ads,Premium,2025-01-31,No,8
U06784,31,Hyderabad,Family,Google Ads,Free,2025-09-09,No,3
U06785,44,Bangalore,Working Professional,Influencer,Free,2024-01-14,No,15
U06786,41,Pune,Working Professional,Referral,Premium,2024-09-29,No,18
U06787,25,Pune,Working Professional,Organic,Free,2025-01-12,Yes,105
U06788,48,Bangalore,Working Professional,Instagram Ads,Free,2025-10-17,No,9
U06789,46,Mumbai,Working Professional,Organic,Free,2024-07-25,Yes,115
U06790,24,Bangalore,Working Professional,Influencer,Premium,2025-09-10,No,20
U06791,25,Pune,Working Professional,Organic,Premium,2024-09-03,Yes,77
U06792,30,Delhi,Student,Influencer,Free,2025-01-21,No,12
U06793,23,Chennai,Student,Influencer,Free,2024-03-15,Yes,109
U06794,35,Delhi,Family,Influencer,Free,2024-02-12,No,15
U06795,19,Mumbai,Family,Organic,Free,2024-05-12,Yes,35
U06796,25,Pune,Working Professional,Google Ads,Free,2025-03-06,Yes,88
U06797,28,Delhi,Student,Instagram Ads,Free,2025-03-11,No,18
U06798,18,Mumbai,Family,Influencer,Premium,2024-02-25,No,3
U06799,39,Delhi,Working Professional,Referral,Free,2024-07-26,No,26
U06800,46,Mumbai,Working Professional,Influencer,Premium,2024-04-13,No,18
U06801,49,Delhi,Working Professional,Organic,Free,2025-04-08,Yes,64
U06802,23,Mumbai,Working Professional,Influencer,Premium,2025-04-14,Yes,41
U06803,33,Mumbai,Working Professional,Referral,Free,2025-08-02,No,10
U06804,44,Chennai,Family,Google Ads,Free,2024-09-06,No,7
U06805,37,Chennai,Student,Organic,Premium,2025-08-25,No,2
U06806,29,Delhi,Student,Organic,Free,2025-02-06,No,18
U06807,28,Hyderabad,Student,Organic,Premium,2024-01-26,Yes,96
U06808,46,Delhi,Student,Referral,Premium,2025-12-19,No,19
U06809,48,Delhi,Student,Organic,Premium,2024-01-10,No,3
U06810,44,Delhi,Student,Google Ads,Free,2025-09-01,No,6
U06811,49,Chennai,Student,Instagram Ads,Premium,2025-09-05,No,10
U06812,46,Chennai,Student,Instagram Ads,Free,2025-05-11,No,20
U06813,27,Delhi,Student,Influencer,Premium,2025-02-13,No,25
U06814,20,Delhi,Student,Instagram Ads,Free,2024-05-15,Yes,84
U06815,30,Delhi,Working Professional,Referral,Free,2024-08-08,No,13
U06816,44,Bangalore,Working Professional,Instagram Ads,Free,2025-06-27,No,21
U06817,20,Bangalore,Student,Referral,Premium,2024-10-03,No,24
U06818,48,Delhi,Working Professional,Referral,Free,2024-04-05,Yes,65
U06819,32,Hyderabad,Family,Influencer,Premium,2025-03-14,No,19
U06820,33,Mumbai,Family,Instagram Ads,Free,2025-05-22,No,14
U06821,46,Chennai,Student,Influencer,Free,2025-11-18,No,11
U06822,30,Bangalore,Working Professional,Organic,Free,2025-09-06,Yes,97
U06823,34,Mumbai,Working Professional,Google Ads,Free,2024-07-05,No,20
U06824,20,Hyderabad,Student,Instagram Ads,Premium,2024-02-06,No,16
U06825,37,Pune,Student,Organic,Premium,2024-07-28,No,3
U06826,28,Mumbai,Student,Organic,Premium,2025-02-18,Yes,60
U06827,44,Mumbai,Working Professional,Influencer,Free,2024-05-10,Yes,107
U06828,38,Chennai,Working Professional,Influencer,Premium,2024-04-07,No,9
U06829,36,Delhi,Working Professional,Google Ads,Free,2025-03-18,No,4
U06830,39,Delhi,Student,Google Ads,Free,2025-06-28,No,22
U06831,28,Mumbai,Student,Google Ads,Free,2024-02-05,No,14
U06832,47,Pune,Student,Google Ads,Free,2025-05-29,No,11
U06833,48,Hyderabad,Working Professional,Influencer,Free,2025-10-04,No,12
U06834,45,Chennai,Family,Referral,Free,2024-08-07,No,23
U06835,33,Bangalore,Working Professional,Influencer,Free,2024-12-27,No,17
U06836,38,Delhi,Family,Referral,Free,2025-11-24,No,16
U06837,20,Bangalore,Working Professional,Influencer,Free,2024-01-28,Yes,44
U06838,39,Hyderabad,Working Professional,Influencer,Free,2025-06-21,No,16
U06839,23,Delhi,Working Professional,Google Ads,Premium,2025-10-30,No,18
U06840,48,Delhi,Working Professional,Referral,Free,2025-06-05,No,26
U06841,31,Delhi,Working Professional,Organic,Free,2024-04-18,No,11
U06842,41,Bangalore,Family,Organic,Free,2025-08-30,No,2
U06843,35,Pune,Working Professional,Organic,Free,2025-10-19,Yes,59
U06844,34,Bangalore,Student,Google Ads,Free,2024-06-29,No,16
U06845,49,Chennai,Working Professional,Organic,Free,2024-07-28,No,27
U06846,21,Delhi,Family,Influencer,Premium,2024-12-07,No,4
U06847,49,Chennai,Working Professional,Google Ads,Free,2025-10-18,Yes,63
U06848,40,Pune,Working Professional,Organic,Premium,2024-02-18,No,26
U06849,32,Mumbai,Student,Google Ads,Free,2025-04-17,Yes,94
U06850,49,Chennai,Working Professional,Influencer,Premium,2025-10-27,No,7
U06851,28,Mumbai,Student,Google Ads,Premium,2024-11-24,No,6
U06852,43,Pune,Student,Organic,Premium,2025-07-09,No,6
U06853,20,Pune,Working Professional,Google Ads,Free,2024-08-23,Yes,85
U06854,20,Hyderabad,Student,Instagram Ads,Free,2025-03-16,Yes,105
U06855,33,Bangalore,Working Professional,Organic,Free,2024-04-30,No,24
U06856,22,Delhi,Family,Influencer,Free,2024-09-04,Yes,74
U06857,38,Bangalore,Student,Referral,Free,2025-06-02,Yes,62
U06858,46,Mumbai,Working Professional,Google Ads,Free,2024-01-20,No,26
U06859,27,Hyderabad,Working Professional,Google Ads,Free,2025-11-26,Yes,34
U06860,36,Hyderabad,Student,Organic,Premium,2025-05-17,Yes,67
U06861,42,Chennai,Working Professional,Organic,Premium,2024-12-29,No,8
U06862,21,Delhi,Working Professional,Instagram Ads,Premium,2025-05-03,Yes,85
U06863,46,Pune,Working Professional,Influencer,Free,2024-07-18,No,4
U06864,46,Chennai,Family,Google Ads,Premium,2025-02-06,No,6
U06865,48,Hyderabad,Working Professional,Google Ads,Free,2024-09-01,Yes,118
U06866,36,Delhi,Family,Referral,Free,2025-04-27,Yes,54
U06867,28,Delhi,Working Professional,Google Ads,Premium,2025-07-29,No,15
U06868,19,Delhi,Student,Google Ads,Free,2025-10-26,No,15
U06869,27,Bangalore,Working Professional,Instagram Ads,Free,2024-01-17,Yes,65
U06870,46,Bangalore,Student,Referral,Premium,2024-02-08,No,24
U06871,28,Chennai,Working Professional,Google Ads,Free,2025-10-26,Yes,37
U06872,42,Mumbai,Working Professional,Google Ads,Free,2024-10-21,Yes,60
U06873,37,Mumbai,Working Professional,Influencer,Free,2024-02-08,Yes,92
U06874,33,Bangalore,Student,Google Ads,Premium,2024-07-05,No,5
U06875,36,Pune,Working Professional,Instagram Ads,Premium,2024-11-04,No,7
U06876,40,Chennai,Student,Google Ads,Free,2024-12-27,No,8
U06877,41,Pune,Working Professional,Google Ads,Free,2025-04-06,No,10
U06878,28,Mumbai,Working Professional,Organic,Free,2025-10-30,No,7
U06879,31,Bangalore,Family,Google Ads,Free,2024-08-18,Yes,73
U06880,19,Pune,Student,Referral,Free,2025-12-06,Yes,118
U06881,40,Mumbai,Working Professional,Organic,Premium,2024-09-06,No,14
U06882,45,Delhi,Working Professional,Referral,Free,2024-01-02,No,4
U06883,22,Delhi,Family,Referral,Premium,2025-04-19,No,21
U06884,48,Delhi,Working Professional,Instagram Ads,Free,2025-10-14,Yes,69
U06885,44,Hyderabad,Student,Google Ads,Free,2024-06-30,No,13
U06886,22,Delhi,Working Professional,Referral,Free,2024-01-02,No,7
U06887,36,Delhi,Working Professional,Google Ads,Free,2024-06-18,No,3
U06888,38,Mumbai,Working Professional,Google Ads,Free,2024-09-26,No,5
U06889,29,Bangalore,Family,Instagram Ads,Premium,2024-11-02,No,23
U06890,35,Mumbai,Student,Instagram Ads,Free,2024-02-18,No,18
U06891,21,Bangalore,Family,Referral,Free,2025-02-25,Yes,77
U06892,39,Delhi,Student,Referral,Free,2024-10-11,No,6
U06893,34,Delhi,Family,Organic,Free,2025-01-14,No,8
U06894,27,Mumbai,Family,Google Ads,Premium,2025-05-18,No,7
U06895,37,Mumbai,Working Professional,Google Ads,Free,2025-07-09,Yes,75
U06896,23,Mumbai,Working Professional,Instagram Ads,Free,2025-07-25,No,21
U06897,42,Delhi,Student,Instagram Ads,Premium,2024-07-17,No,11
U06898,31,Pune,Student,Referral,Free,2024-04-18,No,10
U06899,28,Hyderabad,Student,Organic,Premium,2024-03-05,No,26
U06900,49,Delhi,Student,Organic,Free,2025-11-15,No,6
U06901,28,Delhi,Working Professional,Instagram Ads,Free,2024-12-18,No,18
U06902,46,Chennai,Student,Instagram Ads,Premium,2024-04-07,No,26
U06903,35,Hyderabad,Family,Organic,Free,2024-05-08,No,6
U06904,44,Mumbai,Working Professional,Organic,Free,2024-09-24,Yes,55
U06905,40,Hyderabad,Working Professional,Referral,Premium,2025-02-12,Yes,68
U06906,39,Hyderabad,Working Professional,Organic,Free,2024-03-27,No,8
U06907,35,Hyderabad,Student,Google Ads,Free,2025-08-23,No,12
U06908,41,Mumbai,Student,Organic,Premium,2025-01-28,No,21
U06909,40,Mumbai,Student,Influencer,Free,2025-03-25,No,21
U06910,28,Delhi,Working Professional,Organic,Free,2025-04-15,No,27
U06911,38,Chennai,Working Professional,Instagram Ads,Free,2025-10-03,No,10
U06912,29,Bangalore,Student,Instagram Ads,Premium,2025-10-05,No,12
U06913,22,Delhi,Family,Influencer,Free,2024-04-19,Yes,115
U06914,40,Chennai,Student,Google Ads,Free,2024-10-20,Yes,74
U06915,26,Chennai,Working Professional,Organic,Free,2024-08-02,No,26
U06916,44,Chennai,Working Professional,Organic,Premium,2024-11-07,No,19
U06917,48,Pune,Working Professional,Influencer,Free,2024-07-22,Yes,117
U06918,42,Chennai,Family,Referral,Premium,2025-03-03,No,14
U06919,26,Delhi,Working Professional,Referral,Free,2025-06-19,No,13
U06920,39,Pune,Working Professional,Google Ads,Premium,2024-04-02,No,25
U06921,27,Pune,Student,Organic,Premium,2025-11-11,No,7
U06922,39,Delhi,Family,Organic,Free,2024-01-28,No,27
U06923,36,Delhi,Working Professional,Organic,Premium,2024-11-13,Yes,31
U06924,18,Chennai,Student,Instagram Ads,Free,2025-02-02,Yes,90
U06925,49,Mumbai,Working Professional,Referral,Free,2025-12-02,Yes,56
U06926,24,Pune,Student,Influencer,Free,2024-09-22,Yes,95
U06927,21,Delhi,Student,Instagram Ads,Premium,2024-10-11,No,3
U06928,18,Delhi,Family,Instagram Ads,Free,2024-03-03,No,5
U06929,32,Mumbai,Working Professional,Referral,Free,2025-08-21,Yes,63
U06930,25,Delhi,Student,Organic,Free,2025-06-02,No,20
U06931,29,Hyderabad,Working Professional,Google Ads,Free,2025-10-28,No,21
U06932,39,Bangalore,Family,Influencer,Free,2024-01-20,Yes,32
U06933,39,Delhi,Student,Referral,Free,2024-12-13,Yes,84
U06934,35,Delhi,Working Professional,Google Ads,Premium,2024-02-19,No,6
U06935,32,Mumbai,Working Professional,Referral,Free,2024-07-07,Yes,105
U06936,34,Delhi,Student,Referral,Free,2024-03-07,No,8
U06937,46,Hyderabad,Working Professional,Referral,Premium,2024-12-30,Yes,49
U06938,31,Mumbai,Student,Referral,Premium,2024-07-20,Yes,81
U06939,31,Delhi,Working Professional,Organic,Premium,2024-04-08,No,17
U06940,35,Mumbai,Family,Instagram Ads,Premium,2025-10-22,No,17
U06941,37,Delhi,Student,Referral,Premium,2024-06-08,Yes,84
U06942,35,Delhi,Family,Google Ads,Premium,2025-11-08,No,17
U06943,33,Delhi,Working Professional,Google Ads,Premium,2024-01-28,No,25
U06944,18,Pune,Student,Google Ads,Free,2025-04-10,No,12
U06945,40,Chennai,Working Professional,Instagram Ads,Free,2025-11-30,Yes,45
U06946,44,Pune,Student,Instagram Ads,Free,2024-07-16,Yes,108
U06947,28,Mumbai,Family,Google Ads,Free,2024-07-27,No,25
U06948,32,Delhi,Working Professional,Organic,Free,2025-03-12,Yes,117
U06949,29,Bangalore,Working Professional,Instagram Ads,Free,2024-09-22,No,2
U06950,25,Hyderabad,Working Professional,Instagram Ads,Free,2025-05-05,Yes,87
U06951,39,Chennai,Working Professional,Organic,Premium,2025-02-12,No,23
U06952,37,Delhi,Family,Referral,Free,2024-09-13,Yes,52
U06953,47,Delhi,Working Professional,Instagram Ads,Free,2024-12-01,Yes,36
U06954,23,Hyderabad,Family,Google Ads,Free,2024-08-20,No,17
U06955,20,Pune,Working Professional,Google Ads,Premium,2025-12-16,Yes,88
U06956,45,Pune,Student,Organic,Free,2024-03-13,No,13
U06957,41,Bangalore,Family,Google Ads,Premium,2024-01-13,No,21
U06958,43,Chennai,Working Professional,Influencer,Free,2025-08-05,No,5
U06959,47,Bangalore,Working Professional,Google Ads,Free,2025-05-19,Yes,42
U06960,30,Chennai,Family,Organic,Free,2024-01-01,No,19
U06961,30,Chennai,Student,Organic,Premium,2024-06-07,No,28
U06962,19,Pune,Working Professional,Organic,Free,2025-05-23,Yes,93
U06963,22,Mumbai,Student,Influencer,Premium,2025-04-27,No,27
U06964,34,Delhi,Working Professional,Instagram Ads,Premium,2024-08-03,No,4
U06965,23,Bangalore,Family,Referral,Free,2024-07-13,No,6
U06966,19,Mumbai,Family,Google Ads,Free,2024-11-07,Yes,91
U06967,21,Pune,Working Professional,Instagram Ads,Free,2025-02-06,No,24
U06968,39,Delhi,Working Professional,Organic,Free,2024-01-04,No,11
U06969,43,Delhi,Family,Instagram Ads,Premium,2025-06-25,No,19
U06970,28,Hyderabad,Working Professional,Instagram Ads,Free,2024-04-15,Yes,32
U06971,25,Delhi,Student,Influencer,Free,2024-05-01,No,27
U06972,29,Mumbai,Working Professional,Organic,Free,2025-12-08,No,22
U06973,25,Mumbai,Family,Organic,Free,2025-12-15,No,7
U06974,28,Bangalore,Family,Google Ads,Free,2024-09-23,No,3
U06975,39,Delhi,Working Professional,Google Ads,Free,2024-08-28,No,25
U06976,37,Pune,Family,Google Ads,Free,2024-02-22,No,5
U06977,25,Mumbai,Student,Google Ads,Free,2024-05-03,Yes,89
U06978,46,Chennai,Student,Instagram Ads,Free,2024-03-28,No,21
U06979,25,Mumbai,Family,Instagram Ads,Free,2024-11-05,Yes,37
U06980,43,Delhi,Student,Google Ads,Premium,2025-07-10,No,19
U06981,47,Delhi,Student,Google Ads,Premium,2025-07-29,No,18
U06982,34,Delhi,Working Professional,Google Ads,Free,2025-11-28,No,3
U06983,49,Bangalore,Working Professional,Referral,Premium,2024-01-13,No,5
U06984,37,Delhi,Working Professional,Google Ads,Free,2024-07-27,No,7
U06985,37,Mumbai,Student,Referral,Free,2025-03-10,No,7
U06986,40,Bangalore,Family,Google Ads,Free,2024-02-21,No,3
U06987,33,Delhi,Family,Organic,Free,2024-04-16,No,26
U06988,31,Delhi,Working Professional,Influencer,Premium,2025-06-04,No,9
U06989,47,Hyderabad,Working Professional,Instagram Ads,Free,2025-09-15,No,8
U06990,28,Chennai,Working Professional,Organic,Premium,2024-04-29,No,21
U06991,24,Delhi,Working Professional,Influencer,Free,2024-03-07,No,18
U06992,33,Delhi,Working Professional,Referral,Free,2024-03-22,Yes,112
U06993,30,Chennai,Working Professional,Instagram Ads,Free,2025-12-14,No,10
U06994,44,Delhi,Student,Referral,Premium,2025-11-27,Yes,75
U06995,32,Chennai,Student,Referral,Free,2025-10-30,No,8
U06996,41,Delhi,Working Professional,Instagram Ads,Premium,2025-09-19,No,8
U06997,33,Pune,Working Professional,Influencer,Free,2024-04-23,Yes,60
U06998,44,Mumbai,Working Professional,Instagram Ads,Free,2025-10-06,Yes,75
U06999,38,Chennai,Working Professional,Google Ads,Premium,2025-09-14,No,4
U07000,40,Mumbai,Working Professional,Referral,Free,2025-03-29,Yes,73
U07001,41,Bangalore,Working Professional,Google Ads,Free,2024-08-19,No,19
U07002,49,Delhi,Student,Instagram Ads,Free,2025-07-24,No,1
U07003,48,Delhi,Working Professional,Instagram Ads,Free,2025-07-15,No,4
U07004,26,Hyderabad,Working Professional,Influencer,Free,2024-11-11,No,11
U07005,20,Bangalore,Working Professional,Referral,Free,2025-04-19,No,6
U07006,36,Chennai,Working Professional,Organic,Free,2025-01-05,Yes,86
U07007,37,Mumbai,Working Professional,Instagram Ads,Free,2025-09-06,No,5
U07008,22,Pune,Family,Organic,Free,2025-10-25,No,14
U07009,27,Mumbai,Working Professional,Referral,Free,2025-06-16,No,17
U07010,34,Chennai,Working Professional,Google Ads,Free,2024-09-14,No,4
U07011,32,Chennai,Family,Referral,Free,2025-12-23,No,15
U07012,48,Mumbai,Working Professional,Influencer,Free,2025-03-04,No,6
U07013,40,Pune,Working Professional,Organic,Free,2025-05-14,No,13
U07014,42,Pune,Student,Organic,Free,2025-08-16,No,12
U07015,25,Delhi,Working Professional,Google Ads,Premium,2024-01-10,No,10
U07016,32,Bangalore,Working Professional,Google Ads,Free,2025-11-07,Yes,66
U07017,48,Delhi,Working Professional,Instagram Ads,Free,2025-10-24,No,22
U07018,38,Pune,Working Professional,Referral,Free,2025-11-15,Yes,69
U07019,47,Delhi,Family,Influencer,Free,2025-02-28,No,16
U07020,31,Delhi,Student,Instagram Ads,Free,2025-07-30,No,8
U07021,37,Mumbai,Working Professional,Referral,Free,2025-05-26,Yes,79
U07022,45,Bangalore,Working Professional,Google Ads,Free,2024-11-12,No,14
U07023,24,Pune,Working Professional,Influencer,Free,2025-09-21,Yes,107
U07024,38,Chennai,Family,Google Ads,Premium,2024-05-13,No,4
U07025,40,Mumbai,Student,Google Ads,Free,2024-01-18,Yes,55
U07026,29,Delhi,Student,Organic,Free,2024-12-12,No,3
U07027,34,Hyderabad,Working Professional,Referral,Free,2025-01-02,Yes,37
U07028,34,Bangalore,Working Professional,Instagram Ads,Free,2024-06-16,No,10
U07029,49,Mumbai,Working Professional,Organic,Premium,2024-01-17,No,14
U07030,27,Mumbai,Family,Referral,Free,2025-06-05,Yes,89
U07031,47,Bangalore,Student,Referral,Premium,2025-05-21,No,6
U07032,46,Mumbai,Working Professional,Referral,Free,2025-04-18,Yes,39
U07033,36,Hyderabad,Working Professional,Influencer,Free,2025-06-26,No,12
U07034,31,Bangalore,Family,Organic,Premium,2025-12-27,No,28
U07035,28,Pune,Family,Instagram Ads,Free,2024-11-01,Yes,104
U07036,19,Bangalore,Working Professional,Organic,Free,2025-01-13,No,10
U07037,35,Delhi,Working Professional,Google Ads,Free,2024-12-05,No,12
U07038,24,Pune,Student,Referral,Free,2024-05-30,No,17
U07039,29,Bangalore,Working Professional,Google Ads,Free,2024-02-14,No,23
U07040,43,Delhi,Working Professional,Organic,Free,2024-07-25,Yes,47
U07041,19,Bangalore,Working Professional,Instagram Ads,Free,2025-02-25,No,7
U07042,44,Mumbai,Working Professional,Google Ads,Free,2024-05-18,No,10
U07043,37,Pune,Working Professional,Google Ads,Free,2025-01-26,No,1
U07044,35,Mumbai,Working Professional,Influencer,Premium,2025-01-18,No,19
U07045,23,Hyderabad,Working Professional,Organic,Free,2025-12-26,No,26
U07046,41,Delhi,Student,Google Ads,Free,2025-11-04,No,22
U07047,27,Mumbai,Student,Organic,Free,2025-03-24,Yes,104
U07048,49,Chennai,Student,Instagram Ads,Premium,2024-07-21,No,5
U07049,37,Pune,Family,Google Ads,Premium,2024-01-10,No,25
U07050,32,Delhi,Student,Instagram Ads,Free,2024-12-15,Yes,117
U07051,22,Delhi,Family,Google Ads,Premium,2024-03-16,No,25
U07052,37,Mumbai,Student,Referral,Free,2024-08-04,Yes,81
U07053,20,Bangalore,Working Professional,Influencer,Free,2024-10-18,Yes,77
U07054,22,Hyderabad,Family,Influencer,Free,2024-01-04,No,22
U07055,47,Hyderabad,Working Professional,Influencer,Premium,2025-01-12,No,15
U07056,42,Bangalore,Student,Instagram Ads,Free,2025-10-22,Yes,90
U07057,25,Pune,Student,Organic,Free,2025-12-01,No,23
U07058,25,Mumbai,Family,Influencer,Premium,2025-08-28,No,18
U07059,25,Delhi,Working Professional,Google Ads,Free,2024-02-07,No,13
U07060,29,Bangalore,Working Professional,Google Ads,Free,2025-08-10,No,2
U07061,41,Chennai,Working Professional,Referral,Free,2024-10-21,No,8
U07062,40,Hyderabad,Working Professional,Instagram Ads,Premium,2024-03-29,Yes,79
U07063,25,Bangalore,Student,Google Ads,Premium,2024-10-01,No,24
U07064,28,Bangalore,Working Professional,Google Ads,Free,2025-05-28,No,5
U07065,31,Chennai,Working Professional,Referral,Free,2024-05-29,No,22
U07066,49,Mumbai,Student,Referral,Free,2025-08-28,No,27
U07067,25,Mumbai,Working Professional,Organic,Premium,2024-11-08,No,23
U07068,46,Chennai,Family,Organic,Free,2024-04-09,No,15
U07069,47,Pune,Family,Organic,Free,2024-09-15,No,25
U07070,41,Mumbai,Student,Google Ads,Free,2024-10-05,No,13
U07071,45,Mumbai,Student,Referral,Free,2024-01-04,No,23
U07072,27,Mumbai,Family,Instagram Ads,Free,2025-02-15,Yes,93
U07073,24,Delhi,Student,Organic,Premium,2025-08-12,No,21
U07074,45,Chennai,Student,Influencer,Free,2025-12-10,No,17
U07075,34,Mumbai,Family,Google Ads,Premium,2024-11-21,No,4
U07076,21,Pune,Student,Instagram Ads,Free,2025-11-07,Yes,119
U07077,46,Delhi,Working Professional,Google Ads,Free,2025-06-02,Yes,104
U07078,30,Bangalore,Working Professional,Organic,Free,2024-01-01,No,9
U07079,49,Delhi,Family,Google Ads,Free,2025-08-22,No,2
U07080,21,Hyderabad,Student,Organic,Premium,2025-02-21,No,17
U07081,22,Bangalore,Family,Google Ads,Premium,2024-06-28,Yes,30
U07082,43,Bangalore,Working Professional,Organic,Free,2024-01-10,Yes,78
U07083,39,Delhi,Working Professional,Referral,Free,2025-01-09,Yes,38
U07084,21,Delhi,Student,Referral,Free,2025-10-07,Yes,69
U07085,48,Delhi,Student,Referral,Free,2025-03-27,No,27
U07086,35,Mumbai,Working Professional,Referral,Free,2024-04-19,Yes,37
U07087,49,Bangalore,Working Professional,Referral,Premium,2024-05-04,No,6
U07088,23,Bangalore,Family,Influencer,Premium,2025-03-07,No,26
U07089,48,Bangalore,Working Professional,Google Ads,Premium,2025-12-19,No,2
U07090,41,Bangalore,Working Professional,Referral,Free,2024-10-27,No,2
U07091,48,Delhi,Working Professional,Influencer,Free,2025-10-13,No,6
U07092,41,Delhi,Working Professional,Influencer,Free,2024-04-12,Yes,97
U07093,40,Delhi,Working Professional,Google Ads,Free,2025-09-14,Yes,106
U07094,39,Pune,Student,Google Ads,Free,2024-03-10,Yes,104
U07095,19,Bangalore,Family,Organic,Free,2024-04-19,No,20
U07096,48,Delhi,Working Professional,Organic,Free,2024-08-11,No,2
U07097,40,Delhi,Working Professional,Referral,Free,2024-08-11,Yes,107
U07098,28,Pune,Working Professional,Instagram Ads,Free,2025-09-22,No,4
U07099,45,Hyderabad,Working Professional,Organic,Free,2024-08-01,No,11
U07100,31,Bangalore,Student,Instagram Ads,Premium,2025-07-01,No,10
U07101,49,Mumbai,Student,Organic,Free,2024-12-08,Yes,115
U07102,47,Delhi,Family,Influencer,Free,2024-12-22,No,7
U07103,22,Chennai,Student,Influencer,Free,2025-03-14,Yes,69
U07104,49,Hyderabad,Working Professional,Influencer,Premium,2024-09-12,No,22
U07105,23,Mumbai,Student,Instagram Ads,Premium,2025-10-28,No,5
U07106,27,Pune,Working Professional,Referral,Premium,2025-04-26,No,7
U07107,25,Hyderabad,Student,Organic,Premium,2025-02-07,No,11
U07108,49,Mumbai,Working Professional,Organic,Free,2024-02-11,Yes,113
U07109,31,Mumbai,Working Professional,Instagram Ads,Premium,2025-01-22,No,3
U07110,41,Delhi,Student,Influencer,Free,2024-01-29,No,27
U07111,20,Delhi,Working Professional,Referral,Free,2025-11-25,No,13
U07112,29,Hyderabad,Family,Organic,Free,2024-07-21,No,28
U07113,33,Delhi,Working Professional,Referral,Premium,2025-07-14,Yes,62
U07114,45,Pune,Family,Referral,Free,2024-11-22,No,5
U07115,47,Chennai,Family,Google Ads,Premium,2024-02-23,No,14
U07116,40,Delhi,Family,Referral,Premium,2025-05-04,No,20
U07117,34,Mumbai,Family,Google Ads,Free,2025-02-20,No,5
U07118,18,Pune,Student,Instagram Ads,Free,2024-12-25,No,17
U07119,40,Hyderabad,Family,Influencer,Premium,2025-07-02,No,14
U07120,48,Hyderabad,Family,Google Ads,Free,2024-07-23,No,16
U07121,48,Mumbai,Family,Referral,Premium,2024-10-06,No,20
U07122,27,Mumbai,Student,Influencer,Free,2024-02-24,No,6
U07123,42,Bangalore,Family,Referral,Free,2024-08-10,Yes,39
U07124,40,Chennai,Working Professional,Referral,Free,2024-04-17,No,24
U07125,27,Mumbai,Working Professional,Google Ads,Premium,2025-12-18,No,5
U07126,38,Chennai,Student,Instagram Ads,Free,2025-11-14,No,18
U07127,41,Delhi,Student,Referral,Free,2025-08-24,No,18
U07128,19,Chennai,Family,Google Ads,Premium,2025-05-23,No,15
U07129,26,Bangalore,Working Professional,Referral,Free,2024-01-06,No,19
U07130,39,Mumbai,Working Professional,Influencer,Free,2025-05-21,Yes,94
U07131,30,Bangalore,Family,Instagram Ads,Free,2024-06-19,No,6
U07132,42,Delhi,Student,Referral,Free,2024-09-24,No,21
U07133,33,Delhi,Working Professional,Instagram Ads,Premium,2024-07-11,Yes,78
U07134,35,Delhi,Working Professional,Instagram Ads,Free,2024-06-28,Yes,45
U07135,36,Delhi,Student,Influencer,Free,2024-03-10,No,9
U07136,29,Mumbai,Student,Influencer,Premium,2024-01-30,No,27
U07137,25,Hyderabad,Student,Organic,Free,2024-04-28,Yes,113
U07138,34,Bangalore,Student,Instagram Ads,Free,2025-12-17,Yes,33
U07139,32,Delhi,Working Professional,Referral,Free,2025-05-24,Yes,92
U07140,27,Pune,Family,Influencer,Free,2025-04-04,No,17
U07141,32,Bangalore,Working Professional,Referral,Free,2025-09-29,Yes,109
U07142,32,Chennai,Student,Instagram Ads,Premium,2025-04-02,No,14
U07143,48,Bangalore,Student,Influencer,Premium,2025-07-20,No,27
U07144,40,Delhi,Family,Organic,Free,2024-02-08,No,8
U07145,24,Mumbai,Family,Instagram Ads,Free,2024-09-18,No,9
U07146,30,Bangalore,Student,Referral,Free,2024-07-02,Yes,34
U07147,34,Delhi,Student,Organic,Free,2025-06-03,Yes,71
U07148,49,Delhi,Working Professional,Instagram Ads,Free,2025-06-11,No,24
U07149,26,Delhi,Working Professional,Influencer,Free,2025-01-20,No,8
U07150,25,Delhi,Working Professional,Instagram Ads,Premium,2025-07-29,No,25
U07151,37,Mumbai,Working Professional,Google Ads,Free,2024-09-09,No,22
U07152,43,Mumbai,Working Professional,Referral,Free,2024-01-11,No,27
U07153,44,Delhi,Family,Influencer,Free,2025-08-22,No,9
U07154,38,Bangalore,Student,Influencer,Premium,2024-07-29,No,13
U07155,35,Bangalore,Family,Google Ads,Free,2025-05-30,Yes,99
U07156,30,Mumbai,Working Professional,Organic,Free,2025-10-04,Yes,62
U07157,33,Delhi,Working Professional,Influencer,Premium,2024-12-25,No,24
U07158,26,Delhi,Working Professional,Organic,Free,2024-03-08,No,13
U07159,48,Mumbai,Working Professional,Organic,Free,2025-03-02,No,27
U07160,29,Delhi,Working Professional,Organic,Free,2024-01-09,No,5
U07161,29,Mumbai,Working Professional,Instagram Ads,Free,2025-06-20,No,15
U07162,23,Bangalore,Student,Google Ads,Premium,2025-07-30,No,20
U07163,36,Bangalore,Working Professional,Referral,Free,2025-09-07,Yes,96
U07164,45,Delhi,Working Professional,Google Ads,Premium,2024-03-06,No,22
U07165,24,Mumbai,Student,Influencer,Free,2025-11-25,No,12
U07166,42,Bangalore,Family,Google Ads,Premium,2024-06-21,No,20
U07167,20,Pune,Student,Referral,Free,2024-01-22,No,16
U07168,33,Hyderabad,Working Professional,Instagram Ads,Premium,2024-02-11,No,2
U07169,35,Bangalore,Student,Influencer,Premium,2024-07-22,No,10
U07170,33,Mumbai,Working Professional,Instagram Ads,Free,2024-06-03,No,9
U07171,40,Mumbai,Student,Influencer,Free,2025-06-06,No,20
U07172,24,Pune,Working Professional,Referral,Free,2025-04-06,No,3
U07173,21,Delhi,Student,Instagram Ads,Premium,2024-03-18,No,11
U07174,44,Chennai,Student,Referral,Free,2024-04-13,No,28
U07175,42,Bangalore,Working Professional,Referral,Free,2024-10-04,Yes,106
U07176,49,Hyderabad,Working Professional,Google Ads,Free,2025-10-10,No,13
U07177,47,Delhi,Student,Influencer,Free,2025-12-19,Yes,63
U07178,25,Bangalore,Student,Organic,Premium,2024-02-26,No,2
U07179,30,Mumbai,Family,Organic,Premium,2024-12-04,Yes,40
U07180,30,Delhi,Student,Instagram Ads,Free,2024-09-30,No,8
U07181,34,Delhi,Family,Referral,Free,2025-11-10,No,25
U07182,34,Pune,Working Professional,Google Ads,Free,2025-11-15,No,20
U07183,22,Bangalore,Student,Influencer,Free,2025-03-08,No,10
U07184,23,Mumbai,Working Professional,Instagram Ads,Free,2025-09-01,No,23
U07185,36,Delhi,Family,Referral,Free,2025-01-25,No,17
U07186,30,Hyderabad,Working Professional,Organic,Free,2024-12-07,No,18
U07187,42,Hyderabad,Working Professional,Organic,Free,2024-09-16,Yes,36
U07188,45,Bangalore,Working Professional,Influencer,Premium,2025-11-15,No,21
U07189,43,Bangalore,Family,Influencer,Premium,2024-06-22,No,10
U07190,31,Mumbai,Working Professional,Influencer,Free,2025-12-24,Yes,115
U07191,48,Bangalore,Student,Instagram Ads,Free,2024-07-13,Yes,100
U07192,39,Delhi,Student,Influencer,Premium,2025-03-16,No,24
U07193,21,Chennai,Student,Instagram Ads,Premium,2024-09-28,Yes,31
U07194,45,Bangalore,Student,Google Ads,Free,2024-11-02,No,2
U07195,24,Mumbai,Student,Referral,Free,2024-11-03,No,10
U07196,25,Mumbai,Working Professional,Organic,Free,2025-10-10,No,21
U07197,42,Pune,Student,Instagram Ads,Free,2025-08-17,No,2
U07198,30,Delhi,Working Professional,Referral,Free,2025-07-09,No,14
U07199,49,Mumbai,Working Professional,Influencer,Free,2024-07-25,Yes,88
U07200,44,Bangalore,Student,Organic,Premium,2024-04-26,No,26
U07201,23,Mumbai,Student,Instagram Ads,Free,2024-01-05,No,9
U07202,48,Hyderabad,Student,Influencer,Premium,2025-05-13,No,27
U07203,23,Delhi,Student,Referral,Free,2025-09-17,No,16
U07204,41,Hyderabad,Family,Google Ads,Free,2024-10-27,Yes,75
U07205,45,Delhi,Working Professional,Referral,Premium,2025-02-28,Yes,101
U07206,38,Delhi,Student,Instagram Ads,Premium,2024-03-30,Yes,88
U07207,47,Pune,Working Professional,Google Ads,Premium,2024-01-28,No,24
U07208,20,Bangalore,Student,Google Ads,Free,2025-06-27,No,28
U07209,45,Mumbai,Working Professional,Influencer,Premium,2024-08-04,No,3
U07210,20,Delhi,Working Professional,Referral,Free,2024-03-11,No,24
U07211,30,Bangalore,Working Professional,Instagram Ads,Free,2024-01-30,Yes,115
U07212,39,Bangalore,Student,Google Ads,Free,2024-09-12,No,23
U07213,19,Chennai,Student,Influencer,Free,2025-11-01,No,12
U07214,33,Chennai,Working Professional,Google Ads,Free,2025-01-30,Yes,61
U07215,39,Bangalore,Family,Referral,Free,2025-06-04,No,7
U07216,49,Mumbai,Family,Organic,Premium,2024-11-18,Yes,95
U07217,46,Mumbai,Student,Instagram Ads,Premium,2025-01-04,No,5
U07218,23,Hyderabad,Working Professional,Organic,Free,2024-06-04,Yes,115
U07219,25,Delhi,Working Professional,Referral,Free,2024-08-01,No,2
U07220,40,Mumbai,Family,Organic,Premium,2025-10-27,No,21
U07221,25,Delhi,Student,Referral,Free,2024-03-23,No,26
U07222,47,Delhi,Working Professional,Referral,Free,2025-02-08,No,4
U07223,42,Delhi,Student,Influencer,Free,2025-09-04,No,17
U07224,23,Mumbai,Working Professional,Organic,Free,2024-01-10,No,18
U07225,31,Hyderabad,Working Professional,Google Ads,Free,2024-10-06,Yes,68
U07226,49,Mumbai,Working Professional,Referral,Free,2024-10-07,No,2
U07227,20,Mumbai,Family,Organic,Free,2025-11-22,Yes,116
U07228,27,Delhi,Working Professional,Google Ads,Free,2024-03-30,No,18
U07229,20,Bangalore,Working Professional,Instagram Ads,Free,2024-05-08,Yes,86
U07230,49,Delhi,Student,Google Ads,Free,2024-11-04,Yes,44
U07231,44,Bangalore,Working Professional,Organic,Premium,2025-04-29,No,7
U07232,29,Chennai,Working Professional,Organic,Premium,2024-04-16,Yes,60
U07233,34,Delhi,Student,Google Ads,Free,2025-05-19,Yes,35
U07234,44,Delhi,Family,Google Ads,Free,2024-10-09,Yes,119
U07235,48,Mumbai,Student,Referral,Premium,2024-04-16,No,28
U07236,46,Chennai,Working Professional,Organic,Premium,2024-06-03,No,2
U07237,48,Hyderabad,Family,Referral,Premium,2024-08-19,No,25
U07238,22,Pune,Family,Referral,Free,2025-03-24,Yes,59
U07239,47,Mumbai,Working Professional,Instagram Ads,Free,2025-01-14,Yes,87
U07240,37,Chennai,Student,Organic,Free,2024-11-28,Yes,115
U07241,42,Delhi,Family,Referral,Free,2025-08-18,No,3
U07242,48,Delhi,Student,Instagram Ads,Free,2024-03-16,Yes,98
U07243,26,Pune,Family,Referral,Free,2024-09-17,No,6
U07244,48,Chennai,Working Professional,Referral,Free,2024-12-02,No,11
U07245,47,Delhi,Working Professional,Organic,Free,2024-08-17,No,2
U07246,38,Delhi,Student,Google Ads,Free,2024-08-08,Yes,30
U07247,43,Delhi,Working Professional,Google Ads,Free,2025-11-23,No,3
U07248,37,Delhi,Family,Organic,Free,2025-02-01,No,7
U07249,24,Delhi,Family,Google Ads,Free,2025-12-14,Yes,39
U07250,48,Chennai,Student,Influencer,Free,2025-02-15,No,19
U07251,39,Bangalore,Family,Google Ads,Free,2025-09-21,No,3
U07252,21,Hyderabad,Student,Referral,Free,2025-09-20,No,28
U07253,30,Hyderabad,Working Professional,Referral,Free,2025-02-04,No,23
U07254,30,Bangalore,Working Professional,Instagram Ads,Free,2025-12-09,No,23
U07255,48,Hyderabad,Student,Organic,Free,2025-12-06,Yes,84
U07256,27,Bangalore,Student,Instagram Ads,Free,2025-05-12,Yes,115
U07257,35,Mumbai,Working Professional,Referral,Premium,2025-09-07,No,10
U07258,34,Bangalore,Working Professional,Referral,Premium,2024-06-22,Yes,70
U07259,37,Bangalore,Student,Instagram Ads,Free,2024-10-27,No,8
U07260,37,Pune,Working Professional,Influencer,Free,2024-04-12,No,24
U07261,30,Chennai,Family,Google Ads,Free,2025-06-04,No,22
U07262,34,Mumbai,Working Professional,Influencer,Free,2024-06-12,No,27
U07263,39,Hyderabad,Student,Influencer,Free,2024-01-05,Yes,98
U07264,21,Delhi,Student,Influencer,Free,2025-08-23,No,1
U07265,18,Hyderabad,Working Professional,Influencer,Free,2024-06-26,Yes,110
U07266,18,Mumbai,Working Professional,Google Ads,Free,2024-01-27,No,26
U07267,32,Delhi,Working Professional,Organic,Premium,2025-11-17,No,12
U07268,30,Mumbai,Family,Instagram Ads,Free,2024-06-09,Yes,77
U07269,34,Bangalore,Working Professional,Influencer,Free,2024-04-24,No,28
U07270,41,Delhi,Student,Influencer,Free,2025-01-12,Yes,98
U07271,43,Chennai,Family,Instagram Ads,Free,2024-04-06,No,6
U07272,25,Delhi,Working Professional,Instagram Ads,Free,2025-11-08,Yes,85
U07273,35,Chennai,Working Professional,Organic,Free,2024-05-15,No,6
U07274,44,Hyderabad,Family,Referral,Premium,2025-01-22,No,17
U07275,30,Mumbai,Family,Organic,Free,2024-06-12,No,27
U07276,40,Mumbai,Working Professional,Referral,Premium,2025-02-18,No,7
U07277,31,Hyderabad,Student,Google Ads,Free,2025-12-14,Yes,116
U07278,25,Bangalore,Family,Organic,Free,2025-11-11,Yes,88
U07279,25,Bangalore,Working Professional,Google Ads,Free,2024-05-15,Yes,47
U07280,44,Mumbai,Working Professional,Instagram Ads,Free,2024-06-06,No,24
U07281,43,Mumbai,Working Professional,Organic,Premium,2025-02-01,No,14
U07282,32,Chennai,Working Professional,Instagram Ads,Premium,2024-12-31,No,6
U07283,44,Delhi,Family,Influencer,Free,2024-10-28,No,1
U07284,30,Mumbai,Working Professional,Instagram Ads,Free,2024-12-14,No,18
U07285,24,Mumbai,Family,Influencer,Premium,2025-01-28,No,6
U07286,22,Hyderabad,Family,Referral,Premium,2024-11-19,No,18
U07287,34,Hyderabad,Family,Influencer,Free,2024-02-19,Yes,62
U07288,45,Mumbai,Working Professional,Referral,Free,2024-11-19,No,25
U07289,42,Delhi,Family,Influencer,Premium,2025-05-28,No,14
U07290,46,Delhi,Working Professional,Influencer,Free,2025-04-07,No,3
U07291,33,Mumbai,Student,Google Ads,Free,2024-03-15,No,14
U07292,40,Mumbai,Family,Google Ads,Free,2025-05-15,No,5
U07293,19,Chennai,Working Professional,Instagram Ads,Free,2025-12-27,Yes,61
U07294,39,Mumbai,Student,Google Ads,Free,2024-07-06,Yes,54
U07295,35,Delhi,Student,Referral,Free,2024-05-08,No,8
U07296,48,Pune,Student,Google Ads,Premium,2025-05-07,No,26
U07297,34,Mumbai,Working Professional,Instagram Ads,Premium,2024-04-06,Yes,58
U07298,47,Bangalore,Working Professional,Organic,Premium,2024-12-30,No,10
U07299,24,Delhi,Student,Referral,Free,2025-05-15,No,13
U07300,30,Mumbai,Family,Organic,Free,2024-06-13,No,6
U07301,49,Chennai,Student,Referral,Free,2024-06-25,No,22
U07302,35,Bangalore,Working Professional,Instagram Ads,Free,2025-09-20,No,20
U07303,46,Mumbai,Working Professional,Google Ads,Free,2025-12-22,Yes,60
U07304,31,Bangalore,Working Professional,Organic,Free,2024-09-29,Yes,97
U07305,47,Chennai,Working Professional,Organic,Free,2024-11-22,Yes,119
U07306,35,Delhi,Student,Google Ads,Premium,2025-02-02,Yes,38
U07307,30,Bangalore,Family,Instagram Ads,Free,2025-07-16,Yes,39
U07308,28,Chennai,Student,Google Ads,Free,2025-02-14,No,1
U07309,38,Delhi,Family,Influencer,Premium,2024-03-04,No,22
U07310,47,Hyderabad,Working Professional,Influencer,Premium,2025-03-22,No,4
U07311,38,Bangalore,Working Professional,Influencer,Premium,2024-12-06,No,13
U07312,33,Bangalore,Working Professional,Organic,Free,2024-08-16,Yes,104
U07313,40,Mumbai,Student,Organic,Premium,2025-05-19,No,8
U07314,34,Mumbai,Working Professional,Instagram Ads,Free,2025-09-20,No,9
U07315,25,Hyderabad,Family,Referral,Free,2024-09-06,Yes,107
U07316,36,Delhi,Student,Google Ads,Free,2024-03-10,Yes,50
U07317,37,Mumbai,Working Professional,Referral,Free,2025-05-26,No,1
U07318,32,Delhi,Working Professional,Organic,Free,2024-12-10,No,5
U07319,26,Delhi,Working Professional,Google Ads,Free,2025-06-30,No,28
U07320,37,Chennai,Student,Organic,Free,2024-09-29,No,23
U07321,27,Mumbai,Working Professional,Instagram Ads,Free,2025-07-09,Yes,88
U07322,29,Chennai,Family,Google Ads,Free,2024-12-10,Yes,113
U07323,48,Delhi,Student,Organic,Free,2025-04-04,No,17
U07324,38,Bangalore,Working Professional,Influencer,Premium,2024-04-16,No,22
U07325,40,Delhi,Working Professional,Influencer,Free,2025-05-02,No,23
U07326,49,Hyderabad,Working Professional,Organic,Premium,2024-02-13,Yes,49
U07327,37,Hyderabad,Working Professional,Referral,Premium,2025-05-16,No,2
U07328,47,Delhi,Working Professional,Instagram Ads,Premium,2025-02-28,No,18
U07329,18,Chennai,Student,Instagram Ads,Premium,2024-02-18,Yes,104
U07330,42,Delhi,Family,Organic,Free,2024-02-29,No,28
U07331,37,Bangalore,Family,Instagram Ads,Free,2024-09-14,No,14
U07332,26,Chennai,Student,Google Ads,Free,2025-07-30,Yes,37
U07333,39,Pune,Working Professional,Instagram Ads,Premium,2024-04-23,No,1
U07334,32,Chennai,Working Professional,Influencer,Free,2024-12-14,Yes,37
U07335,18,Mumbai,Family,Organic,Premium,2025-02-01,No,10
U07336,29,Delhi,Family,Google Ads,Free,2025-11-04,No,15
U07337,20,Delhi,Family,Instagram Ads,Free,2025-04-14,No,9
U07338,28,Bangalore,Student,Influencer,Premium,2025-11-06,No,7
U07339,19,Hyderabad,Family,Referral,Free,2024-01-15,Yes,93
U07340,33,Delhi,Family,Instagram Ads,Free,2025-07-02,No,8
U07341,26,Bangalore,Working Professional,Influencer,Free,2024-05-17,No,27
U07342,49,Mumbai,Working Professional,Influencer,Free,2024-09-21,Yes,108
U07343,32,Mumbai,Working Professional,Influencer,Free,2025-07-11,No,2
U07344,29,Bangalore,Working Professional,Influencer,Free,2025-09-09,No,22
U07345,18,Mumbai,Student,Referral,Free,2024-03-21,No,14
U07346,30,Pune,Student,Organic,Free,2024-10-29,Yes,53
U07347,31,Delhi,Student,Influencer,Free,2024-09-30,Yes,33
U07348,42,Hyderabad,Working Professional,Organic,Free,2024-04-22,No,16
U07349,42,Delhi,Student,Referral,Free,2025-02-12,No,27
U07350,25,Delhi,Working Professional,Referral,Free,2025-12-20,No,5
U07351,25,Bangalore,Student,Google Ads,Free,2024-12-30,No,8
U07352,44,Pune,Family,Google Ads,Free,2024-08-28,No,20
U07353,47,Delhi,Family,Influencer,Free,2024-03-29,No,1
U07354,29,Mumbai,Family,Organic,Premium,2025-11-25,No,23
U07355,18,Bangalore,Working Professional,Referral,Free,2024-09-28,Yes,99
U07356,28,Delhi,Student,Instagram Ads,Free,2024-09-11,No,7
U07357,25,Pune,Working Professional,Google Ads,Free,2025-05-03,Yes,31
U07358,27,Hyderabad,Student,Google Ads,Free,2024-09-01,Yes,112
U07359,47,Delhi,Family,Instagram Ads,Free,2024-04-08,No,7
U07360,36,Mumbai,Student,Organic,Free,2025-07-24,No,7
U07361,28,Hyderabad,Working Professional,Organic,Premium,2024-03-13,No,21
U07362,24,Mumbai,Working Professional,Organic,Premium,2025-09-15,No,4
U07363,28,Bangalore,Family,Influencer,Premium,2025-11-07,No,20
U07364,48,Delhi,Working Professional,Influencer,Premium,2024-10-14,No,1
U07365,34,Bangalore,Working Professional,Instagram Ads,Free,2024-07-29,Yes,65
U07366,18,Delhi,Working Professional,Referral,Free,2025-06-17,No,27
U07367,49,Pune,Working Professional,Instagram Ads,Premium,2024-03-23,No,2
U07368,43,Mumbai,Student,Referral,Free,2024-08-29,Yes,108
U07369,46,Mumbai,Family,Instagram Ads,Free,2024-01-12,No,23
U07370,38,Pune,Working Professional,Influencer,Premium,2025-05-31,No,24
U07371,38,Delhi,Student,Organic,Free,2024-04-25,No,24
U07372,25,Mumbai,Family,Google Ads,Free,2024-12-12,Yes,118
U07373,40,Mumbai,Working Professional,Instagram Ads,Premium,2024-01-20,No,23
U07374,41,Mumbai,Family,Instagram Ads,Premium,2025-12-01,No,14
U07375,23,Chennai,Family,Google Ads,Free,2024-05-15,No,16
U07376,39,Hyderabad,Family,Instagram Ads,Free,2025-03-21,No,17
U07377,35,Delhi,Student,Organic,Free,2025-03-13,No,24
U07378,23,Hyderabad,Student,Google Ads,Free,2025-07-23,No,7
U07379,22,Bangalore,Family,Google Ads,Free,2024-06-21,Yes,90
U07380,30,Chennai,Family,Organic,Free,2025-12-05,No,6
U07381,49,Mumbai,Working Professional,Organic,Free,2025-05-31,Yes,119
U07382,36,Bangalore,Working Professional,Google Ads,Free,2024-06-07,Yes,47
U07383,39,Bangalore,Student,Organic,Free,2025-02-08,Yes,63
U07384,25,Mumbai,Family,Organic,Premium,2025-05-26,No,6
U07385,26,Mumbai,Student,Organic,Free,2025-10-13,No,8
U07386,34,Delhi,Student,Google Ads,Free,2024-01-04,No,8
U07387,20,Hyderabad,Working Professional,Instagram Ads,Free,2025-08-09,No,9
U07388,36,Mumbai,Student,Referral,Free,2024-04-13,No,15
U07389,28,Chennai,Family,Google Ads,Premium,2025-01-07,Yes,97
U07390,41,Delhi,Student,Referral,Premium,2025-10-10,Yes,101
U07391,34,Hyderabad,Student,Organic,Free,2024-10-08,No,26
U07392,38,Chennai,Working Professional,Organic,Free,2024-10-09,No,1
U07393,36,Bangalore,Working Professional,Instagram Ads,Free,2025-04-21,Yes,82
U07394,19,Pune,Student,Organic,Premium,2024-08-22,No,19
U07395,48,Pune,Working Professional,Referral,Free,2025-12-02,Yes,91
U07396,25,Mumbai,Working Professional,Google Ads,Premium,2024-06-26,No,27
U07397,36,Bangalore,Family,Google Ads,Free,2024-12-03,No,11
U07398,24,Delhi,Student,Instagram Ads,Premium,2025-05-16,No,10
U07399,45,Bangalore,Family,Referral,Free,2024-08-09,No,9
U07400,44,Delhi,Working Professional,Organic,Free,2025-03-31,No,16
U07401,34,Hyderabad,Student,Influencer,Free,2025-12-26,No,19
U07402,23,Bangalore,Student,Instagram Ads,Free,2025-12-25,Yes,79
U07403,36,Mumbai,Working Professional,Instagram Ads,Free,2024-12-24,No,24
U07404,41,Delhi,Student,Influencer,Free,2025-02-13,No,13
U07405,23,Chennai,Student,Google Ads,Free,2025-08-27,Yes,94
U07406,45,Delhi,Student,Google Ads,Free,2025-07-11,No,17
U07407,19,Delhi,Working Professional,Google Ads,Free,2025-04-06,No,9
U07408,23,Delhi,Working Professional,Influencer,Free,2024-07-09,Yes,68
U07409,40,Chennai,Student,Organic,Free,2024-05-24,Yes,61
U07410,22,Chennai,Working Professional,Organic,Premium,2024-12-09,No,20
U07411,36,Bangalore,Working Professional,Referral,Free,2025-09-07,No,22
U07412,37,Pune,Student,Referral,Free,2025-07-29,Yes,96
U07413,21,Delhi,Family,Google Ads,Free,2024-06-05,No,28
U07414,39,Chennai,Working Professional,Influencer,Free,2024-11-03,Yes,57
U07415,43,Delhi,Family,Instagram Ads,Free,2024-05-07,Yes,33
U07416,34,Delhi,Student,Organic,Free,2024-01-24,Yes,52
U07417,28,Delhi,Family,Influencer,Premium,2024-05-04,No,4
U07418,21,Bangalore,Working Professional,Referral,Free,2024-06-23,Yes,84
U07419,43,Hyderabad,Working Professional,Organic,Free,2024-04-10,No,28
U07420,30,Mumbai,Working Professional,Organic,Free,2024-02-20,Yes,87
U07421,37,Chennai,Student,Influencer,Free,2024-09-14,No,1
U07422,43,Mumbai,Family,Referral,Free,2025-10-22,Yes,48
U07423,49,Delhi,Working Professional,Influencer,Premium,2024-06-16,No,25
U07424,34,Mumbai,Student,Instagram Ads,Free,2024-04-14,No,20
U07425,26,Bangalore,Student,Organic,Free,2025-08-03,Yes,104
U07426,21,Pune,Student,Influencer,Premium,2024-02-04,No,18
U07427,40,Mumbai,Working Professional,Influencer,Premium,2025-03-03,No,5
U07428,45,Bangalore,Working Professional,Instagram Ads,Free,2025-11-05,No,11
U07429,31,Delhi,Working Professional,Influencer,Premium,2024-12-04,No,19
U07430,36,Bangalore,Student,Organic,Premium,2025-12-20,No,9
U07431,43,Chennai,Working Professional,Google Ads,Free,2024-06-01,No,15
U07432,45,Delhi,Working Professional,Google Ads,Free,2025-05-20,No,5
U07433,20,Pune,Student,Referral,Free,2024-03-20,No,5
U07434,31,Bangalore,Student,Instagram Ads,Free,2024-01-31,No,23
U07435,25,Delhi,Student,Referral,Free,2024-08-12,No,12
U07436,41,Chennai,Family,Google Ads,Free,2024-07-27,Yes,91
U07437,44,Mumbai,Working Professional,Instagram Ads,Free,2024-06-28,No,5
U07438,45,Mumbai,Family,Influencer,Free,2025-02-22,No,10
U07439,18,Delhi,Student,Influencer,Free,2025-05-11,No,25
U07440,27,Delhi,Family,Organic,Free,2024-10-31,Yes,55
U07441,35,Pune,Working Professional,Google Ads,Free,2025-10-17,Yes,109
U07442,33,Bangalore,Working Professional,Influencer,Free,2024-11-09,Yes,85
U07443,25,Chennai,Student,Instagram Ads,Free,2024-11-29,No,6
U07444,18,Delhi,Working Professional,Influencer,Free,2024-03-04,Yes,109
U07445,48,Delhi,Family,Referral,Free,2024-11-03,No,10
U07446,29,Delhi,Student,Referral,Premium,2024-02-09,No,9
U07447,25,Bangalore,Student,Referral,Free,2024-08-30,No,25
U07448,41,Chennai,Working Professional,Referral,Free,2024-12-26,No,3
U07449,33,Hyderabad,Family,Referral,Free,2024-09-01,No,11
U07450,35,Mumbai,Working Professional,Organic,Free,2025-08-31,Yes,112
U07451,21,Pune,Student,Referral,Free,2024-05-24,Yes,54
U07452,23,Hyderabad,Working Professional,Organic,Free,2025-07-21,No,17
U07453,29,Delhi,Working Professional,Organic,Free,2024-01-30,No,28
U07454,44,Pune,Family,Influencer,Free,2025-09-11,No,9
U07455,26,Mumbai,Working Professional,Instagram Ads,Free,2025-12-26,No,6
U07456,32,Delhi,Working Professional,Referral,Free,2025-03-03,Yes,112
U07457,33,Delhi,Student,Instagram Ads,Free,2025-01-16,Yes,106
U07458,41,Mumbai,Family,Google Ads,Free,2025-03-28,No,18
U07459,29,Mumbai,Working Professional,Organic,Free,2025-09-07,No,8
U07460,48,Mumbai,Family,Google Ads,Premium,2024-06-29,No,22
U07461,41,Delhi,Working Professional,Organic,Free,2025-05-12,No,14
U07462,40,Hyderabad,Family,Referral,Free,2025-09-30,No,19
U07463,31,Chennai,Family,Google Ads,Free,2024-07-16,Yes,117
U07464,30,Hyderabad,Student,Influencer,Free,2024-12-08,Yes,75
U07465,42,Mumbai,Family,Google Ads,Premium,2024-02-02,No,13
U07466,48,Delhi,Student,Organic,Premium,2024-11-29,No,24
U07467,19,Delhi,Working Professional,Organic,Free,2024-08-21,No,17
U07468,20,Delhi,Family,Instagram Ads,Premium,2025-07-01,No,19
U07469,43,Bangalore,Student,Google Ads,Premium,2025-06-13,No,5
U07470,41,Bangalore,Working Professional,Influencer,Free,2025-03-03,No,21
U07471,47,Hyderabad,Working Professional,Referral,Free,2024-09-22,No,16
U07472,39,Hyderabad,Working Professional,Instagram Ads,Premium,2024-10-21,No,14
U07473,27,Mumbai,Family,Google Ads,Premium,2025-03-15,No,24
U07474,26,Mumbai,Working Professional,Instagram Ads,Premium,2025-07-14,No,22
U07475,43,Hyderabad,Family,Google Ads,Premium,2025-07-23,No,19
U07476,37,Mumbai,Student,Referral,Premium,2024-11-27,No,20
U07477,49,Delhi,Student,Referral,Free,2024-05-30,Yes,88
U07478,25,Mumbai,Working Professional,Influencer,Free,2025-10-08,Yes,41
U07479,27,Delhi,Working Professional,Instagram Ads,Free,2024-10-27,Yes,102
U07480,36,Delhi,Student,Influencer,Free,2024-12-10,Yes,41
U07481,20,Pune,Working Professional,Google Ads,Free,2024-11-06,No,12
U07482,41,Pune,Working Professional,Referral,Premium,2025-09-27,No,11
U07483,22,Delhi,Working Professional,Referral,Premium,2024-07-01,No,7
U07484,20,Delhi,Student,Organic,Free,2025-12-17,Yes,58
U07485,43,Hyderabad,Working Professional,Organic,Free,2024-05-26,No,25
U07486,44,Delhi,Working Professional,Influencer,Premium,2025-09-12,No,22
U07487,33,Mumbai,Family,Instagram Ads,Premium,2024-05-29,Yes,75
U07488,34,Delhi,Working Professional,Google Ads,Free,2024-09-23,No,8
U07489,32,Delhi,Working Professional,Influencer,Free,2025-05-04,No,10
U07490,20,Hyderabad,Family,Referral,Free,2024-05-10,No,3
U07491,29,Pune,Working Professional,Referral,Free,2024-05-26,Yes,69
U07492,26,Delhi,Student,Referral,Premium,2025-08-25,No,11
U07493,38,Mumbai,Family,Google Ads,Premium,2025-01-09,No,4
U07494,29,Delhi,Working Professional,Influencer,Free,2025-04-29,No,12
U07495,43,Delhi,Working Professional,Google Ads,Free,2025-05-18,No,3
U07496,32,Chennai,Working Professional,Referral,Premium,2025-05-18,No,26
U07497,19,Bangalore,Family,Organic,Free,2024-08-06,No,21
U07498,40,Bangalore,Family,Influencer,Free,2025-05-09,Yes,106
U07499,48,Hyderabad,Family,Organic,Premium,2025-06-29,No,23
U07500,35,Pune,Student,Influencer,Free,2024-01-11,Yes,80
U07501,37,Pune,Working Professional,Referral,Free,2024-09-17,No,7
U07502,29,Delhi,Student,Organic,Free,2024-03-11,No,26
U07503,40,Delhi,Student,Organic,Free,2024-06-12,No,28
U07504,21,Bangalore,Family,Influencer,Premium,2024-09-17,No,2
U07505,40,Mumbai,Working Professional,Organic,Free,2025-11-26,No,28
U07506,33,Chennai,Working Professional,Organic,Free,2025-10-06,No,12
U07507,40,Bangalore,Working Professional,Referral,Premium,2025-02-14,No,14
U07508,33,Chennai,Working Professional,Influencer,Free,2025-02-19,Yes,31
U07509,18,Delhi,Student,Influencer,Premium,2024-12-10,No,17
U07510,39,Pune,Student,Instagram Ads,Premium,2024-08-21,No,15
U07511,42,Mumbai,Working Professional,Influencer,Free,2024-01-15,No,22
U07512,19,Chennai,Working Professional,Referral,Premium,2025-09-08,Yes,43
U07513,47,Delhi,Family,Organic,Free,2024-12-19,Yes,73
U07514,20,Bangalore,Family,Instagram Ads,Free,2025-04-27,No,26
U07515,43,Hyderabad,Working Professional,Organic,Premium,2025-03-13,No,18
U07516,38,Mumbai,Family,Influencer,Free,2024-01-20,No,24
U07517,42,Mumbai,Student,Google Ads,Free,2025-04-16,Yes,107
U07518,37,Chennai,Working Professional,Organic,Free,2024-06-10,No,22
U07519,34,Mumbai,Student,Influencer,Free,2025-09-30,Yes,90
U07520,37,Bangalore,Working Professional,Referral,Free,2024-02-03,No,27
U07521,39,Delhi,Working Professional,Influencer,Premium,2024-04-24,Yes,56
U07522,38,Pune,Student,Instagram Ads,Premium,2025-03-05,No,5
U07523,47,Bangalore,Student,Google Ads,Free,2024-01-21,No,11
U07524,46,Mumbai,Working Professional,Google Ads,Premium,2024-06-15,No,8
U07525,18,Delhi,Working Professional,Google Ads,Free,2024-10-22,No,14
U07526,37,Bangalore,Student,Referral,Free,2024-06-20,No,2
U07527,23,Delhi,Working Professional,Google Ads,Premium,2024-06-12,No,20
U07528,46,Delhi,Working Professional,Organic,Premium,2024-08-04,No,7
U07529,32,Bangalore,Working Professional,Referral,Premium,2024-07-17,No,27
U07530,43,Delhi,Working Professional,Influencer,Free,2024-02-19,No,8
U07531,43,Delhi,Student,Instagram Ads,Free,2025-05-12,No,4
U07532,31,Bangalore,Working Professional,Referral,Premium,2025-03-17,No,27
U07533,37,Delhi,Family,Instagram Ads,Premium,2024-11-25,No,10
U07534,32,Mumbai,Working Professional,Referral,Free,2024-11-25,Yes,112
U07535,31,Delhi,Working Professional,Influencer,Premium,2024-10-20,No,22
U07536,42,Bangalore,Working Professional,Instagram Ads,Free,2024-10-06,Yes,106
U07537,38,Bangalore,Student,Referral,Free,2024-12-29,No,10
U07538,41,Hyderabad,Working Professional,Instagram Ads,Free,2025-07-24,No,16
U07539,42,Delhi,Family,Google Ads,Free,2024-06-21,No,3
U07540,43,Delhi,Student,Google Ads,Free,2024-06-02,No,23
U07541,22,Delhi,Family,Google Ads,Free,2025-05-06,No,2
U07542,23,Mumbai,Student,Organic,Premium,2025-08-17,No,1
U07543,34,Chennai,Working Professional,Google Ads,Free,2024-09-23,Yes,49
U07544,28,Delhi,Family,Google Ads,Free,2025-10-01,No,16
U07545,33,Delhi,Family,Influencer,Premium,2025-11-28,No,26
U07546,29,Delhi,Family,Instagram Ads,Premium,2025-02-21,No,12
U07547,32,Bangalore,Family,Instagram Ads,Premium,2024-09-28,No,5
U07548,40,Bangalore,Working Professional,Google Ads,Premium,2025-03-18,No,26
U07549,21,Bangalore,Working Professional,Instagram Ads,Free,2025-05-27,No,20
U07550,44,Pune,Working Professional,Referral,Premium,2025-02-15,No,28
U07551,35,Mumbai,Working Professional,Google Ads,Free,2024-01-15,Yes,115
U07552,38,Delhi,Working Professional,Google Ads,Free,2024-03-20,Yes,30
U07553,45,Mumbai,Working Professional,Organic,Free,2025-11-16,Yes,101
U07554,20,Bangalore,Working Professional,Referral,Free,2025-06-27,No,17
U07555,39,Bangalore,Family,Google Ads,Free,2025-07-04,Yes,96
U07556,25,Bangalore,Working Professional,Google Ads,Premium,2025-12-05,No,19
U07557,40,Hyderabad,Student,Instagram Ads,Premium,2024-08-27,No,23
U07558,49,Bangalore,Working Professional,Google Ads,Premium,2025-08-07,No,19
U07559,20,Pune,Working Professional,Google Ads,Free,2025-08-27,Yes,60
U07560,25,Bangalore,Working Professional,Google Ads,Premium,2024-03-29,No,21
U07561,35,Hyderabad,Family,Google Ads,Free,2024-09-10,No,7
U07562,27,Delhi,Working Professional,Organic,Free,2024-05-18,No,6
U07563,42,Bangalore,Family,Referral,Premium,2025-12-10,No,2
U07564,37,Chennai,Working Professional,Organic,Free,2024-10-16,Yes,71
U07565,34,Mumbai,Working Professional,Instagram Ads,Free,2024-11-01,No,9
U07566,25,Hyderabad,Working Professional,Influencer,Free,2024-06-20,No,28
U07567,40,Hyderabad,Student,Google Ads,Free,2025-06-09,Yes,64
U07568,28,Delhi,Student,Instagram Ads,Premium,2024-11-23,No,28
U07569,46,Bangalore,Student,Influencer,Premium,2024-06-01,Yes,52
U07570,49,Delhi,Working Professional,Google Ads,Premium,2025-12-08,No,18
U07571,22,Chennai,Student,Google Ads,Premium,2024-06-26,No,27
U07572,43,Pune,Family,Influencer,Free,2025-08-29,Yes,48
U07573,30,Delhi,Working Professional,Organic,Free,2025-02-19,No,21
U07574,38,Delhi,Working Professional,Influencer,Premium,2024-11-06,No,10
U07575,40,Bangalore,Student,Influencer,Premium,2025-08-12,No,16
U07576,22,Mumbai,Student,Referral,Free,2024-08-31,Yes,79
U07577,41,Delhi,Student,Google Ads,Premium,2025-02-12,No,20
U07578,44,Bangalore,Working Professional,Google Ads,Free,2024-08-07,No,2
U07579,30,Mumbai,Working Professional,Organic,Premium,2025-12-19,No,18
U07580,23,Delhi,Working Professional,Organic,Free,2025-03-11,Yes,67
U07581,46,Pune,Working Professional,Referral,Free,2024-07-02,No,26
U07582,22,Chennai,Working Professional,Referral,Free,2025-09-18,No,20
U07583,26,Hyderabad,Student,Referral,Premium,2024-05-03,No,23
U07584,44,Pune,Working Professional,Organic,Free,2024-08-25,No,14
U07585,33,Delhi,Working Professional,Influencer,Free,2025-09-11,No,21
U07586,19,Delhi,Working Professional,Google Ads,Free,2025-02-09,No,23
U07587,18,Delhi,Student,Google Ads,Free,2025-07-12,Yes,105
U07588,25,Hyderabad,Working Professional,Instagram Ads,Free,2024-07-16,No,4
U07589,45,Chennai,Student,Organic,Free,2025-07-16,No,17
U07590,36,Hyderabad,Family,Organic,Premium,2025-12-06,No,28
U07591,47,Pune,Working Professional,Referral,Free,2025-08-04,Yes,58
U07592,28,Bangalore,Family,Instagram Ads,Free,2024-03-27,No,21
U07593,45,Mumbai,Working Professional,Instagram Ads,Premium,2024-03-15,No,22
U07594,29,Mumbai,Student,Organic,Free,2025-12-05,Yes,93
U07595,29,Delhi,Working Professional,Referral,Free,2024-11-28,Yes,38
U07596,24,Delhi,Student,Google Ads,Free,2025-03-06,Yes,44
U07597,43,Hyderabad,Family,Referral,Free,2025-01-04,No,4
U07598,30,Mumbai,Family,Google Ads,Premium,2024-02-13,Yes,82
U07599,44,Bangalore,Working Professional,Organic,Premium,2024-10-23,No,14
U07600,25,Bangalore,Working Professional,Referral,Premium,2025-04-10,No,20
U07601,48,Delhi,Working Professional,Instagram Ads,Free,2024-09-06,Yes,116
U07602,49,Mumbai,Family,Influencer,Free,2025-02-25,No,1
U07603,46,Mumbai,Student,Instagram Ads,Free,2025-04-17,Yes,68
U07604,46,Mumbai,Working Professional,Google Ads,Free,2024-09-29,No,22
U07605,39,Pune,Working Professional,Organic,Premium,2024-06-21,Yes,38
U07606,45,Mumbai,Family,Referral,Free,2024-08-23,No,20
U07607,43,Bangalore,Family,Organic,Free,2024-02-15,Yes,41
U07608,47,Pune,Family,Organic,Free,2025-01-26,No,9
U07609,26,Pune,Working Professional,Google Ads,Free,2025-10-16,No,22
U07610,24,Pune,Student,Organic,Free,2024-08-20,No,12
U07611,48,Delhi,Working Professional,Referral,Free,2025-02-20,Yes,57
U07612,43,Delhi,Working Professional,Instagram Ads,Free,2024-09-22,No,16
U07613,38,Delhi,Working Professional,Organic,Free,2024-07-08,No,5
U07614,41,Delhi,Student,Referral,Free,2024-07-01,No,17
U07615,32,Chennai,Working Professional,Referral,Free,2024-12-22,Yes,41
U07616,19,Bangalore,Student,Google Ads,Premium,2025-12-03,No,6
U07617,40,Delhi,Family,Organic,Free,2024-05-18,No,9
U07618,48,Delhi,Student,Google Ads,Premium,2025-06-30,No,11
U07619,37,Delhi,Working Professional,Instagram Ads,Premium,2025-05-19,No,2
U07620,42,Bangalore,Student,Instagram Ads,Premium,2025-04-26,No,24
U07621,29,Hyderabad,Working Professional,Referral,Free,2024-12-17,Yes,39
U07622,18,Pune,Family,Organic,Premium,2024-12-07,No,17
U07623,40,Chennai,Student,Referral,Free,2025-10-05,Yes,41
U07624,39,Delhi,Student,Organic,Free,2024-03-13,No,22
U07625,25,Mumbai,Student,Google Ads,Premium,2024-06-11,No,24
U07626,22,Delhi,Working Professional,Instagram Ads,Free,2024-08-10,No,10
U07627,32,Mumbai,Working Professional,Instagram Ads,Premium,2024-07-03,No,26
U07628,18,Chennai,Student,Google Ads,Premium,2024-04-04,No,1
U07629,18,Bangalore,Working Professional,Influencer,Free,2025-11-14,No,26
U07630,42,Hyderabad,Student,Influencer,Free,2024-11-04,Yes,58
U07631,48,Mumbai,Family,Influencer,Premium,2024-05-27,No,1
U07632,27,Delhi,Family,Organic,Free,2024-11-14,Yes,40
U07633,39,Delhi,Family,Google Ads,Premium,2024-06-27,No,20
U07634,27,Bangalore,Family,Organic,Free,2025-10-15,No,6
U07635,38,Hyderabad,Working Professional,Organic,Premium,2024-10-17,No,16
U07636,32,Delhi,Working Professional,Google Ads,Free,2025-09-13,Yes,78
U07637,34,Hyderabad,Working Professional,Organic,Free,2025-05-11,Yes,45
U07638,39,Pune,Student,Google Ads,Free,2024-10-27,No,11
U07639,23,Mumbai,Student,Influencer,Free,2024-06-09,Yes,104
U07640,20,Hyderabad,Student,Influencer,Free,2024-03-01,Yes,43
U07641,30,Mumbai,Working Professional,Organic,Free,2024-03-12,No,23
U07642,33,Bangalore,Working Professional,Instagram Ads,Free,2025-03-12,Yes,64
U07643,25,Hyderabad,Student,Google Ads,Premium,2025-04-26,No,22
U07644,47,Chennai,Student,Referral,Free,2024-04-24,No,27
U07645,32,Mumbai,Working Professional,Referral,Premium,2024-07-24,No,14
U07646,34,Mumbai,Student,Organic,Free,2024-11-29,No,25
U07647,34,Delhi,Family,Instagram Ads,Free,2024-11-01,Yes,105
U07648,39,Delhi,Student,Google Ads,Free,2025-07-07,No,20
U07649,43,Hyderabad,Working Professional,Influencer,Premium,2025-06-15,No,8
U07650,30,Chennai,Working Professional,Organic,Free,2025-08-26,No,14
U07651,34,Mumbai,Student,Google Ads,Premium,2025-08-02,No,18
U07652,23,Delhi,Working Professional,Google Ads,Premium,2024-05-14,No,26
U07653,34,Mumbai,Working Professional,Google Ads,Premium,2025-07-31,No,4
U07654,33,Mumbai,Family,Instagram Ads,Premium,2024-05-30,No,23
U07655,31,Mumbai,Working Professional,Google Ads,Free,2025-07-01,Yes,32
U07656,30,Delhi,Student,Instagram Ads,Free,2024-05-19,No,4
U07657,23,Hyderabad,Student,Instagram Ads,Premium,2025-02-10,No,9
U07658,20,Delhi,Student,Google Ads,Free,2025-05-04,No,2
U07659,31,Bangalore,Student,Influencer,Free,2024-07-23,No,14
U07660,31,Hyderabad,Working Professional,Google Ads,Free,2024-10-21,Yes,77
U07661,32,Delhi,Family,Influencer,Free,2025-08-04,Yes,53
U07662,25,Bangalore,Working Professional,Organic,Premium,2025-11-01,No,19
U07663,46,Bangalore,Working Professional,Referral,Free,2024-07-02,Yes,32
U07664,32,Bangalore,Working Professional,Organic,Free,2024-01-18,No,27
U07665,39,Mumbai,Family,Instagram Ads,Free,2025-01-17,Yes,31
U07666,46,Mumbai,Student,Organic,Free,2025-07-24,Yes,62
U07667,44,Pune,Working Professional,Referral,Free,2025-09-12,No,10
U07668,30,Hyderabad,Family,Referral,Free,2025-10-04,Yes,119
U07669,34,Mumbai,Student,Influencer,Free,2025-06-25,Yes,67
U07670,48,Delhi,Student,Organic,Premium,2025-05-22,Yes,107
U07671,38,Delhi,Family,Instagram Ads,Free,2024-07-10,No,20
U07672,41,Delhi,Working Professional,Instagram Ads,Free,2024-07-16,Yes,39
U07673,20,Bangalore,Student,Influencer,Free,2024-08-29,Yes,113
U07674,45,Delhi,Working Professional,Influencer,Premium,2024-03-31,No,14
U07675,23,Mumbai,Working Professional,Organic,Premium,2024-01-02,No,24
U07676,22,Hyderabad,Working Professional,Influencer,Premium,2025-08-31,No,14
U07677,39,Mumbai,Working Professional,Referral,Premium,2025-04-09,No,23
U07678,43,Hyderabad,Student,Instagram Ads,Premium,2024-10-11,No,4
U07679,34,Hyderabad,Working Professional,Referral,Premium,2024-01-04,No,11
U07680,40,Delhi,Working Professional,Google Ads,Premium,2024-08-25,No,27
U07681,42,Hyderabad,Family,Referral,Free,2025-07-05,No,22
U07682,19,Hyderabad,Student,Instagram Ads,Free,2025-03-14,No,21
U07683,43,Mumbai,Family,Google Ads,Free,2025-01-24,No,2
U07684,32,Delhi,Student,Organic,Premium,2024-11-24,No,7
U07685,22,Bangalore,Working Professional,Google Ads,Premium,2024-08-28,No,25
U07686,43,Chennai,Family,Influencer,Free,2025-09-06,No,13
U07687,37,Bangalore,Working Professional,Instagram Ads,Premium,2025-05-09,No,8
U07688,23,Delhi,Student,Influencer,Free,2024-03-01,No,12
U07689,23,Hyderabad,Student,Referral,Free,2024-03-02,No,7
U07690,44,Mumbai,Working Professional,Organic,Free,2025-03-27,Yes,46
U07691,49,Bangalore,Working Professional,Instagram Ads,Free,2024-10-03,No,22
U07692,35,Hyderabad,Family,Organic,Free,2024-06-07,No,27
U07693,35,Bangalore,Working Professional,Instagram Ads,Free,2024-08-26,No,2
U07694,21,Pune,Family,Influencer,Premium,2024-02-12,No,6
U07695,34,Hyderabad,Working Professional,Referral,Free,2025-02-16,Yes,87
U07696,42,Bangalore,Family,Google Ads,Free,2025-03-14,No,17
U07697,31,Delhi,Student,Organic,Free,2024-11-09,No,15
U07698,31,Pune,Family,Instagram Ads,Free,2024-05-31,No,22
U07699,30,Chennai,Working Professional,Instagram Ads,Free,2024-03-20,Yes,110
U07700,24,Delhi,Family,Organic,Free,2024-05-16,Yes,38
U07701,49,Mumbai,Student,Google Ads,Free,2025-12-25,No,26
U07702,29,Delhi,Working Professional,Referral,Free,2025-03-25,No,11
U07703,40,Hyderabad,Working Professional,Instagram Ads,Free,2025-01-20,Yes,61
U07704,32,Hyderabad,Family,Instagram Ads,Free,2025-11-07,No,9
U07705,36,Delhi,Working Professional,Organic,Free,2025-01-17,Yes,40
U07706,48,Pune,Working Professional,Organic,Free,2024-06-13,Yes,94
U07707,28,Delhi,Working Professional,Instagram Ads,Free,2025-12-09,Yes,47
U07708,32,Hyderabad,Working Professional,Instagram Ads,Premium,2024-10-28,No,4
U07709,29,Mumbai,Student,Instagram Ads,Free,2024-02-17,No,4
U07710,20,Mumbai,Student,Influencer,Premium,2024-05-06,No,16
U07711,34,Delhi,Student,Instagram Ads,Free,2025-01-02,No,1
U07712,20,Delhi,Working Professional,Referral,Free,2025-10-09,Yes,31
U07713,36,Bangalore,Family,Referral,Free,2024-02-01,Yes,110
U07714,37,Bangalore,Family,Google Ads,Free,2025-05-21,Yes,104
U07715,21,Delhi,Student,Organic,Free,2025-09-04,No,7
U07716,20,Delhi,Student,Google Ads,Premium,2024-03-17,No,2
U07717,49,Delhi,Student,Instagram Ads,Free,2025-12-07,No,4
U07718,43,Hyderabad,Student,Organic,Free,2024-07-19,No,2
U07719,33,Hyderabad,Student,Instagram Ads,Free,2024-03-08,No,23
U07720,29,Delhi,Working Professional,Organic,Free,2024-01-28,No,16
U07721,25,Bangalore,Working Professional,Influencer,Free,2025-02-03,No,4
U07722,41,Delhi,Working Professional,Influencer,Premium,2024-02-26,No,23
U07723,46,Chennai,Working Professional,Influencer,Free,2024-07-21,Yes,81
U07724,46,Chennai,Student,Google Ads,Premium,2025-07-20,No,10
U07725,34,Hyderabad,Working Professional,Organic,Premium,2024-03-23,No,10
U07726,24,Chennai,Family,Google Ads,Free,2025-09-09,Yes,65
U07727,28,Pune,Student,Organic,Free,2024-09-07,No,9
U07728,35,Pune,Student,Instagram Ads,Premium,2024-12-07,Yes,61
U07729,18,Bangalore,Student,Influencer,Free,2025-02-26,Yes,73
U07730,20,Mumbai,Student,Influencer,Free,2025-03-14,Yes,45
U07731,49,Delhi,Working Professional,Organic,Free,2025-02-17,No,19
U07732,21,Mumbai,Student,Google Ads,Free,2024-05-12,No,21
U07733,30,Bangalore,Working Professional,Google Ads,Premium,2025-03-04,No,27
U07734,23,Delhi,Student,Referral,Free,2025-12-04,No,8
U07735,43,Delhi,Working Professional,Influencer,Free,2025-06-27,Yes,55
U07736,49,Mumbai,Student,Influencer,Free,2025-09-01,No,4
U07737,31,Delhi,Working Professional,Google Ads,Free,2024-09-24,No,5
U07738,22,Bangalore,Student,Influencer,Premium,2024-04-16,No,16
U07739,33,Chennai,Student,Google Ads,Free,2024-03-06,No,18
U07740,32,Hyderabad,Family,Referral,Premium,2024-02-21,No,6
U07741,32,Bangalore,Working Professional,Organic,Free,2025-12-11,No,23
U07742,47,Bangalore,Student,Organic,Free,2024-10-14,No,24
U07743,21,Mumbai,Working Professional,Referral,Free,2024-08-19,Yes,50
U07744,25,Delhi,Working Professional,Influencer,Premium,2024-06-11,No,20
U07745,44,Pune,Working Professional,Instagram Ads,Free,2024-08-28,No,5
U07746,33,Delhi,Working Professional,Influencer,Free,2025-01-24,No,19
U07747,45,Delhi,Family,Google Ads,Premium,2024-01-22,No,21
U07748,33,Hyderabad,Student,Instagram Ads,Free,2025-12-29,Yes,60
U07749,47,Delhi,Working Professional,Referral,Free,2025-11-17,No,22
U07750,21,Mumbai,Student,Organic,Premium,2025-05-07,No,13
U07751,30,Delhi,Working Professional,Organic,Premium,2025-11-14,No,4
U07752,43,Delhi,Family,Influencer,Free,2025-06-04,No,11
U07753,45,Delhi,Family,Organic,Premium,2024-12-27,Yes,46
U07754,49,Delhi,Working Professional,Influencer,Free,2024-02-28,Yes,109
U07755,30,Bangalore,Family,Google Ads,Free,2025-04-29,No,20
U07756,19,Pune,Working Professional,Google Ads,Free,2025-09-20,No,7
U07757,48,Mumbai,Working Professional,Referral,Premium,2024-04-10,No,24
U07758,20,Pune,Family,Google Ads,Free,2024-12-05,No,12
U07759,39,Delhi,Student,Influencer,Free,2025-04-30,Yes,100
U07760,25,Mumbai,Working Professional,Organic,Free,2025-11-19,No,3
U07761,41,Delhi,Working Professional,Google Ads,Free,2024-01-16,No,7
U07762,32,Bangalore,Family,Google Ads,Premium,2025-05-12,Yes,106
U07763,28,Mumbai,Family,Influencer,Free,2024-04-30,No,27
U07764,48,Bangalore,Family,Google Ads,Free,2024-08-01,No,10
U07765,26,Hyderabad,Family,Organic,Free,2024-11-25,Yes,97
U07766,24,Bangalore,Working Professional,Organic,Premium,2024-03-24,No,12
U07767,30,Bangalore,Student,Organic,Premium,2024-06-29,No,1
U07768,19,Chennai,Student,Organic,Free,2025-01-20,No,13
U07769,25,Mumbai,Working Professional,Instagram Ads,Free,2024-11-18,No,7
U07770,24,Mumbai,Working Professional,Organic,Free,2025-07-07,No,18
U07771,41,Hyderabad,Working Professional,Instagram Ads,Premium,2025-03-23,No,8
U07772,29,Bangalore,Working Professional,Organic,Free,2024-03-13,Yes,39
U07773,36,Delhi,Family,Organic,Free,2024-09-11,No,15
U07774,24,Mumbai,Working Professional,Influencer,Free,2025-11-30,No,18
U07775,27,Mumbai,Family,Organic,Free,2024-10-16,Yes,106
U07776,46,Mumbai,Family,Google Ads,Free,2025-05-14,Yes,64
U07777,42,Delhi,Working Professional,Organic,Free,2025-08-30,Yes,83
U07778,33,Chennai,Working Professional,Referral,Premium,2025-08-10,No,8
U07779,20,Hyderabad,Working Professional,Influencer,Free,2024-01-02,Yes,59
U07780,47,Mumbai,Working Professional,Influencer,Premium,2025-01-17,No,2
U07781,27,Hyderabad,Student,Organic,Premium,2025-11-20,Yes,71
U07782,23,Pune,Student,Referral,Premium,2024-04-21,No,4
U07783,35,Delhi,Student,Organic,Free,2024-07-22,Yes,78
U07784,35,Delhi,Student,Google Ads,Free,2024-01-26,No,23
U07785,22,Bangalore,Student,Influencer,Free,2024-04-17,Yes,109
U07786,38,Hyderabad,Student,Influencer,Free,2025-11-07,No,21
U07787,46,Delhi,Working Professional,Referral,Premium,2025-07-20,No,26
U07788,24,Chennai,Family,Instagram Ads,Free,2024-09-30,No,8
U07789,45,Mumbai,Working Professional,Referral,Free,2025-06-25,No,1
U07790,19,Mumbai,Family,Google Ads,Free,2024-01-17,No,22
U07791,28,Mumbai,Working Professional,Referral,Premium,2025-04-08,No,12
U07792,47,Delhi,Working Professional,Instagram Ads,Free,2024-10-24,No,6
U07793,30,Hyderabad,Working Professional,Google Ads,Free,2025-08-15,No,20
U07794,40,Chennai,Student,Google Ads,Free,2025-01-30,No,7
U07795,22,Mumbai,Family,Instagram Ads,Free,2024-01-27,No,11
U07796,47,Chennai,Family,Organic,Free,2024-07-01,No,9
U07797,23,Pune,Working Professional,Referral,Premium,2025-05-30,Yes,96
U07798,41,Mumbai,Student,Google Ads,Free,2025-11-05,No,8
U07799,43,Bangalore,Working Professional,Referral,Premium,2025-03-24,No,17
U07800,46,Mumbai,Student,Instagram Ads,Premium,2024-11-27,No,11
U07801,31,Bangalore,Student,Influencer,Premium,2025-08-06,No,28
U07802,29,Delhi,Family,Instagram Ads,Free,2025-03-31,Yes,60
U07803,21,Hyderabad,Working Professional,Referral,Free,2025-08-10,No,9
U07804,46,Delhi,Working Professional,Google Ads,Free,2025-02-23,No,12
U07805,40,Pune,Family,Referral,Premium,2024-08-27,No,4
U07806,23,Pune,Working Professional,Influencer,Premium,2025-05-26,No,3
U07807,49,Delhi,Working Professional,Google Ads,Free,2024-10-16,No,12
U07808,27,Mumbai,Student,Influencer,Free,2025-03-14,Yes,54
U07809,35,Mumbai,Student,Organic,Free,2025-06-06,Yes,87
U07810,32,Bangalore,Working Professional,Instagram Ads,Premium,2025-07-24,No,16
U07811,25,Mumbai,Working Professional,Organic,Free,2024-09-15,Yes,40
U07812,43,Bangalore,Student,Referral,Free,2025-12-14,No,10
U07813,49,Mumbai,Student,Organic,Premium,2024-09-24,No,1
U07814,26,Delhi,Working Professional,Instagram Ads,Free,2024-04-22,No,14
U07815,22,Delhi,Working Professional,Google Ads,Free,2025-08-07,Yes,50
U07816,27,Delhi,Working Professional,Influencer,Premium,2025-02-08,No,1
U07817,37,Hyderabad,Working Professional,Google Ads,Free,2025-02-05,Yes,103
U07818,23,Chennai,Student,Organic,Free,2024-08-23,No,26
U07819,33,Mumbai,Working Professional,Referral,Free,2024-01-06,Yes,62
U07820,41,Bangalore,Family,Organic,Premium,2025-08-23,No,24
U07821,44,Delhi,Student,Instagram Ads,Free,2024-04-23,Yes,33
U07822,48,Bangalore,Working Professional,Instagram Ads,Premium,2024-12-30,No,17
U07823,20,Delhi,Working Professional,Referral,Free,2024-11-16,Yes,98
U07824,27,Bangalore,Working Professional,Google Ads,Free,2024-11-06,No,28
U07825,28,Chennai,Student,Instagram Ads,Free,2024-06-16,Yes,42
U07826,28,Delhi,Family,Instagram Ads,Free,2024-02-21,Yes,94
U07827,34,Hyderabad,Working Professional,Referral,Premium,2024-10-26,No,5
U07828,49,Delhi,Family,Google Ads,Free,2024-03-02,No,27
U07829,21,Mumbai,Student,Organic,Premium,2024-03-24,No,22
U07830,48,Delhi,Working Professional,Influencer,Premium,2024-12-18,No,4
U07831,21,Mumbai,Working Professional,Referral,Free,2025-10-30,No,3
U07832,34,Delhi,Working Professional,Google Ads,Free,2025-05-17,Yes,60
U07833,26,Mumbai,Working Professional,Influencer,Free,2025-10-20,No,25
U07834,36,Mumbai,Working Professional,Referral,Free,2025-04-19,No,21
U07835,22,Mumbai,Student,Organic,Free,2025-09-26,Yes,58
U07836,49,Bangalore,Working Professional,Organic,Free,2025-05-17,Yes,90
U07837,39,Chennai,Student,Google Ads,Premium,2025-11-24,No,28
U07838,41,Mumbai,Student,Google Ads,Free,2024-04-08,No,23
U07839,23,Delhi,Working Professional,Organic,Premium,2025-12-02,Yes,41
U07840,20,Delhi,Student,Organic,Premium,2024-11-01,No,24
U07841,39,Pune,Family,Referral,Premium,2024-11-10,No,3
U07842,18,Bangalore,Family,Google Ads,Premium,2025-12-10,Yes,56
U07843,37,Mumbai,Working Professional,Influencer,Free,2025-03-17,No,20
U07844,39,Delhi,Family,Organic,Free,2024-09-03,No,17
U07845,33,Mumbai,Family,Influencer,Free,2024-09-21,No,20
U07846,40,Delhi,Student,Google Ads,Free,2025-07-22,Yes,109
U07847,28,Chennai,Family,Google Ads,Free,2025-02-28,Yes,61
U07848,30,Pune,Student,Instagram Ads,Free,2024-02-27,No,24
U07849,44,Delhi,Working Professional,Organic,Free,2025-04-28,No,6
U07850,27,Bangalore,Working Professional,Google Ads,Premium,2024-11-19,No,14
U07851,20,Delhi,Working Professional,Google Ads,Premium,2024-07-04,No,5
U07852,26,Mumbai,Student,Organic,Free,2025-05-13,Yes,86
U07853,45,Pune,Student,Instagram Ads,Free,2024-03-02,No,2
U07854,29,Bangalore,Working Professional,Instagram Ads,Premium,2025-08-15,No,26
U07855,40,Mumbai,Working Professional,Instagram Ads,Free,2024-09-02,Yes,77
U07856,31,Delhi,Working Professional,Instagram Ads,Free,2025-05-01,No,15
U07857,18,Pune,Working Professional,Referral,Premium,2025-01-07,No,9
U07858,35,Bangalore,Student,Organic,Free,2025-05-29,No,5
U07859,34,Mumbai,Student,Organic,Free,2024-02-20,No,2
U07860,44,Delhi,Working Professional,Organic,Premium,2025-09-08,No,1
U07861,26,Mumbai,Working Professional,Instagram Ads,Free,2024-04-08,Yes,116
U07862,26,Chennai,Student,Instagram Ads,Free,2024-11-18,No,3
U07863,40,Bangalore,Student,Google Ads,Free,2025-08-14,No,5
U07864,27,Mumbai,Student,Referral,Premium,2025-03-16,Yes,117
U07865,36,Bangalore,Student,Organic,Free,2025-02-07,Yes,63
U07866,46,Hyderabad,Working Professional,Referral,Premium,2025-02-20,No,16
U07867,32,Mumbai,Working Professional,Organic,Premium,2025-11-13,No,6
U07868,22,Delhi,Working Professional,Instagram Ads,Free,2024-06-03,No,8
U07869,32,Bangalore,Family,Instagram Ads,Free,2025-06-25,Yes,61
U07870,37,Bangalore,Student,Organic,Free,2025-09-02,Yes,76
U07871,49,Hyderabad,Working Professional,Influencer,Free,2024-05-25,Yes,115
U07872,40,Pune,Working Professional,Instagram Ads,Free,2024-08-22,No,24
U07873,47,Mumbai,Working Professional,Google Ads,Free,2025-04-18,No,1
U07874,42,Delhi,Working Professional,Instagram Ads,Premium,2025-02-02,Yes,94
U07875,45,Chennai,Working Professional,Google Ads,Free,2025-09-02,No,20
U07876,19,Mumbai,Working Professional,Referral,Free,2025-04-04,No,22
U07877,30,Bangalore,Student,Instagram Ads,Premium,2025-12-02,No,14
U07878,41,Bangalore,Working Professional,Instagram Ads,Free,2025-03-08,Yes,62
U07879,33,Bangalore,Working Professional,Referral,Free,2024-09-13,No,20
U07880,32,Delhi,Family,Google Ads,Premium,2025-12-15,Yes,39
U07881,42,Hyderabad,Working Professional,Influencer,Premium,2025-03-14,No,4
U07882,27,Pune,Working Professional,Google Ads,Free,2025-06-20,Yes,102
U07883,31,Bangalore,Working Professional,Organic,Free,2024-06-23,No,14
U07884,27,Mumbai,Family,Organic,Premium,2025-12-13,No,10
U07885,42,Delhi,Family,Organic,Free,2025-05-05,No,4
U07886,31,Delhi,Working Professional,Referral,Free,2024-10-09,No,13
U07887,43,Mumbai,Working Professional,Google Ads,Free,2025-08-27,No,22
U07888,47,Mumbai,Student,Instagram Ads,Free,2025-07-15,No,8
U07889,40,Chennai,Working Professional,Organic,Free,2024-08-06,No,18
U07890,48,Hyderabad,Working Professional,Google Ads,Free,2024-06-04,Yes,77
U07891,26,Bangalore,Working Professional,Instagram Ads,Free,2024-02-26,Yes,72
U07892,42,Bangalore,Student,Google Ads,Premium,2025-05-25,No,23
U07893,31,Delhi,Working Professional,Referral,Premium,2024-12-03,Yes,70
U07894,20,Chennai,Student,Organic,Free,2025-12-19,Yes,85
U07895,37,Mumbai,Working Professional,Influencer,Free,2024-09-28,Yes,110
U07896,33,Delhi,Student,Organic,Premium,2025-12-27,No,14
U07897,19,Mumbai,Working Professional,Organic,Free,2024-07-02,No,11
U07898,27,Pune,Student,Referral,Free,2024-10-17,No,20
U07899,20,Pune,Student,Instagram Ads,Free,2024-10-28,No,21
U07900,28,Delhi,Working Professional,Organic,Premium,2025-08-01,No,28
U07901,28,Pune,Student,Instagram Ads,Free,2024-09-03,Yes,81
U07902,38,Delhi,Working Professional,Instagram Ads,Premium,2024-01-16,No,3
U07903,38,Delhi,Family,Referral,Free,2024-11-30,Yes,117
U07904,39,Pune,Family,Organic,Free,2024-07-29,No,6
U07905,30,Pune,Student,Referral,Free,2025-08-08,No,26
U07906,24,Bangalore,Family,Referral,Premium,2025-01-07,No,16
U07907,40,Bangalore,Working Professional,Influencer,Free,2025-02-09,Yes,66
U07908,34,Pune,Family,Referral,Premium,2025-06-13,No,23
U07909,49,Hyderabad,Working Professional,Influencer,Free,2024-01-22,No,6
U07910,47,Pune,Student,Instagram Ads,Free,2025-09-09,No,6
U07911,49,Bangalore,Working Professional,Instagram Ads,Free,2024-04-28,No,21
U07912,19,Chennai,Student,Google Ads,Free,2025-06-11,No,6
U07913,29,Chennai,Working Professional,Google Ads,Free,2024-07-02,Yes,98
U07914,42,Delhi,Working Professional,Instagram Ads,Premium,2025-05-29,No,13
U07915,27,Pune,Working Professional,Organic,Premium,2025-05-06,No,26
U07916,35,Mumbai,Working Professional,Google Ads,Free,2025-05-20,Yes,116
U07917,39,Mumbai,Family,Referral,Premium,2025-09-26,No,17
U07918,44,Bangalore,Family,Google Ads,Premium,2025-03-12,No,2
U07919,28,Delhi,Working Professional,Instagram Ads,Free,2024-04-14,No,6
U07920,33,Bangalore,Working Professional,Organic,Free,2024-04-12,Yes,97
U07921,34,Pune,Family,Instagram Ads,Premium,2024-07-26,No,7
U07922,36,Delhi,Family,Organic,Free,2025-10-22,Yes,59
U07923,35,Mumbai,Student,Google Ads,Free,2025-12-05,No,22
U07924,20,Chennai,Student,Referral,Free,2024-02-16,Yes,94
U07925,38,Mumbai,Student,Referral,Premium,2024-10-30,No,3
U07926,44,Mumbai,Working Professional,Instagram Ads,Free,2024-06-15,Yes,56
U07927,43,Mumbai,Student,Organic,Free,2025-05-08,No,17
U07928,33,Bangalore,Working Professional,Google Ads,Free,2024-03-27,No,3
U07929,23,Bangalore,Working Professional,Organic,Free,2024-08-13,No,23
U07930,42,Pune,Working Professional,Organic,Free,2024-04-29,Yes,90
U07931,29,Mumbai,Working Professional,Organic,Free,2024-09-04,No,2
U07932,28,Pune,Student,Google Ads,Premium,2025-05-19,No,14
U07933,32,Bangalore,Family,Organic,Premium,2024-12-18,Yes,117
U07934,32,Mumbai,Family,Referral,Free,2024-05-23,No,6
U07935,33,Bangalore,Working Professional,Instagram Ads,Premium,2024-12-15,No,23
U07936,27,Hyderabad,Family,Influencer,Premium,2025-05-29,No,18
U07937,29,Bangalore,Student,Organic,Free,2024-11-12,No,24
U07938,45,Delhi,Working Professional,Referral,Free,2024-01-26,No,2
U07939,30,Delhi,Student,Referral,Premium,2025-06-13,No,12
U07940,21,Mumbai,Working Professional,Instagram Ads,Free,2024-11-17,Yes,78
U07941,24,Mumbai,Student,Instagram Ads,Free,2024-10-22,Yes,47
U07942,39,Bangalore,Working Professional,Influencer,Free,2024-05-10,No,10
U07943,19,Delhi,Student,Influencer,Free,2024-01-17,No,15
U07944,43,Hyderabad,Working Professional,Influencer,Free,2025-08-04,No,13
U07945,44,Delhi,Working Professional,Google Ads,Free,2024-07-03,No,10
U07946,44,Mumbai,Family,Google Ads,Free,2024-02-18,Yes,104
U07947,44,Bangalore,Working Professional,Referral,Free,2024-03-16,Yes,41
U07948,32,Delhi,Student,Instagram Ads,Free,2025-06-11,No,13
U07949,48,Pune,Student,Organic,Free,2024-01-06,No,7
U07950,25,Delhi,Family,Instagram Ads,Free,2024-02-03,No,22
U07951,24,Mumbai,Working Professional,Google Ads,Free,2024-02-28,Yes,63
U07952,48,Pune,Working Professional,Referral,Premium,2024-03-07,Yes,85
U07953,32,Bangalore,Working Professional,Organic,Free,2024-09-11,No,22
U07954,40,Mumbai,Student,Influencer,Premium,2025-02-06,No,25
U07955,31,Mumbai,Student,Influencer,Free,2024-06-05,No,24
U07956,48,Hyderabad,Working Professional,Google Ads,Premium,2024-02-01,Yes,76
U07957,25,Chennai,Student,Referral,Free,2024-01-10,No,22
U07958,45,Pune,Student,Instagram Ads,Free,2025-12-04,Yes,63
U07959,29,Mumbai,Student,Google Ads,Free,2025-01-09,Yes,101
U07960,30,Chennai,Student,Instagram Ads,Premium,2024-12-14,No,23
U07961,47,Delhi,Student,Organic,Free,2025-08-11,No,19
U07962,28,Delhi,Family,Instagram Ads,Free,2025-06-15,No,9
U07963,34,Pune,Working Professional,Organic,Free,2024-06-04,Yes,113
U07964,48,Delhi,Working Professional,Referral,Free,2024-01-27,Yes,43
U07965,46,Delhi,Student,Google Ads,Free,2024-06-01,Yes,88
U07966,34,Delhi,Student,Instagram Ads,Premium,2024-10-11,No,21
U07967,41,Mumbai,Family,Referral,Free,2025-09-19,Yes,119
U07968,21,Hyderabad,Working Professional,Referral,Free,2024-09-06,Yes,95
U07969,38,Bangalore,Student,Instagram Ads,Premium,2025-03-04,No,9
U07970,25,Delhi,Working Professional,Influencer,Free,2025-07-10,No,13
U07971,22,Bangalore,Working Professional,Influencer,Free,2024-10-12,No,1
U07972,43,Chennai,Family,Organic,Free,2025-05-20,Yes,55
U07973,33,Pune,Student,Referral,Premium,2024-10-20,No,13
U07974,21,Mumbai,Working Professional,Google Ads,Free,2025-03-19,Yes,78
U07975,45,Chennai,Working Professional,Google Ads,Free,2024-10-14,No,11
U07976,39,Hyderabad,Family,Referral,Free,2024-11-01,No,2
U07977,46,Delhi,Family,Influencer,Free,2024-03-11,Yes,110
U07978,32,Delhi,Student,Referral,Free,2024-06-11,No,25
U07979,29,Delhi,Working Professional,Organic,Free,2025-04-25,Yes,105
U07980,22,Hyderabad,Working Professional,Referral,Free,2025-08-10,No,11
U07981,47,Delhi,Working Professional,Instagram Ads,Free,2024-12-08,Yes,114
U07982,40,Bangalore,Family,Influencer,Free,2025-05-31,No,22
U07983,33,Delhi,Family,Instagram Ads,Premium,2024-04-16,No,16
U07984,31,Chennai,Student,Instagram Ads,Free,2025-09-22,Yes,57
U07985,27,Mumbai,Student,Referral,Free,2025-08-31,No,27
U07986,24,Chennai,Working Professional,Referral,Free,2025-11-23,No,26
U07987,30,Chennai,Student,Google Ads,Free,2025-05-12,No,19
U07988,37,Delhi,Student,Instagram Ads,Premium,2024-01-01,No,22
U07989,45,Mumbai,Working Professional,Referral,Free,2025-08-20,Yes,61
U07990,46,Delhi,Family,Google Ads,Free,2025-04-20,No,10
U07991,22,Chennai,Student,Instagram Ads,Premium,2025-03-28,No,20
U07992,46,Bangalore,Working Professional,Google Ads,Free,2024-03-05,Yes,105
U07993,20,Delhi,Student,Influencer,Free,2025-04-29,No,2
U07994,32,Delhi,Student,Organic,Premium,2025-09-06,Yes,99
U07995,21,Mumbai,Working Professional,Instagram Ads,Free,2025-02-25,No,14
U07996,32,Chennai,Student,Referral,Free,2025-06-19,No,23
U07997,31,Hyderabad,Family,Influencer,Premium,2024-05-30,No,17
U07998,37,Pune,Family,Google Ads,Free,2025-01-25,Yes,108
U07999,36,Mumbai,Working Professional,Organic,Free,2025-02-18,Yes,61
U08000,30,Delhi,Student,Instagram Ads,Premium,2024-01-07,No,26
U08001,27,Chennai,Working Professional,Organic,Premium,2025-05-30,No,10
U08002,38,Delhi,Student,Influencer,Free,2025-11-24,Yes,106
U08003,49,Chennai,Student,Organic,Free,2025-04-10,Yes,57
U08004,22,Mumbai,Working Professional,Instagram Ads,Free,2024-04-13,No,14
U08005,44,Delhi,Working Professional,Influencer,Free,2025-04-08,No,14
U08006,40,Hyderabad,Student,Google Ads,Free,2025-07-17,No,23
U08007,37,Chennai,Student,Instagram Ads,Free,2025-08-16,No,10
U08008,46,Chennai,Family,Organic,Free,2025-07-13,No,15
U08009,37,Delhi,Working Professional,Instagram Ads,Free,2024-12-16,Yes,42
U08010,42,Delhi,Family,Influencer,Free,2025-12-29,No,22
U08011,23,Bangalore,Family,Organic,Free,2024-12-31,No,18
U08012,48,Bangalore,Working Professional,Google Ads,Free,2024-06-30,No,1
U08013,21,Hyderabad,Student,Referral,Premium,2024-08-30,No,3
U08014,19,Delhi,Working Professional,Google Ads,Premium,2024-08-07,No,9
U08015,39,Chennai,Student,Instagram Ads,Premium,2024-07-26,No,10
U08016,49,Bangalore,Student,Referral,Free,2025-09-30,No,5
U08017,33,Pune,Working Professional,Influencer,Premium,2024-06-30,No,5
U08018,35,Bangalore,Working Professional,Organic,Premium,2025-03-04,No,15
U08019,22,Mumbai,Student,Organic,Free,2024-02-04,Yes,68
U08020,39,Chennai,Working Professional,Influencer,Premium,2025-11-05,Yes,46
U08021,21,Bangalore,Working Professional,Instagram Ads,Premium,2025-02-24,No,4
U08022,47,Pune,Student,Google Ads,Free,2024-07-21,Yes,89
U08023,30,Chennai,Student,Referral,Free,2024-06-10,No,23
U08024,36,Bangalore,Student,Influencer,Premium,2025-02-11,No,27
U08025,40,Bangalore,Working Professional,Instagram Ads,Free,2024-12-14,Yes,79
U08026,19,Delhi,Working Professional,Instagram Ads,Free,2024-01-04,No,18
U08027,30,Delhi,Working Professional,Referral,Free,2024-12-26,No,7
U08028,28,Delhi,Working Professional,Influencer,Free,2025-08-12,No,20
U08029,47,Delhi,Student,Google Ads,Premium,2025-10-25,Yes,34
U08030,39,Delhi,Student,Google Ads,Free,2024-12-23,No,1
U08031,46,Mumbai,Student,Influencer,Free,2025-09-19,No,28
U08032,21,Mumbai,Student,Organic,Free,2024-02-05,No,14
U08033,39,Mumbai,Student,Google Ads,Free,2024-11-30,Yes,97
U08034,37,Delhi,Working Professional,Organic,Free,2024-10-17,Yes,119
U08035,37,Delhi,Student,Influencer,Free,2024-10-11,Yes,51
U08036,32,Bangalore,Working Professional,Instagram Ads,Free,2024-02-05,No,21
U08037,21,Bangalore,Working Professional,Influencer,Free,2024-11-19,No,12
U08038,26,Mumbai,Working Professional,Instagram Ads,Free,2025-04-07,No,22
U08039,24,Bangalore,Student,Influencer,Free,2025-01-29,No,10
U08040,36,Pune,Family,Organic,Premium,2025-07-20,No,6
U08041,36,Mumbai,Family,Organic,Free,2024-02-18,No,23
U08042,23,Bangalore,Student,Influencer,Premium,2025-04-07,No,3
U08043,23,Chennai,Working Professional,Instagram Ads,Free,2024-11-08,No,11
U08044,37,Pune,Family,Influencer,Premium,2024-12-20,No,1
U08045,32,Mumbai,Working Professional,Instagram Ads,Premium,2024-12-08,No,1
U08046,32,Bangalore,Student,Organic,Free,2024-02-24,Yes,82
U08047,42,Delhi,Working Professional,Referral,Premium,2024-11-07,No,11
U08048,37,Bangalore,Working Professional,Google Ads,Premium,2024-09-16,Yes,115
U08049,26,Chennai,Working Professional,Organic,Free,2025-10-03,Yes,115
U08050,49,Bangalore,Family,Influencer,Free,2024-03-28,Yes,36
U08051,21,Chennai,Working Professional,Influencer,Free,2024-11-15,No,7
U08052,35,Mumbai,Student,Instagram Ads,Free,2025-01-24,Yes,66
U08053,35,Chennai,Working Professional,Google Ads,Premium,2024-09-26,No,24
U08054,22,Bangalore,Working Professional,Organic,Free,2025-04-04,No,1
U08055,37,Delhi,Student,Google Ads,Free,2024-12-26,Yes,44
U08056,40,Bangalore,Working Professional,Google Ads,Free,2024-05-05,No,26
U08057,47,Delhi,Family,Organic,Free,2024-07-03,Yes,103
U08058,28,Delhi,Working Professional,Instagram Ads,Free,2024-12-30,Yes,91
U08059,22,Pune,Student,Instagram Ads,Free,2025-06-25,No,5
U08060,39,Delhi,Student,Instagram Ads,Premium,2025-12-20,No,10
U08061,43,Hyderabad,Working Professional,Referral,Premium,2024-01-08,No,5
U08062,21,Mumbai,Working Professional,Google Ads,Free,2025-10-15,Yes,90
U08063,46,Delhi,Student,Referral,Premium,2025-12-24,No,14
U08064,29,Chennai,Working Professional,Instagram Ads,Free,2025-02-17,Yes,57
U08065,19,Mumbai,Student,Organic,Premium,2024-05-11,No,7
U08066,30,Bangalore,Student,Google Ads,Free,2024-12-21,Yes,64
U08067,27,Bangalore,Working Professional,Organic,Free,2024-11-18,Yes,112
U08068,26,Bangalore,Student,Influencer,Free,2024-04-11,No,20
U08069,27,Chennai,Family,Google Ads,Free,2025-04-10,No,28
U08070,48,Bangalore,Student,Organic,Free,2025-03-04,No,7
U08071,24,Mumbai,Working Professional,Instagram Ads,Free,2024-03-15,No,11
U08072,21,Pune,Working Professional,Referral,Premium,2024-04-09,No,17
U08073,36,Delhi,Working Professional,Organic,Free,2024-08-23,No,14
U08074,27,Bangalore,Working Professional,Influencer,Free,2024-09-25,No,8
U08075,47,Chennai,Working Professional,Instagram Ads,Free,2025-07-20,No,24
U08076,48,Bangalore,Working Professional,Influencer,Premium,2024-09-10,No,19
U08077,49,Pune,Working Professional,Referral,Premium,2025-12-27,No,22
U08078,20,Bangalore,Working Professional,Influencer,Free,2024-11-24,No,27
U08079,42,Pune,Working Professional,Organic,Premium,2024-10-25,Yes,43
U08080,38,Chennai,Working Professional,Organic,Free,2025-01-04,No,8
U08081,46,Delhi,Working Professional,Instagram Ads,Free,2025-11-01,No,27
U08082,48,Delhi,Working Professional,Referral,Premium,2024-09-15,No,11
U08083,36,Mumbai,Family,Referral,Free,2024-08-15,No,24
U08084,48,Hyderabad,Working Professional,Google Ads,Free,2025-01-11,Yes,116
U08085,38,Delhi,Working Professional,Google Ads,Free,2024-05-24,No,6
U08086,49,Delhi,Student,Organic,Free,2024-03-20,No,11
U08087,19,Mumbai,Working Professional,Influencer,Free,2024-02-08,Yes,75
U08088,44,Chennai,Working Professional,Influencer,Free,2025-12-06,No,16
U08089,37,Hyderabad,Family,Instagram Ads,Free,2025-12-09,No,20
U08090,27,Mumbai,Working Professional,Referral,Free,2024-04-06,No,9
U08091,19,Delhi,Working Professional,Organic,Free,2024-09-02,Yes,60
U08092,19,Mumbai,Student,Influencer,Free,2024-11-28,No,7
U08093,45,Delhi,Working Professional,Google Ads,Free,2025-08-10,Yes,55
U08094,41,Delhi,Family,Organic,Free,2025-02-06,No,4
U08095,34,Chennai,Student,Instagram Ads,Premium,2024-10-04,No,11
U08096,49,Chennai,Student,Organic,Premium,2024-01-08,No,19
U08097,33,Delhi,Working Professional,Influencer,Free,2024-12-29,Yes,61
U08098,33,Delhi,Working Professional,Instagram Ads,Premium,2025-03-27,No,26
U08099,31,Mumbai,Working Professional,Google Ads,Free,2025-12-11,Yes,30
U08100,24,Mumbai,Working Professional,Google Ads,Free,2024-09-08,No,8
U08101,38,Delhi,Working Professional,Influencer,Free,2024-01-18,Yes,51
U08102,48,Mumbai,Student,Instagram Ads,Premium,2025-01-24,No,11
U08103,28,Delhi,Working Professional,Google Ads,Free,2024-08-29,No,24
U08104,41,Hyderabad,Student,Instagram Ads,Premium,2024-09-09,No,6
U08105,18,Hyderabad,Working Professional,Organic,Free,2024-01-04,Yes,92
U08106,28,Bangalore,Working Professional,Referral,Free,2025-01-07,Yes,39
U08107,40,Mumbai,Family,Referral,Premium,2025-02-28,No,18
U08108,38,Chennai,Working Professional,Referral,Premium,2024-06-27,Yes,69
U08109,21,Chennai,Working Professional,Google Ads,Premium,2024-01-12,No,20
U08110,24,Delhi,Working Professional,Influencer,Premium,2024-10-19,No,22
U08111,43,Delhi,Student,Referral,Premium,2024-09-15,No,2
U08112,32,Bangalore,Student,Influencer,Free,2025-03-04,No,3
U08113,35,Delhi,Family,Referral,Free,2025-08-19,Yes,85
U08114,29,Mumbai,Family,Organic,Free,2024-10-21,Yes,30
U08115,48,Bangalore,Family,Referral,Free,2024-11-28,No,10
U08116,34,Bangalore,Student,Influencer,Free,2024-04-21,Yes,111
U08117,18,Mumbai,Working Professional,Google Ads,Premium,2024-07-24,No,7
U08118,28,Bangalore,Working Professional,Organic,Premium,2024-08-09,No,9
U08119,45,Chennai,Working Professional,Influencer,Free,2025-06-13,No,22
U08120,49,Delhi,Working Professional,Instagram Ads,Free,2024-01-13,No,21
U08121,18,Bangalore,Working Professional,Referral,Premium,2024-09-26,No,18
U08122,32,Delhi,Working Professional,Organic,Free,2025-07-06,No,27
U08123,45,Delhi,Student,Google Ads,Premium,2024-02-09,No,16
U08124,38,Bangalore,Student,Instagram Ads,Free,2025-05-19,Yes,33
U08125,27,Delhi,Student,Referral,Free,2025-08-23,No,20
U08126,24,Delhi,Working Professional,Organic,Free,2025-09-04,No,7
U08127,19,Delhi,Student,Influencer,Premium,2024-08-02,No,19
U08128,27,Bangalore,Student,Referral,Premium,2024-10-30,No,5
U08129,41,Hyderabad,Working Professional,Organic,Free,2025-06-05,Yes,87
U08130,21,Delhi,Family,Referral,Free,2025-12-29,No,15
U08131,29,Bangalore,Family,Organic,Free,2024-04-30,Yes,58
U08132,36,Delhi,Student,Influencer,Free,2024-11-05,No,25
U08133,43,Bangalore,Student,Referral,Free,2025-11-05,No,15
U08134,28,Mumbai,Student,Organic,Premium,2025-10-25,No,21
U08135,25,Bangalore,Family,Instagram Ads,Free,2024-10-31,Yes,40
U08136,35,Chennai,Working Professional,Google Ads,Premium,2025-03-01,Yes,56
U08137,28,Chennai,Student,Organic,Free,2025-04-03,No,19
U08138,28,Delhi,Family,Organic,Free,2025-08-18,No,2
U08139,30,Pune,Working Professional,Organic,Free,2024-07-20,No,25
U08140,20,Delhi,Family,Referral,Premium,2025-07-15,No,27
U08141,29,Chennai,Student,Google Ads,Free,2025-10-22,Yes,82
U08142,20,Mumbai,Working Professional,Referral,Premium,2025-02-15,Yes,30
U08143,27,Mumbai,Working Professional,Organic,Free,2024-08-07,Yes,85
U08144,44,Delhi,Family,Organic,Free,2024-06-03,Yes,63
U08145,34,Delhi,Family,Google Ads,Free,2025-08-31,No,21
U08146,39,Hyderabad,Working Professional,Instagram Ads,Free,2024-11-19,No,19
U08147,19,Chennai,Student,Referral,Free,2025-09-02,Yes,35
U08148,34,Bangalore,Working Professional,Instagram Ads,Premium,2024-12-05,No,16
U08149,33,Hyderabad,Family,Organic,Free,2025-01-24,No,17
U08150,19,Hyderabad,Working Professional,Organic,Premium,2024-07-04,Yes,104
U08151,45,Delhi,Working Professional,Influencer,Free,2024-05-13,No,13
U08152,39,Delhi,Working Professional,Influencer,Premium,2024-05-26,No,13
U08153,47,Delhi,Working Professional,Instagram Ads,Premium,2024-04-22,No,27
U08154,37,Mumbai,Working Professional,Influencer,Premium,2025-06-12,No,14
U08155,23,Delhi,Working Professional,Google Ads,Premium,2025-03-08,No,19
U08156,45,Delhi,Family,Instagram Ads,Free,2025-01-21,No,19
U08157,42,Delhi,Working Professional,Influencer,Free,2024-12-31,No,5
U08158,49,Delhi,Working Professional,Influencer,Premium,2024-02-03,Yes,67
U08159,46,Chennai,Student,Google Ads,Premium,2024-03-02,No,15
U08160,27,Delhi,Student,Google Ads,Free,2025-03-19,No,28
U08161,45,Bangalore,Family,Instagram Ads,Free,2024-07-14,Yes,83
U08162,27,Bangalore,Student,Referral,Free,2024-03-27,No,4
U08163,25,Bangalore,Family,Google Ads,Free,2025-09-26,Yes,90
U08164,18,Delhi,Working Professional,Influencer,Free,2024-09-10,Yes,78
U08165,30,Mumbai,Working Professional,Instagram Ads,Free,2024-05-06,No,1
U08166,41,Delhi,Family,Referral,Free,2024-06-10,Yes,71
U08167,26,Mumbai,Working Professional,Instagram Ads,Premium,2024-11-11,No,23
U08168,39,Delhi,Family,Influencer,Free,2024-06-20,Yes,52
U08169,27,Bangalore,Student,Referral,Premium,2025-02-02,Yes,107
U08170,32,Hyderabad,Working Professional,Referral,Free,2024-11-26,No,9
U08171,22,Bangalore,Working Professional,Google Ads,Free,2024-12-24,Yes,89
U08172,39,Mumbai,Student,Organic,Free,2024-09-08,Yes,61
U08173,33,Mumbai,Working Professional,Influencer,Premium,2024-01-09,No,2
U08174,30,Pune,Working Professional,Organic,Free,2024-08-26,No,11
U08175,39,Delhi,Family,Influencer,Premium,2024-02-04,Yes,116
U08176,42,Hyderabad,Student,Instagram Ads,Free,2025-09-07,No,26
U08177,37,Hyderabad,Working Professional,Organic,Free,2025-01-17,Yes,70
U08178,35,Mumbai,Student,Referral,Free,2025-10-30,Yes,68
U08179,28,Mumbai,Working Professional,Google Ads,Free,2025-11-16,No,28
U08180,44,Mumbai,Working Professional,Influencer,Free,2025-12-10,Yes,71
U08181,26,Delhi,Working Professional,Google Ads,Free,2025-12-23,Yes,95
U08182,33,Delhi,Working Professional,Influencer,Premium,2025-12-30,No,3
U08183,19,Delhi,Student,Referral,Premium,2024-07-19,Yes,43
U08184,49,Delhi,Student,Referral,Free,2024-08-20,No,9
U08185,43,Bangalore,Student,Referral,Free,2025-09-19,No,1
U08186,42,Pune,Working Professional,Referral,Free,2025-05-10,Yes,66
U08187,19,Delhi,Family,Referral,Premium,2024-03-17,No,25
U08188,29,Chennai,Student,Google Ads,Free,2024-08-05,No,13
U08189,25,Chennai,Student,Instagram Ads,Free,2025-01-08,No,17
U08190,26,Chennai,Working Professional,Organic,Free,2024-02-22,No,16
U08191,29,Pune,Working Professional,Google Ads,Free,2025-08-18,No,12
U08192,43,Mumbai,Student,Organic,Free,2024-09-14,Yes,77
U08193,26,Delhi,Student,Instagram Ads,Free,2024-05-11,No,4
U08194,27,Bangalore,Student,Influencer,Free,2025-12-11,No,13
U08195,49,Bangalore,Working Professional,Instagram Ads,Free,2025-01-29,Yes,112
U08196,42,Pune,Student,Instagram Ads,Free,2025-08-17,Yes,103
U08197,19,Chennai,Working Professional,Influencer,Free,2024-09-05,No,23
U08198,33,Bangalore,Working Professional,Organic,Free,2025-02-01,No,16
U08199,37,Mumbai,Working Professional,Referral,Free,2024-03-09,No,25
U08200,24,Delhi,Student,Influencer,Premium,2025-10-15,Yes,115
U08201,45,Delhi,Working Professional,Influencer,Free,2025-02-26,Yes,88
U08202,19,Bangalore,Working Professional,Instagram Ads,Free,2025-10-13,Yes,84
U08203,18,Bangalore,Family,Influencer,Premium,2024-12-05,No,2
U08204,36,Pune,Student,Google Ads,Free,2025-01-08,No,2
U08205,45,Bangalore,Working Professional,Referral,Premium,2024-09-30,No,17
U08206,21,Chennai,Working Professional,Instagram Ads,Premium,2024-09-13,No,14
U08207,41,Bangalore,Student,Organic,Premium,2025-05-30,No,15
U08208,39,Pune,Family,Organic,Free,2024-09-24,Yes,98
U08209,44,Delhi,Working Professional,Organic,Premium,2024-12-22,No,2
U08210,19,Pune,Working Professional,Organic,Free,2024-11-03,No,3
U08211,48,Bangalore,Student,Organic,Free,2025-08-24,Yes,64
U08212,42,Delhi,Student,Instagram Ads,Free,2025-06-10,No,5
U08213,31,Delhi,Working Professional,Google Ads,Free,2025-10-09,Yes,71
U08214,19,Chennai,Student,Google Ads,Free,2025-11-24,No,7
U08215,46,Delhi,Working Professional,Organic,Free,2025-05-05,No,7
U08216,32,Mumbai,Working Professional,Google Ads,Free,2025-09-30,Yes,74
U08217,29,Mumbai,Working Professional,Referral,Free,2025-09-29,No,5
U08218,22,Bangalore,Working Professional,Google Ads,Premium,2025-12-07,No,28
U08219,45,Pune,Student,Influencer,Premium,2024-07-16,No,26
U08220,37,Mumbai,Working Professional,Organic,Premium,2024-12-16,No,20
U08221,46,Mumbai,Working Professional,Influencer,Free,2024-08-05,Yes,46
U08222,24,Chennai,Student,Influencer,Free,2024-01-08,No,24
U08223,41,Hyderabad,Student,Organic,Free,2024-08-18,No,20
U08224,38,Pune,Student,Instagram Ads,Free,2025-12-03,No,5
U08225,27,Mumbai,Student,Google Ads,Free,2024-04-02,Yes,53
U08226,31,Delhi,Family,Referral,Free,2025-10-18,No,14
U08227,31,Mumbai,Working Professional,Instagram Ads,Free,2024-01-16,No,3
U08228,22,Hyderabad,Student,Referral,Free,2025-09-16,No,23
U08229,35,Delhi,Student,Organic,Free,2024-07-14,No,1
U08230,41,Delhi,Student,Google Ads,Free,2025-04-08,No,2
U08231,31,Delhi,Working Professional,Instagram Ads,Free,2024-07-23,No,28
U08232,19,Mumbai,Student,Organic,Free,2025-08-02,Yes,100
U08233,49,Pune,Working Professional,Instagram Ads,Free,2024-05-06,No,2
U08234,43,Delhi,Working Professional,Influencer,Premium,2024-06-08,No,11
U08235,29,Bangalore,Family,Google Ads,Premium,2025-05-15,No,5
U08236,39,Chennai,Student,Google Ads,Premium,2025-04-10,No,12
U08237,41,Delhi,Working Professional,Organic,Free,2025-05-12,Yes,109
U08238,23,Hyderabad,Working Professional,Organic,Free,2025-03-23,Yes,47
U08239,21,Chennai,Working Professional,Organic,Free,2025-04-08,Yes,95
U08240,30,Chennai,Working Professional,Google Ads,Free,2024-12-07,No,13
U08241,21,Delhi,Working Professional,Influencer,Premium,2025-05-22,No,6
U08242,39,Delhi,Working Professional,Google Ads,Premium,2025-10-25,Yes,68
U08243,31,Delhi,Working Professional,Organic,Free,2024-10-10,Yes,43
U08244,48,Hyderabad,Family,Referral,Free,2024-05-30,No,18
U08245,33,Hyderabad,Working Professional,Influencer,Free,2025-07-28,No,4
U08246,46,Bangalore,Family,Google Ads,Free,2025-11-26,Yes,84
U08247,21,Mumbai,Student,Referral,Premium,2024-07-31,No,9
U08248,41,Delhi,Working Professional,Influencer,Premium,2025-08-07,No,5
U08249,42,Bangalore,Family,Google Ads,Free,2024-11-17,No,10
U08250,49,Mumbai,Student,Organic,Free,2025-10-27,Yes,63
U08251,18,Hyderabad,Family,Google Ads,Free,2024-07-06,No,20
U08252,30,Mumbai,Student,Influencer,Free,2025-07-25,Yes,92
U08253,21,Mumbai,Family,Organic,Free,2024-07-01,No,23
U08254,37,Mumbai,Working Professional,Instagram Ads,Free,2025-01-18,Yes,76
U08255,35,Delhi,Student,Referral,Free,2024-01-25,No,25
U08256,23,Delhi,Family,Organic,Free,2025-06-20,Yes,65
U08257,20,Delhi,Student,Organic,Free,2024-11-09,No,20
U08258,40,Mumbai,Student,Influencer,Premium,2024-02-07,No,15
U08259,49,Delhi,Student,Influencer,Free,2024-10-28,No,20
U08260,30,Delhi,Working Professional,Referral,Free,2025-01-03,Yes,106
U08261,44,Hyderabad,Family,Influencer,Free,2024-04-09,No,12
U08262,33,Mumbai,Student,Organic,Free,2025-01-22,Yes,30
U08263,44,Bangalore,Working Professional,Referral,Free,2025-10-20,No,22
U08264,22,Hyderabad,Student,Referral,Premium,2025-03-21,Yes,114
U08265,21,Bangalore,Working Professional,Google Ads,Free,2025-04-14,No,12
U08266,38,Chennai,Student,Organic,Free,2024-02-24,Yes,50
U08267,25,Delhi,Student,Organic,Free,2025-05-10,Yes,33
U08268,36,Hyderabad,Student,Influencer,Premium,2025-08-06,No,28
U08269,31,Chennai,Working Professional,Organic,Free,2024-05-06,No,24
U08270,24,Pune,Family,Influencer,Free,2024-11-16,Yes,36
U08271,48,Delhi,Working Professional,Organic,Free,2024-03-08,No,22
U08272,31,Mumbai,Student,Google Ads,Premium,2025-01-30,No,18
U08273,23,Delhi,Working Professional,Organic,Free,2024-06-01,No,1
U08274,29,Bangalore,Working Professional,Google Ads,Premium,2024-05-28,No,26
U08275,33,Hyderabad,Student,Organic,Free,2025-02-06,Yes,119
U08276,34,Mumbai,Student,Organic,Premium,2024-08-13,No,13
U08277,30,Bangalore,Student,Instagram Ads,Free,2025-11-22,Yes,37
U08278,40,Hyderabad,Working Professional,Organic,Free,2024-11-05,No,8
U08279,31,Mumbai,Working Professional,Google Ads,Free,2025-02-22,No,16
U08280,46,Pune,Working Professional,Referral,Premium,2025-05-29,No,1
U08281,24,Hyderabad,Student,Google Ads,Premium,2024-10-15,Yes,38
U08282,31,Delhi,Student,Organic,Free,2024-07-19,No,4
U08283,49,Bangalore,Family,Influencer,Free,2025-06-02,No,16
U08284,32,Delhi,Student,Instagram Ads,Free,2025-10-28,Yes,111
U08285,29,Bangalore,Family,Influencer,Free,2024-06-16,No,18
U08286,34,Chennai,Working Professional,Instagram Ads,Free,2025-11-05,No,2
U08287,26,Pune,Student,Instagram Ads,Free,2024-12-02,No,23
U08288,39,Mumbai,Working Professional,Influencer,Free,2024-10-21,Yes,45
U08289,32,Mumbai,Family,Organic,Premium,2025-01-14,No,5
U08290,29,Delhi,Working Professional,Google Ads,Free,2024-01-11,No,11
U08291,19,Bangalore,Family,Influencer,Free,2024-12-22,No,2
U08292,22,Delhi,Student,Referral,Free,2024-05-10,No,1
U08293,30,Bangalore,Working Professional,Instagram Ads,Free,2024-07-23,Yes,63
U08294,44,Delhi,Family,Google Ads,Premium,2025-03-11,No,4
U08295,37,Mumbai,Family,Referral,Premium,2024-11-11,No,20
U08296,40,Delhi,Working Professional,Google Ads,Free,2025-08-26,Yes,45
U08297,25,Chennai,Working Professional,Organic,Premium,2024-11-09,Yes,67
U08298,49,Hyderabad,Student,Referral,Free,2025-04-30,No,4
U08299,44,Mumbai,Student,Influencer,Premium,2024-04-20,No,24
U08300,31,Delhi,Student,Google Ads,Premium,2024-10-16,No,22
U08301,32,Bangalore,Student,Influencer,Premium,2024-09-03,No,1
U08302,28,Delhi,Student,Influencer,Premium,2025-02-15,No,14
U08303,18,Bangalore,Student,Google Ads,Free,2025-07-26,No,24
U08304,38,Pune,Family,Google Ads,Free,2025-03-25,Yes,86
U08305,48,Bangalore,Working Professional,Instagram Ads,Premium,2025-09-13,Yes,67
U08306,20,Bangalore,Working Professional,Instagram Ads,Premium,2025-02-24,Yes,52
U08307,34,Bangalore,Family,Referral,Free,2025-02-03,Yes,118
U08308,45,Chennai,Student,Referral,Free,2025-03-31,Yes,119
U08309,36,Chennai,Working Professional,Referral,Free,2024-05-04,No,6
U08310,31,Bangalore,Working Professional,Instagram Ads,Premium,2025-12-15,No,23
U08311,39,Mumbai,Student,Influencer,Free,2024-09-16,No,26
U08312,47,Mumbai,Working Professional,Organic,Free,2025-06-18,No,6
U08313,40,Delhi,Student,Organic,Free,2025-12-12,No,19
U08314,49,Bangalore,Student,Google Ads,Free,2024-03-20,No,10
U08315,25,Bangalore,Student,Instagram Ads,Free,2024-09-28,No,18
U08316,30,Delhi,Family,Google Ads,Premium,2025-07-18,No,13
U08317,44,Delhi,Working Professional,Organic,Premium,2025-02-21,No,16
U08318,37,Mumbai,Working Professional,Google Ads,Premium,2025-02-05,No,18
U08319,20,Pune,Working Professional,Instagram Ads,Free,2024-02-22,Yes,106
U08320,22,Bangalore,Student,Instagram Ads,Premium,2024-09-28,Yes,89
U08321,26,Hyderabad,Working Professional,Instagram Ads,Free,2024-08-15,No,22
U08322,46,Mumbai,Working Professional,Organic,Free,2025-11-22,No,17
U08323,23,Bangalore,Student,Instagram Ads,Premium,2025-01-05,No,3
U08324,48,Mumbai,Working Professional,Referral,Free,2025-12-12,No,28
U08325,42,Bangalore,Student,Referral,Free,2024-07-10,No,2
U08326,48,Delhi,Student,Instagram Ads,Premium,2024-01-23,No,27
U08327,39,Mumbai,Family,Referral,Premium,2025-07-05,No,13
U08328,19,Mumbai,Working Professional,Instagram Ads,Free,2024-12-01,Yes,94
U08329,30,Mumbai,Working Professional,Organic,Premium,2024-08-17,No,1
U08330,22,Chennai,Working Professional,Referral,Free,2025-06-13,Yes,51
U08331,45,Delhi,Working Professional,Organic,Premium,2025-05-02,No,19
U08332,44,Mumbai,Working Professional,Referral,Free,2024-06-12,Yes,95
U08333,42,Bangalore,Working Professional,Influencer,Free,2025-02-26,Yes,115
U08334,25,Pune,Working Professional,Influencer,Premium,2024-12-25,No,5
U08335,40,Mumbai,Family,Organic,Premium,2024-06-17,Yes,33
U08336,18,Hyderabad,Family,Referral,Premium,2025-05-27,No,20
U08337,37,Pune,Working Professional,Influencer,Free,2024-12-13,No,5
U08338,29,Mumbai,Family,Instagram Ads,Free,2024-07-17,No,17
U08339,40,Mumbai,Working Professional,Google Ads,Premium,2024-07-30,No,8
U08340,49,Mumbai,Working Professional,Influencer,Free,2025-11-12,Yes,101
U08341,28,Pune,Student,Influencer,Free,2024-05-31,Yes,56
U08342,24,Delhi,Working Professional,Instagram Ads,Free,2025-07-30,Yes,74
U08343,32,Mumbai,Family,Influencer,Free,2025-06-13,No,27
U08344,39,Bangalore,Working Professional,Influencer,Free,2024-03-30,Yes,68
U08345,41,Bangalore,Working Professional,Influencer,Free,2024-01-14,Yes,34
U08346,28,Mumbai,Student,Referral,Free,2024-01-19,No,24
U08347,46,Bangalore,Working Professional,Influencer,Premium,2024-03-22,No,3
U08348,39,Delhi,Student,Google Ads,Premium,2025-09-12,No,28
U08349,43,Mumbai,Student,Referral,Free,2025-06-02,No,24
U08350,33,Bangalore,Working Professional,Referral,Free,2024-01-02,No,2
U08351,20,Chennai,Working Professional,Organic,Free,2024-09-19,No,17
U08352,37,Delhi,Working Professional,Influencer,Free,2025-06-23,No,1
U08353,31,Pune,Working Professional,Google Ads,Free,2025-05-04,Yes,61
U08354,20,Bangalore,Student,Google Ads,Premium,2024-12-02,No,8
U08355,18,Delhi,Student,Organic,Premium,2024-10-12,No,1
U08356,48,Hyderabad,Family,Google Ads,Premium,2024-09-10,No,28
U08357,43,Delhi,Student,Referral,Free,2025-08-19,No,19
U08358,38,Chennai,Student,Instagram Ads,Premium,2025-04-29,No,12
U08359,32,Pune,Family,Referral,Premium,2024-07-19,Yes,105
U08360,18,Mumbai,Family,Instagram Ads,Free,2024-10-18,No,12
U08361,34,Delhi,Working Professional,Google Ads,Premium,2024-10-04,Yes,91
U08362,19,Mumbai,Student,Influencer,Free,2024-11-30,Yes,44
U08363,46,Mumbai,Student,Instagram Ads,Free,2025-08-12,Yes,40
U08364,37,Mumbai,Family,Referral,Premium,2025-02-14,No,12
U08365,23,Mumbai,Family,Referral,Premium,2024-07-28,Yes,100
U08366,25,Bangalore,Working Professional,Referral,Free,2025-09-29,Yes,117
U08367,46,Delhi,Student,Referral,Free,2024-01-10,Yes,59
U08368,33,Pune,Student,Organic,Free,2024-08-27,Yes,43
U08369,36,Pune,Student,Google Ads,Free,2024-06-18,No,1
U08370,18,Mumbai,Working Professional,Influencer,Free,2025-11-11,No,22
U08371,20,Pune,Student,Organic,Premium,2025-04-17,Yes,79
U08372,45,Delhi,Family,Google Ads,Free,2025-04-16,Yes,75
U08373,20,Delhi,Student,Instagram Ads,Premium,2025-11-26,No,21
U08374,22,Bangalore,Working Professional,Organic,Free,2024-08-16,Yes,65
U08375,44,Mumbai,Student,Organic,Premium,2025-02-11,Yes,85
U08376,29,Bangalore,Working Professional,Organic,Free,2025-02-02,Yes,41
U08377,29,Pune,Student,Organic,Free,2024-07-21,Yes,98
U08378,37,Chennai,Working Professional,Instagram Ads,Premium,2025-11-14,No,9
U08379,30,Bangalore,Working Professional,Referral,Premium,2025-08-15,No,27
U08380,37,Hyderabad,Student,Organic,Free,2024-02-18,Yes,51
U08381,26,Delhi,Family,Google Ads,Premium,2025-12-27,No,23
U08382,24,Delhi,Working Professional,Referral,Free,2025-11-19,No,1
U08383,21,Hyderabad,Family,Instagram Ads,Free,2024-04-04,No,26
U08384,36,Mumbai,Family,Influencer,Free,2024-04-27,Yes,90
U08385,39,Mumbai,Family,Instagram Ads,Free,2025-09-01,Yes,67
U08386,36,Mumbai,Student,Influencer,Free,2024-03-14,No,13
U08387,23,Bangalore,Student,Google Ads,Premium,2024-02-06,No,16
U08388,44,Delhi,Family,Influencer,Free,2024-11-25,Yes,109
U08389,30,Bangalore,Working Professional,Organic,Free,2025-03-01,No,26
U08390,28,Delhi,Student,Referral,Free,2024-07-05,Yes,75
U08391,30,Delhi,Working Professional,Referral,Free,2025-01-18,No,2
U08392,30,Mumbai,Student,Organic,Free,2025-04-03,No,15
U08393,45,Delhi,Working Professional,Referral,Free,2024-11-04,No,7
U08394,42,Pune,Family,Instagram Ads,Free,2025-03-01,No,12
U08395,39,Delhi,Working Professional,Organic,Free,2025-01-26,Yes,55
U08396,45,Delhi,Student,Organic,Free,2024-11-26,No,5
U08397,37,Bangalore,Working Professional,Referral,Free,2025-02-11,No,6
U08398,32,Mumbai,Working Professional,Influencer,Premium,2024-11-02,No,6
U08399,38,Delhi,Working Professional,Google Ads,Free,2024-03-11,No,26
U08400,30,Delhi,Student,Influencer,Free,2025-03-19,No,19
U08401,39,Chennai,Working Professional,Instagram Ads,Free,2024-05-28,No,15
U08402,28,Bangalore,Working Professional,Organic,Free,2025-03-12,No,9
U08403,36,Mumbai,Working Professional,Organic,Free,2024-09-18,No,13
U08404,25,Mumbai,Family,Instagram Ads,Free,2025-10-13,No,3
U08405,37,Delhi,Working Professional,Google Ads,Free,2024-12-22,Yes,43
U08406,25,Mumbai,Student,Organic,Free,2024-10-31,No,2
U08407,27,Bangalore,Working Professional,Influencer,Premium,2025-06-26,No,2
U08408,43,Pune,Working Professional,Instagram Ads,Free,2024-06-03,No,7
U08409,33,Delhi,Student,Organic,Free,2024-04-25,Yes,81
U08410,36,Pune,Working Professional,Influencer,Free,2025-12-21,No,14
U08411,43,Delhi,Student,Instagram Ads,Free,2025-09-18,Yes,62
U08412,40,Delhi,Student,Instagram Ads,Free,2024-02-20,No,12
U08413,28,Delhi,Family,Instagram Ads,Free,2024-03-12,No,7
U08414,30,Delhi,Family,Google Ads,Free,2025-10-01,Yes,30
U08415,45,Chennai,Working Professional,Instagram Ads,Free,2024-05-22,No,15
U08416,26,Mumbai,Working Professional,Referral,Premium,2024-06-15,No,4
U08417,37,Delhi,Family,Referral,Premium,2024-03-10,No,21
U08418,41,Chennai,Family,Instagram Ads,Free,2025-05-10,No,18
U08419,36,Pune,Working Professional,Organic,Premium,2025-06-03,No,24
U08420,33,Hyderabad,Working Professional,Referral,Free,2024-06-11,No,6
U08421,24,Chennai,Working Professional,Influencer,Premium,2025-07-28,No,21
U08422,36,Delhi,Student,Influencer,Free,2024-10-13,Yes,96
U08423,29,Pune,Working Professional,Organic,Free,2024-08-21,Yes,110
U08424,32,Hyderabad,Working Professional,Influencer,Free,2025-12-30,No,25
U08425,48,Pune,Family,Organic,Premium,2024-12-09,No,11
U08426,40,Hyderabad,Family,Influencer,Free,2024-09-09,No,7
U08427,31,Mumbai,Student,Instagram Ads,Premium,2025-12-06,No,8
U08428,28,Hyderabad,Working Professional,Influencer,Free,2024-09-13,Yes,108
U08429,43,Delhi,Student,Instagram Ads,Free,2025-05-20,Yes,104
U08430,27,Mumbai,Student,Influencer,Free,2025-04-15,Yes,42
U08431,44,Delhi,Family,Influencer,Free,2024-10-15,No,24
U08432,28,Chennai,Working Professional,Influencer,Free,2025-09-11,No,6
U08433,23,Mumbai,Working Professional,Instagram Ads,Premium,2025-07-02,No,26
U08434,19,Bangalore,Student,Influencer,Free,2025-05-19,No,4
U08435,28,Mumbai,Working Professional,Influencer,Free,2025-06-06,Yes,79
U08436,36,Chennai,Working Professional,Google Ads,Premium,2024-03-24,No,24
U08437,49,Mumbai,Student,Instagram Ads,Free,2025-12-30,No,4
U08438,23,Hyderabad,Student,Referral,Premium,2025-07-12,No,3
U08439,31,Pune,Student,Organic,Premium,2024-12-10,No,25
U08440,37,Mumbai,Working Professional,Google Ads,Free,2025-01-13,No,12
U08441,23,Mumbai,Family,Influencer,Free,2024-05-11,Yes,106
U08442,34,Hyderabad,Family,Referral,Free,2024-07-29,No,11
U08443,27,Chennai,Family,Referral,Free,2025-12-17,No,11
U08444,45,Hyderabad,Family,Influencer,Premium,2025-08-17,No,8
U08445,18,Delhi,Family,Influencer,Premium,2024-03-17,No,9
U08446,20,Pune,Working Professional,Google Ads,Free,2024-05-19,No,6
U08447,25,Mumbai,Working Professional,Instagram Ads,Free,2024-05-07,No,25
U08448,25,Bangalore,Working Professional,Google Ads,Premium,2024-03-06,No,26
U08449,44,Pune,Family,Instagram Ads,Free,2025-10-24,Yes,98
U08450,37,Delhi,Student,Referral,Free,2025-07-20,Yes,96
U08451,39,Hyderabad,Student,Organic,Premium,2024-05-26,No,10
U08452,32,Bangalore,Family,Influencer,Free,2024-03-07,Yes,44
U08453,41,Pune,Student,Google Ads,Free,2025-04-16,Yes,56
U08454,24,Delhi,Family,Referral,Premium,2024-05-30,No,18
U08455,28,Mumbai,Working Professional,Google Ads,Free,2024-01-04,No,3
U08456,24,Pune,Student,Instagram Ads,Free,2024-01-18,No,7
U08457,46,Delhi,Working Professional,Influencer,Free,2025-06-07,Yes,61
U08458,21,Delhi,Family,Instagram Ads,Free,2024-09-12,Yes,97
U08459,42,Chennai,Student,Instagram Ads,Free,2025-05-23,Yes,95
U08460,29,Mumbai,Working Professional,Instagram Ads,Premium,2024-02-04,No,27
U08461,43,Chennai,Family,Referral,Free,2025-07-08,Yes,81
U08462,23,Delhi,Student,Influencer,Free,2025-08-12,Yes,86
U08463,31,Mumbai,Student,Organic,Premium,2025-05-21,No,12
U08464,29,Hyderabad,Student,Google Ads,Premium,2024-11-18,No,1
U08465,28,Bangalore,Student,Instagram Ads,Free,2025-03-28,Yes,92
U08466,36,Bangalore,Student,Influencer,Free,2024-12-24,No,27
U08467,38,Bangalore,Working Professional,Google Ads,Premium,2024-02-21,No,22
U08468,22,Pune,Working Professional,Influencer,Free,2025-06-12,Yes,107
U08469,31,Delhi,Family,Google Ads,Premium,2025-12-23,No,6
U08470,38,Mumbai,Student,Influencer,Premium,2024-02-02,No,17
U08471,41,Delhi,Working Professional,Organic,Free,2024-11-23,No,23
U08472,33,Bangalore,Working Professional,Influencer,Free,2025-03-11,Yes,36
U08473,42,Delhi,Family,Influencer,Free,2025-02-22,No,19
U08474,30,Mumbai,Working Professional,Instagram Ads,Free,2024-03-17,Yes,48
U08475,42,Mumbai,Working Professional,Instagram Ads,Premium,2025-08-02,No,6
U08476,46,Delhi,Family,Instagram Ads,Free,2024-02-19,No,5
U08477,39,Delhi,Student,Influencer,Premium,2025-03-17,No,2
U08478,39,Hyderabad,Student,Organic,Free,2025-10-31,No,24
U08479,42,Mumbai,Working Professional,Google Ads,Free,2024-07-16,Yes,86
U08480,37,Pune,Working Professional,Instagram Ads,Premium,2025-04-07,Yes,50
U08481,39,Hyderabad,Student,Referral,Premium,2025-01-11,No,26
U08482,21,Delhi,Working Professional,Influencer,Free,2025-06-29,No,27
U08483,28,Bangalore,Working Professional,Organic,Free,2025-03-11,No,11
U08484,49,Delhi,Family,Organic,Premium,2025-12-24,No,24
U08485,34,Hyderabad,Student,Instagram Ads,Free,2024-09-28,No,2
U08486,24,Chennai,Student,Instagram Ads,Free,2025-07-29,Yes,100
U08487,31,Bangalore,Working Professional,Referral,Free,2024-06-03,No,26
U08488,43,Hyderabad,Working Professional,Referral,Free,2024-11-16,No,16
U08489,28,Delhi,Working Professional,Instagram Ads,Free,2024-09-25,No,23
U08490,45,Mumbai,Working Professional,Google Ads,Free,2025-07-05,No,3
U08491,39,Pune,Working Professional,Instagram Ads,Premium,2024-06-08,No,25
U08492,26,Delhi,Family,Instagram Ads,Free,2024-11-18,No,11
U08493,40,Delhi,Family,Organic,Free,2024-01-14,No,22
U08494,30,Mumbai,Working Professional,Instagram Ads,Free,2025-01-10,No,3
U08495,40,Hyderabad,Family,Instagram Ads,Free,2024-04-29,Yes,30
U08496,35,Mumbai,Student,Instagram Ads,Free,2024-11-09,Yes,73
U08497,45,Chennai,Working Professional,Google Ads,Premium,2024-12-13,No,23
U08498,28,Delhi,Working Professional,Organic,Free,2024-02-15,No,23
U08499,32,Mumbai,Family,Influencer,Free,2024-12-11,Yes,33
U08500,42,Hyderabad,Working Professional,Influencer,Free,2025-04-13,No,10
U08501,43,Delhi,Working Professional,Influencer,Free,2025-01-16,No,20
U08502,42,Bangalore,Family,Influencer,Free,2025-09-13,No,11
U08503,39,Delhi,Working Professional,Organic,Free,2025-01-05,No,28
U08504,46,Delhi,Working Professional,Instagram Ads,Free,2025-04-03,Yes,40
U08505,36,Delhi,Student,Influencer,Free,2024-08-06,No,25
U08506,18,Chennai,Student,Instagram Ads,Free,2024-04-30,No,18
U08507,21,Bangalore,Family,Influencer,Free,2024-10-15,No,27
U08508,31,Hyderabad,Working Professional,Google Ads,Free,2025-05-26,No,21
U08509,31,Mumbai,Working Professional,Instagram Ads,Premium,2025-07-11,No,7
U08510,20,Bangalore,Working Professional,Organic,Free,2024-12-03,No,16
U08511,47,Mumbai,Student,Google Ads,Free,2025-01-15,Yes,68
U08512,45,Chennai,Working Professional,Google Ads,Free,2025-05-20,No,24
U08513,34,Hyderabad,Working Professional,Organic,Free,2025-07-19,Yes,62
U08514,20,Hyderabad,Student,Google Ads,Premium,2025-01-22,No,8
U08515,33,Delhi,Student,Instagram Ads,Premium,2025-07-19,No,28
U08516,31,Bangalore,Working Professional,Referral,Free,2024-01-04,Yes,117
U08517,47,Mumbai,Working Professional,Referral,Free,2025-08-14,No,8
U08518,37,Chennai,Student,Influencer,Free,2024-07-19,Yes,65
U08519,46,Delhi,Working Professional,Influencer,Free,2024-07-20,No,2
U08520,30,Delhi,Family,Instagram Ads,Free,2024-09-12,No,15
U08521,32,Mumbai,Working Professional,Organic,Free,2024-07-17,No,15
U08522,31,Delhi,Family,Instagram Ads,Premium,2024-03-13,No,12
U08523,41,Delhi,Family,Influencer,Free,2025-11-18,Yes,34
U08524,42,Pune,Student,Google Ads,Free,2024-08-06,Yes,75
U08525,36,Bangalore,Student,Instagram Ads,Free,2025-03-08,No,21
U08526,23,Pune,Working Professional,Instagram Ads,Premium,2025-02-10,Yes,85
U08527,27,Pune,Working Professional,Organic,Premium,2024-04-02,No,9
U08528,44,Mumbai,Working Professional,Influencer,Premium,2025-10-25,No,26
U08529,32,Bangalore,Student,Instagram Ads,Free,2024-03-20,No,12
U08530,38,Delhi,Working Professional,Google Ads,Free,2024-07-26,Yes,104
U08531,49,Chennai,Student,Google Ads,Free,2024-04-01,No,3
U08532,39,Mumbai,Family,Referral,Free,2025-06-15,No,26
U08533,37,Mumbai,Student,Influencer,Free,2024-02-22,No,25
U08534,43,Mumbai,Family,Google Ads,Free,2024-03-23,Yes,41
U08535,23,Mumbai,Student,Organic,Free,2024-03-14,Yes,60
U08536,49,Delhi,Student,Influencer,Free,2025-02-13,No,26
U08537,40,Mumbai,Student,Google Ads,Free,2025-03-19,Yes,40
U08538,42,Hyderabad,Family,Instagram Ads,Free,2024-05-09,Yes,61
U08539,27,Pune,Student,Influencer,Premium,2024-07-02,Yes,109
U08540,24,Mumbai,Working Professional,Google Ads,Free,2025-07-31,Yes,38
U08541,39,Mumbai,Family,Instagram Ads,Free,2025-10-26,No,9
U08542,34,Pune,Working Professional,Referral,Free,2024-12-30,No,1
U08543,35,Delhi,Working Professional,Influencer,Free,2024-07-14,No,13
U08544,34,Pune,Family,Influencer,Free,2024-01-15,Yes,112
U08545,26,Delhi,Family,Google Ads,Free,2024-07-28,No,20
U08546,27,Bangalore,Working Professional,Referral,Free,2024-05-14,No,21
U08547,27,Bangalore,Working Professional,Organic,Premium,2025-01-18,No,20
U08548,42,Bangalore,Family,Google Ads,Premium,2025-04-19,No,12
U08549,24,Pune,Family,Google Ads,Free,2025-08-16,Yes,102
U08550,33,Delhi,Working Professional,Organic,Premium,2025-08-05,No,12
U08551,46,Mumbai,Family,Organic,Free,2025-05-18,No,26
U08552,35,Bangalore,Student,Organic,Premium,2025-04-21,No,10
U08553,23,Pune,Working Professional,Organic,Free,2024-10-23,Yes,34
U08554,44,Delhi,Student,Organic,Free,2025-01-16,No,28
U08555,37,Pune,Student,Instagram Ads,Free,2025-03-19,No,12
U08556,18,Mumbai,Working Professional,Instagram Ads,Free,2025-11-14,No,25
U08557,18,Delhi,Working Professional,Organic,Free,2024-05-02,Yes,99
U08558,29,Hyderabad,Student,Referral,Premium,2024-10-15,No,16
U08559,38,Delhi,Working Professional,Referral,Free,2024-07-28,No,18
U08560,45,Bangalore,Working Professional,Organic,Premium,2025-05-08,No,17
U08561,19,Delhi,Family,Instagram Ads,Free,2025-07-29,Yes,34
U08562,21,Mumbai,Family,Referral,Premium,2025-01-24,Yes,72
U08563,34,Bangalore,Working Professional,Instagram Ads,Premium,2024-03-03,No,21
U08564,21,Bangalore,Family,Google Ads,Premium,2025-02-12,No,3
U08565,28,Mumbai,Student,Instagram Ads,Free,2025-06-03,No,4
U08566,39,Mumbai,Working Professional,Organic,Free,2024-09-01,Yes,39
U08567,43,Delhi,Family,Influencer,Free,2024-06-13,Yes,59
U08568,21,Mumbai,Working Professional,Organic,Free,2024-04-02,No,17
U08569,18,Chennai,Working Professional,Google Ads,Premium,2024-10-10,No,5
U08570,24,Pune,Student,Instagram Ads,Free,2025-12-11,Yes,40
U08571,47,Delhi,Student,Referral,Free,2024-05-03,Yes,101
U08572,35,Delhi,Working Professional,Organic,Premium,2025-07-20,No,8
U08573,26,Chennai,Family,Referral,Premium,2024-07-08,No,21
U08574,46,Bangalore,Working Professional,Instagram Ads,Free,2025-10-16,No,12
U08575,20,Bangalore,Family,Google Ads,Free,2024-11-12,No,15
U08576,25,Hyderabad,Family,Organic,Free,2025-08-31,Yes,118
U08577,46,Mumbai,Student,Referral,Free,2024-07-15,Yes,87
U08578,41,Mumbai,Working Professional,Organic,Free,2024-10-11,No,22
U08579,36,Chennai,Working Professional,Organic,Free,2025-08-15,Yes,80
U08580,21,Bangalore,Working Professional,Referral,Free,2024-04-18,No,15
U08581,35,Delhi,Student,Google Ads,Free,2024-07-27,No,9
U08582,37,Delhi,Family,Organic,Premium,2024-04-24,No,15
U08583,44,Delhi,Working Professional,Google Ads,Premium,2025-05-20,No,15
U08584,28,Hyderabad,Working Professional,Google Ads,Premium,2024-11-26,No,16
U08585,44,Mumbai,Working Professional,Instagram Ads,Free,2024-07-22,No,27
U08586,49,Delhi,Student,Referral,Premium,2025-12-13,No,27
U08587,31,Chennai,Working Professional,Instagram Ads,Free,2025-10-28,No,24
U08588,42,Delhi,Family,Influencer,Free,2024-11-10,No,8
U08589,35,Delhi,Family,Instagram Ads,Free,2024-09-21,Yes,48
U08590,45,Delhi,Student,Organic,Free,2024-10-15,No,13
U08591,45,Delhi,Working Professional,Organic,Free,2025-08-04,Yes,90
U08592,46,Mumbai,Working Professional,Organic,Free,2025-11-21,No,3
U08593,33,Chennai,Student,Influencer,Free,2025-04-25,No,5
U08594,20,Pune,Student,Google Ads,Free,2025-11-10,No,24
U08595,32,Mumbai,Working Professional,Organic,Free,2024-01-06,No,19
U08596,44,Mumbai,Working Professional,Instagram Ads,Free,2025-10-05,Yes,61
U08597,44,Bangalore,Student,Google Ads,Free,2024-05-20,No,16
U08598,48,Delhi,Student,Instagram Ads,Free,2024-10-08,No,8
U08599,21,Delhi,Student,Instagram Ads,Free,2024-10-16,No,4
U08600,22,Chennai,Student,Organic,Free,2024-07-23,No,12
U08601,34,Delhi,Working Professional,Instagram Ads,Free,2025-11-23,No,28
U08602,24,Delhi,Student,Influencer,Free,2025-07-12,No,16
U08603,33,Mumbai,Student,Google Ads,Premium,2024-11-27,Yes,76
U08604,31,Mumbai,Family,Organic,Free,2025-10-09,No,5
U08605,43,Delhi,Student,Organic,Free,2025-02-06,Yes,69
U08606,33,Delhi,Working Professional,Instagram Ads,Free,2024-08-20,No,5
U08607,24,Mumbai,Family,Instagram Ads,Free,2025-12-14,Yes,107
U08608,26,Hyderabad,Working Professional,Referral,Free,2024-02-01,Yes,93
U08609,21,Delhi,Working Professional,Referral,Free,2024-07-10,Yes,102
U08610,47,Mumbai,Working Professional,Organic,Free,2025-02-10,No,4
U08611,47,Bangalore,Student,Organic,Premium,2025-08-25,No,23
U08612,39,Pune,Working Professional,Instagram Ads,Premium,2025-08-05,Yes,31
U08613,28,Mumbai,Working Professional,Influencer,Free,2024-10-24,Yes,52
U08614,19,Delhi,Student,Influencer,Free,2024-02-04,Yes,111
U08615,29,Mumbai,Working Professional,Instagram Ads,Premium,2024-08-07,No,11
U08616,29,Hyderabad,Family,Referral,Free,2025-12-11,No,17
U08617,47,Delhi,Student,Referral,Premium,2025-09-09,Yes,40
U08618,21,Mumbai,Working Professional,Influencer,Free,2024-11-27,No,12
U08619,35,Delhi,Working Professional,Organic,Premium,2024-02-21,No,14
U08620,43,Delhi,Family,Instagram Ads,Premium,2024-01-17,Yes,65
U08621,38,Mumbai,Family,Organic,Premium,2024-01-09,No,20
U08622,48,Mumbai,Working Professional,Referral,Free,2024-06-28,Yes,117
U08623,24,Pune,Working Professional,Influencer,Free,2024-01-03,Yes,118
U08624,46,Bangalore,Student,Organic,Free,2024-10-04,No,18
U08625,18,Mumbai,Student,Referral,Premium,2025-11-24,Yes,83
U08626,48,Mumbai,Working Professional,Referral,Free,2024-06-15,Yes,92
U08627,43,Mumbai,Working Professional,Referral,Premium,2024-09-07,No,11
U08628,43,Delhi,Family,Organic,Premium,2024-09-30,No,22
U08629,40,Pune,Working Professional,Google Ads,Free,2025-08-15,Yes,76
U08630,43,Chennai,Working Professional,Influencer,Free,2024-01-27,No,5
U08631,30,Delhi,Working Professional,Referral,Free,2024-04-27,Yes,63
U08632,23,Delhi,Student,Organic,Free,2024-12-17,No,7
U08633,23,Delhi,Working Professional,Instagram Ads,Premium,2024-07-13,No,8
U08634,29,Bangalore,Working Professional,Influencer,Free,2025-10-14,No,19
U08635,25,Bangalore,Family,Instagram Ads,Premium,2024-09-29,No,11
U08636,41,Pune,Working Professional,Instagram Ads,Premium,2024-11-12,No,18
U08637,39,Hyderabad,Family,Organic,Premium,2025-02-05,Yes,104
U08638,36,Mumbai,Working Professional,Google Ads,Free,2025-06-12,Yes,113
U08639,22,Bangalore,Student,Organic,Free,2025-11-26,Yes,82
U08640,35,Hyderabad,Student,Organic,Premium,2024-02-17,No,15
U08641,48,Bangalore,Student,Influencer,Premium,2024-01-16,No,15
U08642,47,Mumbai,Working Professional,Organic,Free,2025-04-14,No,28
U08643,22,Bangalore,Student,Influencer,Free,2025-12-05,Yes,51
U08644,47,Bangalore,Working Professional,Referral,Free,2024-10-09,No,15
U08645,42,Bangalore,Family,Influencer,Premium,2024-01-14,No,8
U08646,27,Bangalore,Working Professional,Organic,Free,2024-12-13,No,11
U08647,18,Hyderabad,Working Professional,Referral,Free,2025-01-01,No,3
U08648,27,Bangalore,Student,Referral,Free,2024-08-15,No,13
U08649,22,Bangalore,Working Professional,Google Ads,Premium,2025-09-19,No,6
U08650,29,Hyderabad,Student,Organic,Free,2025-01-07,No,9
U08651,39,Mumbai,Family,Instagram Ads,Premium,2025-06-24,No,23
U08652,47,Delhi,Student,Organic,Free,2025-06-23,No,20
U08653,44,Delhi,Working Professional,Instagram Ads,Premium,2025-02-08,No,22
U08654,24,Bangalore,Working Professional,Google Ads,Free,2025-02-11,Yes,101
U08655,26,Bangalore,Working Professional,Organic,Premium,2025-07-11,No,26
U08656,39,Chennai,Family,Google Ads,Free,2024-02-29,No,25
U08657,38,Mumbai,Student,Instagram Ads,Free,2025-10-21,No,12
U08658,29,Mumbai,Working Professional,Influencer,Free,2024-02-21,No,17
U08659,40,Delhi,Working Professional,Organic,Free,2024-05-29,Yes,87
U08660,46,Delhi,Working Professional,Referral,Premium,2025-10-17,No,1
U08661,18,Hyderabad,Working Professional,Referral,Premium,2025-10-22,No,16
U08662,28,Delhi,Student,Google Ads,Free,2024-06-20,Yes,66
U08663,47,Bangalore,Working Professional,Influencer,Free,2024-11-13,Yes,83
U08664,38,Hyderabad,Family,Referral,Premium,2025-10-22,No,17
U08665,32,Mumbai,Working Professional,Referral,Free,2025-09-07,Yes,45
U08666,19,Pune,Family,Organic,Premium,2025-05-03,No,17
U08667,37,Mumbai,Working Professional,Referral,Free,2025-10-12,Yes,94
U08668,24,Mumbai,Student,Instagram Ads,Premium,2025-09-23,No,8
U08669,38,Pune,Student,Google Ads,Premium,2025-07-02,Yes,72
U08670,29,Pune,Working Professional,Referral,Free,2025-11-14,No,12
U08671,39,Delhi,Working Professional,Organic,Free,2024-05-03,No,17
U08672,35,Delhi,Working Professional,Instagram Ads,Premium,2024-10-04,No,10
U08673,20,Delhi,Working Professional,Referral,Free,2024-07-30,Yes,109
U08674,24,Mumbai,Family,Google Ads,Free,2025-12-06,No,12
U08675,28,Chennai,Working Professional,Google Ads,Premium,2025-03-02,Yes,59
U08676,35,Bangalore,Working Professional,Google Ads,Free,2025-04-03,Yes,93
U08677,29,Mumbai,Student,Referral,Free,2025-06-16,Yes,66
U08678,23,Pune,Working Professional,Instagram Ads,Free,2025-10-18,No,20
U08679,22,Mumbai,Family,Influencer,Free,2024-10-18,No,17
U08680,43,Mumbai,Student,Google Ads,Premium,2024-05-21,No,20
U08681,18,Chennai,Family,Instagram Ads,Premium,2025-11-07,No,12
U08682,29,Pune,Family,Organic,Free,2025-01-22,No,8
U08683,44,Pune,Working Professional,Organic,Free,2025-10-07,Yes,59
U08684,48,Bangalore,Student,Instagram Ads,Free,2024-06-26,Yes,119
U08685,43,Hyderabad,Student,Organic,Premium,2024-03-25,No,15
U08686,28,Delhi,Student,Organic,Free,2024-07-23,No,9
U08687,21,Bangalore,Student,Google Ads,Premium,2025-07-03,No,23
U08688,44,Chennai,Working Professional,Referral,Premium,2024-11-30,No,21
U08689,35,Mumbai,Student,Referral,Free,2025-01-23,No,14
U08690,21,Hyderabad,Working Professional,Referral,Free,2024-06-14,Yes,116
U08691,34,Mumbai,Working Professional,Referral,Premium,2025-06-19,No,14
U08692,19,Delhi,Student,Instagram Ads,Premium,2025-06-13,No,27
U08693,46,Hyderabad,Working Professional,Google Ads,Free,2025-11-02,No,11
U08694,41,Delhi,Family,Instagram Ads,Free,2024-08-09,No,13
U08695,39,Bangalore,Working Professional,Organic,Free,2025-09-05,Yes,95
U08696,19,Delhi,Working Professional,Google Ads,Free,2024-11-23,Yes,80
U08697,29,Chennai,Working Professional,Influencer,Premium,2025-08-23,No,25
U08698,48,Mumbai,Working Professional,Referral,Premium,2025-10-31,Yes,45
U08699,23,Delhi,Family,Organic,Free,2025-08-22,No,12
U08700,27,Delhi,Student,Referral,Free,2025-02-17,No,11
U08701,42,Chennai,Family,Referral,Free,2024-05-12,Yes,69
U08702,40,Hyderabad,Student,Referral,Free,2024-06-27,No,9
U08703,42,Hyderabad,Family,Influencer,Free,2024-10-15,Yes,86
U08704,38,Mumbai,Student,Organic,Premium,2025-09-18,Yes,107
U08705,40,Mumbai,Family,Referral,Free,2024-12-14,No,19
U08706,44,Delhi,Family,Referral,Premium,2024-10-13,No,16
U08707,33,Bangalore,Student,Google Ads,Free,2024-12-29,Yes,56
U08708,48,Delhi,Family,Referral,Free,2024-03-23,No,20
U08709,31,Chennai,Student,Google Ads,Free,2024-08-24,No,7
U08710,24,Hyderabad,Student,Organic,Free,2025-03-13,No,1
U08711,45,Mumbai,Working Professional,Organic,Free,2024-08-26,Yes,57
U08712,49,Delhi,Family,Organic,Free,2025-03-20,Yes,58
U08713,45,Hyderabad,Working Professional,Google Ads,Free,2024-03-06,No,3
U08714,36,Delhi,Working Professional,Influencer,Premium,2025-10-21,No,4
U08715,40,Delhi,Working Professional,Influencer,Free,2025-12-16,Yes,53
U08716,34,Delhi,Family,Referral,Premium,2024-04-23,No,9
U08717,26,Bangalore,Working Professional,Organic,Premium,2024-07-07,No,27
U08718,43,Hyderabad,Student,Instagram Ads,Free,2025-08-18,No,15
U08719,30,Mumbai,Student,Referral,Free,2024-10-02,Yes,37
U08720,39,Delhi,Student,Influencer,Premium,2025-09-03,No,26
U08721,49,Mumbai,Working Professional,Influencer,Free,2024-10-28,No,6
U08722,22,Hyderabad,Student,Organic,Premium,2025-12-10,Yes,48
U08723,40,Delhi,Student,Google Ads,Free,2025-06-29,No,8
U08724,22,Delhi,Family,Referral,Free,2025-08-13,Yes,73
U08725,27,Chennai,Student,Google Ads,Free,2025-10-04,No,24
U08726,38,Chennai,Working Professional,Influencer,Premium,2025-08-06,Yes,99
U08727,49,Chennai,Working Professional,Organic,Premium,2025-10-12,Yes,78
U08728,44,Pune,Student,Influencer,Premium,2025-11-16,No,27
U08729,27,Delhi,Working Professional,Organic,Premium,2025-04-24,No,12
U08730,44,Delhi,Working Professional,Instagram Ads,Free,2025-03-01,No,13
U08731,24,Mumbai,Family,Google Ads,Free,2024-01-17,No,20
U08732,43,Mumbai,Student,Referral,Free,2024-02-16,No,5
U08733,32,Chennai,Working Professional,Organic,Free,2024-01-30,No,6
U08734,24,Hyderabad,Working Professional,Instagram Ads,Free,2025-01-26,No,7
U08735,46,Hyderabad,Working Professional,Instagram Ads,Premium,2024-02-09,No,26
U08736,44,Delhi,Working Professional,Google Ads,Premium,2025-12-11,No,5
U08737,32,Chennai,Family,Organic,Free,2025-10-29,Yes,94
U08738,20,Pune,Working Professional,Referral,Free,2024-10-10,No,5
U08739,36,Delhi,Working Professional,Referral,Free,2024-02-28,No,10
U08740,27,Pune,Family,Referral,Free,2024-11-25,No,5
U08741,45,Delhi,Working Professional,Influencer,Premium,2025-12-26,No,27
U08742,46,Delhi,Student,Influencer,Free,2024-09-19,No,7
U08743,32,Bangalore,Student,Organic,Free,2024-11-19,Yes,75
U08744,20,Bangalore,Student,Referral,Free,2024-01-24,Yes,34
U08745,23,Delhi,Student,Instagram Ads,Free,2024-12-19,Yes,66
U08746,29,Mumbai,Student,Referral,Free,2024-02-23,Yes,106
U08747,32,Chennai,Student,Organic,Free,2025-11-14,No,19
U08748,23,Bangalore,Family,Referral,Free,2024-10-31,No,10
U08749,30,Hyderabad,Family,Google Ads,Free,2024-11-14,No,24
U08750,46,Delhi,Working Professional,Referral,Free,2025-12-21,Yes,39
U08751,36,Delhi,Family,Instagram Ads,Premium,2024-02-14,Yes,44
U08752,20,Delhi,Student,Organic,Free,2024-12-27,Yes,59
U08753,25,Delhi,Family,Organic,Free,2025-04-05,No,4
U08754,25,Delhi,Working Professional,Instagram Ads,Free,2024-01-07,Yes,88
U08755,40,Delhi,Student,Organic,Premium,2024-09-15,No,6
U08756,43,Bangalore,Student,Referral,Free,2024-03-28,No,15
U08757,37,Mumbai,Student,Organic,Free,2024-07-07,Yes,98
U08758,32,Pune,Student,Referral,Premium,2025-03-30,No,9
U08759,21,Delhi,Student,Organic,Premium,2025-06-25,No,1
U08760,36,Mumbai,Student,Referral,Free,2025-05-31,Yes,85
U08761,38,Delhi,Student,Referral,Free,2024-12-25,Yes,90
U08762,20,Mumbai,Student,Instagram Ads,Free,2025-01-03,No,15
U08763,30,Delhi,Family,Instagram Ads,Free,2024-07-18,No,26
U08764,25,Chennai,Student,Influencer,Free,2024-01-07,Yes,42
U08765,40,Hyderabad,Student,Instagram Ads,Free,2025-11-09,Yes,69
U08766,33,Mumbai,Working Professional,Referral,Free,2025-01-20,No,27
U08767,30,Delhi,Family,Referral,Free,2025-11-13,Yes,42
U08768,20,Bangalore,Working Professional,Organic,Free,2025-01-30,No,14
U08769,33,Hyderabad,Family,Organic,Free,2025-06-23,Yes,52
U08770,26,Delhi,Student,Influencer,Free,2025-09-11,Yes,50
U08771,45,Bangalore,Student,Referral,Free,2024-05-26,Yes,101
U08772,31,Pune,Student,Influencer,Free,2024-10-10,No,12
U08773,30,Hyderabad,Working Professional,Referral,Free,2024-04-08,Yes,82
U08774,38,Pune,Working Professional,Instagram Ads,Free,2025-08-10,No,22
U08775,42,Pune,Working Professional,Organic,Premium,2025-08-26,No,6
U08776,24,Chennai,Student,Influencer,Free,2025-05-21,No,4
U08777,32,Mumbai,Working Professional,Google Ads,Free,2025-04-18,No,14
U08778,24,Bangalore,Student,Referral,Free,2025-12-10,No,10
U08779,23,Hyderabad,Working Professional,Instagram Ads,Free,2024-05-26,Yes,97
U08780,19,Hyderabad,Working Professional,Google Ads,Premium,2025-07-29,No,28
U08781,26,Chennai,Working Professional,Instagram Ads,Free,2025-05-17,No,9
U08782,39,Delhi,Student,Instagram Ads,Free,2024-02-19,Yes,113
U08783,41,Mumbai,Family,Referral,Free,2025-06-05,Yes,54
U08784,34,Mumbai,Working Professional,Instagram Ads,Free,2024-08-12,No,2
U08785,22,Delhi,Student,Influencer,Free,2024-03-22,No,24
U08786,29,Delhi,Family,Google Ads,Free,2024-06-30,Yes,98
U08787,18,Hyderabad,Working Professional,Instagram Ads,Free,2025-06-05,Yes,97
U08788,27,Delhi,Working Professional,Instagram Ads,Premium,2024-12-25,No,6
U08789,28,Hyderabad,Student,Organic,Premium,2024-08-22,No,3
U08790,33,Hyderabad,Working Professional,Organic,Free,2024-11-21,Yes,72
U08791,31,Delhi,Student,Influencer,Free,2025-04-11,Yes,34
U08792,25,Delhi,Working Professional,Organic,Free,2025-03-22,No,10
U08793,41,Bangalore,Working Professional,Instagram Ads,Premium,2025-06-29,No,6
U08794,34,Hyderabad,Working Professional,Instagram Ads,Free,2024-02-12,Yes,74
U08795,42,Pune,Student,Google Ads,Free,2025-01-16,No,21
U08796,35,Pune,Family,Organic,Free,2024-05-12,Yes,100
U08797,29,Chennai,Student,Referral,Premium,2025-02-06,Yes,51
U08798,42,Bangalore,Working Professional,Organic,Premium,2025-09-16,Yes,70
U08799,34,Chennai,Working Professional,Instagram Ads,Free,2025-01-04,Yes,87
U08800,45,Pune,Working Professional,Google Ads,Premium,2024-02-23,No,1
U08801,43,Pune,Student,Organic,Free,2025-10-15,No,12
U08802,31,Delhi,Working Professional,Google Ads,Free,2025-07-14,No,10
U08803,33,Chennai,Student,Organic,Free,2024-06-07,No,28
U08804,31,Mumbai,Working Professional,Influencer,Premium,2024-05-17,No,4
U08805,26,Hyderabad,Student,Instagram Ads,Premium,2025-06-16,No,12
U08806,21,Delhi,Working Professional,Instagram Ads,Free,2024-09-10,No,24
U08807,42,Mumbai,Working Professional,Referral,Free,2024-10-28,No,10
U08808,40,Delhi,Student,Instagram Ads,Free,2025-12-15,No,19
U08809,28,Mumbai,Student,Referral,Premium,2025-09-10,No,3
U08810,23,Delhi,Student,Instagram Ads,Free,2024-03-14,Yes,80
U08811,32,Pune,Working Professional,Organic,Premium,2025-06-15,No,22
U08812,22,Delhi,Working Professional,Organic,Free,2024-10-03,No,14
U08813,28,Mumbai,Working Professional,Influencer,Premium,2025-02-24,Yes,79
U08814,42,Delhi,Working Professional,Organic,Free,2024-02-26,No,2
U08815,35,Bangalore,Student,Google Ads,Premium,2025-07-22,No,16
U08816,47,Delhi,Family,Organic,Free,2024-03-09,Yes,111
U08817,30,Delhi,Student,Referral,Free,2024-07-16,No,27
U08818,28,Mumbai,Student,Influencer,Free,2024-05-31,No,5
U08819,31,Bangalore,Working Professional,Google Ads,Premium,2025-12-20,No,24
U08820,45,Delhi,Family,Google Ads,Free,2024-07-06,No,14
U08821,35,Delhi,Working Professional,Instagram Ads,Free,2025-10-24,No,4
U08822,44,Delhi,Working Professional,Referral,Free,2024-02-16,Yes,80
U08823,45,Chennai,Family,Organic,Free,2025-05-14,No,14
U08824,48,Mumbai,Working Professional,Organic,Free,2025-12-20,Yes,78
U08825,42,Bangalore,Student,Instagram Ads,Premium,2024-08-30,No,13
U08826,45,Delhi,Family,Organic,Free,2024-06-28,No,20
U08827,36,Mumbai,Working Professional,Google Ads,Premium,2024-05-20,No,28
U08828,41,Delhi,Working Professional,Organic,Free,2025-05-13,Yes,83
U08829,44,Delhi,Working Professional,Organic,Free,2024-01-08,No,6
U08830,49,Mumbai,Family,Google Ads,Free,2024-04-11,No,9
U08831,32,Mumbai,Working Professional,Referral,Free,2024-06-08,Yes,111
U08832,26,Delhi,Student,Referral,Premium,2025-04-14,No,23
U08833,25,Hyderabad,Working Professional,Google Ads,Free,2025-10-18,No,8
U08834,49,Chennai,Student,Google Ads,Free,2024-01-05,No,1
U08835,37,Mumbai,Student,Influencer,Premium,2025-01-13,No,7
U08836,45,Bangalore,Working Professional,Influencer,Free,2025-01-15,Yes,55
U08837,18,Chennai,Student,Organic,Free,2025-08-28,No,12
U08838,21,Pune,Working Professional,Organic,Free,2025-12-29,No,7
U08839,31,Mumbai,Family,Influencer,Free,2025-11-14,No,17
U08840,42,Hyderabad,Working Professional,Organic,Free,2025-10-11,Yes,50
U08841,19,Delhi,Family,Referral,Free,2024-10-30,Yes,101
U08842,33,Bangalore,Student,Referral,Free,2024-06-04,No,4
U08843,20,Delhi,Family,Instagram Ads,Premium,2024-10-26,No,5
U08844,43,Delhi,Family,Influencer,Free,2025-11-01,Yes,32
U08845,25,Mumbai,Student,Referral,Free,2024-09-28,Yes,37
U08846,23,Delhi,Student,Instagram Ads,Premium,2024-05-02,No,27
U08847,33,Hyderabad,Student,Google Ads,Free,2025-05-25,No,12
U08848,41,Mumbai,Family,Referral,Premium,2024-10-05,No,2
U08849,33,Bangalore,Family,Instagram Ads,Premium,2025-01-01,No,23
U08850,24,Delhi,Student,Organic,Free,2025-06-16,Yes,47
U08851,47,Delhi,Working Professional,Instagram Ads,Premium,2025-12-20,No,8
U08852,30,Bangalore,Student,Referral,Free,2025-09-21,No,9
U08853,30,Chennai,Working Professional,Organic,Free,2024-05-02,Yes,55
U08854,22,Delhi,Family,Organic,Premium,2025-12-13,No,13
U08855,42,Mumbai,Student,Instagram Ads,Premium,2025-01-20,Yes,40
U08856,37,Pune,Family,Instagram Ads,Premium,2025-01-31,No,18
U08857,39,Delhi,Family,Referral,Premium,2024-10-27,No,14
U08858,35,Pune,Family,Organic,Premium,2025-01-28,No,26
U08859,32,Bangalore,Student,Influencer,Free,2025-08-25,No,25
U08860,35,Mumbai,Student,Instagram Ads,Free,2025-08-15,No,11
U08861,19,Mumbai,Student,Influencer,Premium,2024-08-03,No,2
U08862,27,Mumbai,Working Professional,Influencer,Free,2024-01-01,Yes,34
U08863,40,Mumbai,Working Professional,Organic,Premium,2024-05-23,Yes,52
U08864,30,Pune,Student,Referral,Free,2024-09-06,No,13
U08865,35,Hyderabad,Working Professional,Influencer,Premium,2024-06-19,No,25
U08866,32,Bangalore,Student,Referral,Premium,2024-05-13,No,22
U08867,48,Hyderabad,Student,Instagram Ads,Free,2024-03-16,Yes,31
U08868,29,Delhi,Working Professional,Organic,Free,2025-04-24,Yes,103
U08869,32,Bangalore,Student,Google Ads,Free,2025-09-15,No,27
U08870,30,Mumbai,Student,Organic,Free,2024-09-23,Yes,42
U08871,35,Hyderabad,Working Professional,Google Ads,Premium,2025-04-10,No,6
U08872,32,Mumbai,Family,Instagram Ads,Free,2025-03-25,Yes,65
U08873,42,Bangalore,Working Professional,Referral,Free,2024-04-05,No,25
U08874,40,Pune,Working Professional,Instagram Ads,Premium,2024-10-02,No,28
U08875,28,Mumbai,Working Professional,Organic,Free,2025-07-03,Yes,96
U08876,36,Delhi,Working Professional,Google Ads,Free,2024-11-07,No,1
U08877,20,Bangalore,Student,Google Ads,Free,2024-12-12,No,23
U08878,24,Mumbai,Working Professional,Organic,Free,2024-09-23,Yes,69
U08879,38,Bangalore,Working Professional,Organic,Free,2024-09-30,No,20
U08880,43,Chennai,Working Professional,Instagram Ads,Free,2025-08-15,No,8
U08881,31,Mumbai,Working Professional,Influencer,Free,2024-04-07,Yes,34
U08882,31,Mumbai,Working Professional,Google Ads,Free,2025-07-10,Yes,54
U08883,39,Bangalore,Working Professional,Organic,Free,2025-10-27,No,11
U08884,30,Delhi,Family,Instagram Ads,Free,2024-11-10,No,8
U08885,29,Delhi,Student,Influencer,Free,2024-05-13,Yes,110
U08886,41,Chennai,Family,Referral,Free,2025-07-08,Yes,102
U08887,26,Bangalore,Student,Organic,Free,2024-04-03,Yes,111
U08888,18,Delhi,Student,Influencer,Free,2024-06-28,No,4
U08889,36,Delhi,Working Professional,Referral,Premium,2024-09-12,No,8
U08890,28,Hyderabad,Working Professional,Referral,Free,2024-01-17,No,24
U08891,40,Hyderabad,Family,Instagram Ads,Free,2025-09-20,Yes,57
U08892,39,Pune,Working Professional,Google Ads,Free,2025-07-11,Yes,82
U08893,40,Mumbai,Working Professional,Organic,Free,2025-11-11,No,18
U08894,41,Chennai,Student,Influencer,Free,2024-05-20,No,9
U08895,39,Bangalore,Student,Referral,Premium,2025-01-24,Yes,84
U08896,36,Hyderabad,Working Professional,Google Ads,Free,2025-12-26,Yes,94
U08897,35,Bangalore,Working Professional,Referral,Premium,2025-11-20,No,14
U08898,29,Delhi,Working Professional,Organic,Free,2024-02-17,No,13
U08899,40,Chennai,Working Professional,Organic,Premium,2025-09-02,No,8
U08900,45,Delhi,Family,Instagram Ads,Free,2024-09-18,No,20
U08901,45,Delhi,Working Professional,Organic,Free,2025-07-23,No,24
U08902,45,Pune,Family,Organic,Free,2024-09-09,Yes,88
U08903,44,Bangalore,Student,Organic,Free,2025-12-03,Yes,83
U08904,18,Pune,Student,Google Ads,Free,2025-05-27,Yes,82
U08905,36,Bangalore,Student,Influencer,Free,2024-06-04,Yes,117
U08906,45,Mumbai,Student,Influencer,Free,2025-08-25,Yes,67
U08907,44,Chennai,Working Professional,Organic,Premium,2024-07-28,No,2
U08908,37,Delhi,Working Professional,Influencer,Premium,2024-11-19,No,4
U08909,46,Pune,Working Professional,Organic,Premium,2024-02-10,No,21
U08910,47,Delhi,Working Professional,Influencer,Free,2024-12-27,No,4
U08911,34,Pune,Family,Influencer,Premium,2025-01-06,Yes,97
U08912,22,Delhi,Family,Referral,Free,2025-02-19,No,24
U08913,43,Bangalore,Student,Google Ads,Premium,2025-09-26,No,10
U08914,20,Pune,Student,Referral,Free,2025-12-09,No,5
U08915,19,Mumbai,Student,Referral,Free,2025-10-23,No,9
U08916,48,Hyderabad,Student,Influencer,Free,2025-01-11,No,7
U08917,20,Pune,Working Professional,Instagram Ads,Free,2024-11-08,Yes,53
U08918,25,Hyderabad,Working Professional,Instagram Ads,Free,2024-10-04,No,12
U08919,33,Chennai,Student,Google Ads,Premium,2024-11-17,No,5
U08920,23,Mumbai,Working Professional,Organic,Free,2025-07-08,No,3
U08921,30,Delhi,Working Professional,Influencer,Free,2024-02-03,No,8
U08922,47,Delhi,Student,Google Ads,Premium,2024-04-23,No,20
U08923,40,Delhi,Working Professional,Referral,Premium,2024-01-02,No,3
U08924,45,Delhi,Family,Influencer,Free,2025-07-24,No,4
U08925,39,Bangalore,Working Professional,Referral,Premium,2024-02-05,No,12
U08926,39,Delhi,Student,Google Ads,Free,2024-01-08,No,1
U08927,33,Delhi,Student,Instagram Ads,Premium,2024-06-09,Yes,36
U08928,45,Delhi,Student,Google Ads,Free,2025-03-27,No,9
U08929,33,Pune,Student,Influencer,Free,2025-06-13,No,3
U08930,20,Bangalore,Family,Influencer,Free,2025-07-29,No,26
U08931,45,Mumbai,Student,Organic,Free,2025-07-26,Yes,46
U08932,30,Pune,Student,Instagram Ads,Free,2024-03-23,Yes,64
U08933,31,Delhi,Student,Influencer,Free,2024-01-10,Yes,115
U08934,25,Chennai,Working Professional,Instagram Ads,Free,2025-03-09,Yes,87
U08935,29,Bangalore,Student,Influencer,Free,2025-09-09,No,3
U08936,40,Delhi,Student,Instagram Ads,Free,2024-08-20,No,14
U08937,40,Bangalore,Working Professional,Google Ads,Free,2024-08-09,No,13
U08938,39,Hyderabad,Working Professional,Instagram Ads,Free,2025-07-04,Yes,92
U08939,38,Mumbai,Student,Referral,Premium,2024-11-16,No,14
U08940,43,Pune,Student,Google Ads,Premium,2025-10-06,No,17
U08941,25,Delhi,Working Professional,Influencer,Free,2024-10-08,No,15
U08942,38,Delhi,Family,Influencer,Premium,2024-04-29,No,12
U08943,42,Delhi,Student,Organic,Free,2024-03-03,No,7
U08944,26,Delhi,Student,Referral,Free,2025-11-16,Yes,36
U08945,18,Delhi,Student,Organic,Premium,2025-06-26,No,12
U08946,23,Chennai,Working Professional,Google Ads,Free,2024-06-17,No,17
U08947,40,Delhi,Working Professional,Organic,Free,2025-10-13,Yes,47
U08948,36,Mumbai,Working Professional,Google Ads,Free,2024-09-29,No,19
U08949,49,Bangalore,Working Professional,Organic,Free,2025-10-19,No,7
U08950,40,Pune,Family,Instagram Ads,Free,2025-12-06,Yes,72
U08951,28,Chennai,Family,Google Ads,Free,2025-01-03,No,3
U08952,28,Hyderabad,Working Professional,Google Ads,Premium,2025-04-16,No,19
U08953,40,Chennai,Working Professional,Instagram Ads,Free,2024-10-21,No,19
U08954,49,Hyderabad,Student,Instagram Ads,Free,2024-03-14,No,20
U08955,47,Chennai,Working Professional,Referral,Premium,2025-04-03,No,20
U08956,30,Hyderabad,Working Professional,Instagram Ads,Premium,2025-10-09,No,8
U08957,28,Delhi,Working Professional,Organic,Free,2025-08-25,No,5
U08958,35,Mumbai,Student,Instagram Ads,Premium,2025-06-21,Yes,50
U08959,40,Bangalore,Working Professional,Instagram Ads,Free,2025-08-10,Yes,109
U08960,32,Mumbai,Working Professional,Google Ads,Free,2025-06-30,No,26
U08961,18,Delhi,Working Professional,Google Ads,Free,2024-07-25,Yes,100
U08962,38,Bangalore,Student,Instagram Ads,Free,2024-06-13,No,28
U08963,42,Chennai,Working Professional,Referral,Free,2024-05-03,No,21
U08964,24,Delhi,Student,Google Ads,Premium,2024-09-29,No,12
U08965,40,Hyderabad,Family,Organic,Premium,2025-01-16,No,9
U08966,44,Hyderabad,Working Professional,Organic,Free,2025-04-18,No,6
U08967,30,Chennai,Student,Instagram Ads,Free,2024-12-19,No,4
U08968,29,Chennai,Student,Instagram Ads,Premium,2024-04-06,No,1
U08969,35,Hyderabad,Working Professional,Referral,Free,2024-03-22,Yes,55
U08970,41,Bangalore,Student,Instagram Ads,Free,2025-06-20,Yes,34
U08971,36,Delhi,Family,Influencer,Free,2024-12-26,No,9
U08972,32,Bangalore,Working Professional,Influencer,Free,2024-03-01,No,7
U08973,25,Hyderabad,Student,Instagram Ads,Premium,2024-04-03,No,18
U08974,36,Pune,Working Professional,Influencer,Premium,2024-12-30,Yes,30
U08975,27,Hyderabad,Student,Organic,Free,2025-10-14,Yes,104
U08976,24,Delhi,Family,Instagram Ads,Premium,2024-10-22,No,8
U08977,35,Bangalore,Student,Organic,Free,2025-11-12,No,27
U08978,33,Mumbai,Family,Organic,Free,2024-06-18,No,5
U08979,37,Delhi,Working Professional,Influencer,Free,2024-10-25,Yes,78
U08980,44,Delhi,Family,Referral,Premium,2025-12-08,No,28
U08981,23,Delhi,Student,Organic,Premium,2025-10-29,No,22
U08982,44,Pune,Student,Influencer,Free,2025-09-02,No,7
U08983,26,Delhi,Working Professional,Referral,Free,2024-11-12,No,12
U08984,38,Mumbai,Working Professional,Influencer,Free,2025-10-06,No,13
U08985,30,Chennai,Student,Influencer,Free,2025-10-12,Yes,115
U08986,42,Mumbai,Working Professional,Instagram Ads,Free,2024-09-20,No,9
U08987,48,Delhi,Student,Google Ads,Free,2025-10-22,Yes,106
U08988,38,Mumbai,Working Professional,Referral,Free,2025-04-24,No,14
U08989,43,Delhi,Student,Influencer,Free,2024-09-17,No,6
U08990,25,Delhi,Student,Organic,Free,2025-06-29,Yes,96
U08991,33,Delhi,Student,Organic,Premium,2025-06-04,No,6
U08992,30,Bangalore,Working Professional,Google Ads,Premium,2024-02-12,No,16
U08993,30,Delhi,Student,Referral,Free,2024-04-05,No,17
U08994,34,Mumbai,Family,Instagram Ads,Premium,2025-01-28,Yes,55
U08995,40,Pune,Student,Referral,Premium,2025-06-07,No,13
U08996,37,Mumbai,Family,Organic,Free,2024-12-20,No,22
U08997,22,Chennai,Working Professional,Organic,Free,2025-02-05,Yes,114
U08998,39,Mumbai,Working Professional,Instagram Ads,Free,2025-04-15,No,19
U08999,38,Mumbai,Student,Instagram Ads,Free,2025-10-13,No,28
U09000,45,Hyderabad,Working Professional,Organic,Premium,2024-10-13,No,23
U09001,34,Delhi,Working Professional,Influencer,Premium,2024-10-09,No,21
U09002,45,Delhi,Working Professional,Influencer,Free,2025-06-16,No,26
U09003,26,Bangalore,Student,Instagram Ads,Free,2024-09-25,No,11
U09004,19,Mumbai,Family,Influencer,Free,2025-07-10,Yes,52
U09005,42,Hyderabad,Family,Instagram Ads,Free,2025-11-17,No,12
U09006,43,Chennai,Working Professional,Referral,Free,2024-10-07,No,8
U09007,35,Mumbai,Working Professional,Referral,Premium,2024-03-17,No,13
U09008,26,Bangalore,Working Professional,Referral,Free,2025-12-10,Yes,111
U09009,23,Bangalore,Student,Instagram Ads,Free,2024-12-20,Yes,88
U09010,28,Chennai,Student,Instagram Ads,Free,2024-09-11,No,25
U09011,42,Pune,Working Professional,Influencer,Premium,2025-10-29,No,11
U09012,46,Chennai,Family,Influencer,Premium,2025-02-28,No,6
U09013,23,Delhi,Student,Influencer,Free,2024-01-04,No,18
U09014,23,Hyderabad,Working Professional,Google Ads,Premium,2024-03-24,No,16
U09015,30,Delhi,Family,Instagram Ads,Free,2025-12-09,No,27
U09016,28,Delhi,Student,Referral,Premium,2024-08-01,Yes,45
U09017,31,Chennai,Student,Referral,Premium,2025-10-18,No,5
U09018,19,Delhi,Working Professional,Google Ads,Premium,2024-02-26,No,14
U09019,25,Chennai,Student,Google Ads,Free,2024-06-02,Yes,65
U09020,20,Delhi,Student,Referral,Free,2025-09-03,Yes,115
U09021,40,Pune,Working Professional,Instagram Ads,Free,2025-12-12,No,9
U09022,38,Delhi,Working Professional,Referral,Free,2025-02-04,Yes,31
U09023,20,Mumbai,Family,Referral,Free,2025-06-03,No,15
U09024,18,Delhi,Working Professional,Google Ads,Free,2025-06-05,No,13
U09025,41,Bangalore,Working Professional,Google Ads,Free,2025-09-27,No,27
U09026,36,Mumbai,Working Professional,Influencer,Free,2024-09-26,Yes,91
U09027,35,Bangalore,Family,Google Ads,Free,2025-06-22,Yes,118
U09028,49,Delhi,Student,Referral,Free,2025-05-26,Yes,111
U09029,34,Delhi,Student,Influencer,Free,2025-05-31,No,7
U09030,37,Delhi,Family,Referral,Free,2025-02-15,Yes,72
U09031,46,Mumbai,Family,Instagram Ads,Free,2025-10-06,No,1
U09032,41,Pune,Student,Instagram Ads,Free,2024-12-07,Yes,37
U09033,30,Pune,Student,Google Ads,Free,2024-05-19,No,21
U09034,20,Delhi,Working Professional,Influencer,Premium,2024-09-20,No,16
U09035,47,Bangalore,Student,Organic,Free,2025-03-24,Yes,106
U09036,18,Hyderabad,Working Professional,Instagram Ads,Free,2024-08-14,No,24
U09037,21,Mumbai,Student,Instagram Ads,Free,2024-02-29,No,19
U09038,42,Mumbai,Student,Instagram Ads,Free,2024-03-20,No,27
U09039,30,Bangalore,Working Professional,Instagram Ads,Free,2024-02-24,Yes,58
U09040,34,Delhi,Family,Google Ads,Free,2025-08-28,No,15
U09041,45,Delhi,Working Professional,Influencer,Premium,2025-03-02,Yes,31
U09042,47,Delhi,Working Professional,Instagram Ads,Premium,2025-07-06,No,27
U09043,28,Bangalore,Family,Google Ads,Free,2025-06-05,No,14
U09044,19,Delhi,Working Professional,Influencer,Free,2024-08-13,Yes,112
U09045,42,Delhi,Working Professional,Influencer,Premium,2024-04-25,No,23
U09046,33,Mumbai,Working Professional,Organic,Premium,2024-12-05,Yes,64
U09047,19,Delhi,Student,Referral,Free,2024-04-16,No,28
U09048,46,Delhi,Working Professional,Instagram Ads,Free,2025-06-02,Yes,91
U09049,36,Chennai,Working Professional,Google Ads,Free,2025-06-16,No,21
U09050,40,Delhi,Student,Influencer,Premium,2024-11-26,No,26
U09051,36,Bangalore,Student,Organic,Free,2024-04-10,Yes,106
U09052,42,Mumbai,Student,Referral,Premium,2024-08-02,No,4
U09053,33,Bangalore,Working Professional,Influencer,Free,2025-07-09,No,21
U09054,39,Bangalore,Student,Influencer,Premium,2024-08-10,No,4
U09055,36,Delhi,Student,Instagram Ads,Free,2024-07-28,Yes,48
U09056,26,Pune,Family,Referral,Premium,2024-12-09,No,5
U09057,18,Mumbai,Working Professional,Referral,Free,2025-12-26,Yes,105
U09058,27,Pune,Student,Google Ads,Free,2025-03-03,No,10
U09059,36,Mumbai,Working Professional,Organic,Premium,2024-03-05,No,26
U09060,18,Chennai,Student,Google Ads,Premium,2024-09-10,No,17
U09061,19,Hyderabad,Working Professional,Organic,Free,2025-06-01,No,11
U09062,33,Chennai,Working Professional,Google Ads,Free,2024-10-20,No,23
U09063,29,Bangalore,Working Professional,Organic,Premium,2024-08-08,No,11
U09064,25,Mumbai,Working Professional,Instagram Ads,Free,2025-03-02,Yes,54
U09065,40,Hyderabad,Student,Organic,Free,2024-11-08,Yes,56
U09066,35,Pune,Working Professional,Google Ads,Premium,2025-12-15,No,22
U09067,19,Chennai,Student,Referral,Premium,2025-04-08,No,11
U09068,42,Mumbai,Student,Influencer,Free,2025-08-04,Yes,65
U09069,46,Hyderabad,Family,Organic,Free,2025-07-30,Yes,68
U09070,30,Delhi,Working Professional,Organic,Premium,2024-09-08,No,9
U09071,23,Bangalore,Family,Referral,Free,2025-11-25,No,21
U09072,38,Delhi,Student,Instagram Ads,Premium,2024-04-21,No,8
U09073,43,Mumbai,Working Professional,Google Ads,Free,2024-10-17,No,26
U09074,23,Chennai,Student,Instagram Ads,Premium,2024-10-06,No,18
U09075,49,Delhi,Working Professional,Organic,Free,2024-10-20,No,18
U09076,26,Bangalore,Student,Organic,Free,2025-05-29,No,22
U09077,33,Bangalore,Student,Instagram Ads,Free,2024-06-27,Yes,107
U09078,28,Delhi,Student,Google Ads,Free,2024-07-07,No,2
U09079,24,Mumbai,Working Professional,Organic,Free,2024-06-16,No,22
U09080,48,Bangalore,Student,Organic,Free,2024-02-23,No,9
U09081,27,Delhi,Family,Instagram Ads,Free,2025-07-31,No,19
U09082,27,Pune,Student,Influencer,Free,2025-09-18,No,15
U09083,47,Chennai,Student,Referral,Premium,2024-11-11,No,8
U09084,42,Delhi,Working Professional,Organic,Free,2024-09-27,No,19
U09085,37,Delhi,Family,Google Ads,Premium,2025-12-26,Yes,111
U09086,35,Mumbai,Student,Influencer,Free,2025-03-05,No,5
U09087,45,Hyderabad,Student,Instagram Ads,Free,2025-09-13,No,8
U09088,41,Mumbai,Working Professional,Instagram Ads,Premium,2024-07-01,Yes,81
U09089,37,Delhi,Student,Google Ads,Premium,2024-09-16,No,17
U09090,46,Bangalore,Working Professional,Influencer,Free,2024-01-24,Yes,59
U09091,26,Chennai,Student,Google Ads,Free,2024-04-03,Yes,30
U09092,48,Mumbai,Working Professional,Organic,Free,2024-09-12,Yes,77
U09093,32,Mumbai,Student,Influencer,Free,2024-08-01,No,7
U09094,21,Chennai,Working Professional,Referral,Premium,2025-05-10,No,21
U09095,48,Hyderabad,Working Professional,Referral,Free,2024-02-09,No,14
U09096,25,Hyderabad,Working Professional,Google Ads,Free,2025-04-07,Yes,116
U09097,26,Bangalore,Working Professional,Referral,Free,2025-03-11,No,1
U09098,30,Chennai,Family,Google Ads,Free,2025-07-02,Yes,36
U09099,26,Hyderabad,Student,Organic,Free,2025-12-16,Yes,49
U09100,43,Pune,Student,Organic,Premium,2024-07-29,Yes,113
U09101,21,Hyderabad,Working Professional,Google Ads,Premium,2024-05-02,No,28
U09102,34,Hyderabad,Working Professional,Organic,Free,2025-04-03,Yes,38
U09103,33,Mumbai,Student,Referral,Free,2024-10-12,No,26
U09104,32,Mumbai,Working Professional,Organic,Free,2024-10-02,Yes,35
U09105,20,Hyderabad,Working Professional,Referral,Free,2024-08-31,Yes,72
U09106,42,Mumbai,Working Professional,Referral,Free,2024-05-22,Yes,88
U09107,37,Bangalore,Family,Instagram Ads,Premium,2024-11-15,No,14
U09108,22,Delhi,Working Professional,Organic,Free,2025-01-09,No,18
U09109,40,Pune,Student,Organic,Premium,2025-03-08,Yes,30
U09110,22,Delhi,Working Professional,Google Ads,Premium,2025-08-01,No,23
U09111,37,Pune,Working Professional,Google Ads,Premium,2024-05-01,Yes,62
U09112,32,Bangalore,Student,Influencer,Free,2024-08-22,No,5
U09113,35,Delhi,Working Professional,Referral,Premium,2025-03-04,No,5
U09114,32,Bangalore,Family,Instagram Ads,Free,2024-05-05,No,27
U09115,19,Mumbai,Student,Referral,Free,2025-06-27,No,20
U09116,46,Mumbai,Student,Organic,Premium,2024-07-21,No,4
U09117,30,Mumbai,Student,Influencer,Free,2024-09-29,No,5
U09118,21,Delhi,Working Professional,Referral,Free,2024-06-22,No,2
U09119,27,Chennai,Family,Influencer,Free,2024-08-25,Yes,114
U09120,30,Delhi,Working Professional,Referral,Premium,2025-04-06,Yes,112
U09121,27,Bangalore,Student,Organic,Premium,2024-04-19,No,6
U09122,46,Mumbai,Working Professional,Organic,Free,2025-02-15,No,27
U09123,48,Bangalore,Working Professional,Referral,Premium,2024-03-11,No,2
U09124,26,Mumbai,Working Professional,Instagram Ads,Premium,2025-10-17,No,9
U09125,25,Bangalore,Student,Organic,Free,2025-12-18,Yes,58
U09126,20,Hyderabad,Working Professional,Google Ads,Premium,2024-12-22,No,22
U09127,33,Hyderabad,Working Professional,Instagram Ads,Free,2025-02-26,No,5
U09128,48,Delhi,Student,Referral,Free,2024-08-28,Yes,110
U09129,31,Bangalore,Working Professional,Instagram Ads,Free,2025-08-25,Yes,89
U09130,49,Delhi,Family,Google Ads,Free,2025-10-31,Yes,107
U09131,26,Delhi,Student,Organic,Free,2025-12-19,No,14
U09132,47,Mumbai,Family,Organic,Free,2025-07-22,No,9
U09133,38,Mumbai,Student,Organic,Free,2025-07-21,Yes,69
U09134,28,Mumbai,Working Professional,Google Ads,Premium,2025-11-09,No,19
U09135,20,Hyderabad,Student,Instagram Ads,Free,2024-05-06,No,17
U09136,22,Mumbai,Student,Referral,Free,2025-03-01,No,17
U09137,46,Mumbai,Working Professional,Referral,Free,2025-06-13,No,26
U09138,27,Delhi,Working Professional,Instagram Ads,Free,2024-03-15,No,14
U09139,30,Hyderabad,Working Professional,Organic,Free,2024-10-04,No,24
U09140,21,Bangalore,Working Professional,Referral,Premium,2025-05-08,No,14
U09141,41,Mumbai,Working Professional,Organic,Premium,2025-01-22,No,10
U09142,30,Hyderabad,Family,Influencer,Premium,2025-06-19,No,23
U09143,29,Bangalore,Working Professional,Influencer,Premium,2025-04-06,Yes,38
U09144,22,Mumbai,Student,Referral,Free,2024-11-03,No,13
U09145,27,Bangalore,Student,Instagram Ads,Free,2025-08-01,Yes,110
U09146,45,Bangalore,Working Professional,Instagram Ads,Free,2024-05-02,Yes,90
U09147,41,Bangalore,Working Professional,Instagram Ads,Free,2024-10-13,No,10
U09148,26,Mumbai,Student,Organic,Free,2024-02-22,No,5
U09149,37,Delhi,Student,Influencer,Free,2025-03-20,No,21
U09150,24,Delhi,Student,Organic,Free,2024-04-30,Yes,61
U09151,19,Bangalore,Working Professional,Google Ads,Free,2025-11-28,No,8
U09152,39,Pune,Student,Google Ads,Premium,2025-02-22,No,25
U09153,41,Mumbai,Student,Referral,Free,2024-03-16,Yes,77
U09154,45,Delhi,Working Professional,Google Ads,Free,2024-03-24,Yes,46
U09155,40,Hyderabad,Working Professional,Instagram Ads,Free,2024-11-02,No,23
U09156,24,Pune,Student,Referral,Free,2025-03-20,Yes,39
U09157,25,Pune,Working Professional,Influencer,Premium,2025-10-20,No,13
U09158,49,Bangalore,Student,Influencer,Premium,2024-12-02,No,5
U09159,24,Pune,Family,Google Ads,Premium,2025-01-15,No,26
U09160,38,Delhi,Student,Google Ads,Free,2025-05-31,No,19
U09161,40,Delhi,Family,Influencer,Free,2024-04-10,No,26
U09162,46,Delhi,Family,Google Ads,Premium,2024-04-09,No,28
U09163,31,Hyderabad,Working Professional,Google Ads,Premium,2024-06-21,Yes,108
U09164,43,Delhi,Student,Organic,Free,2025-03-07,Yes,60
U09165,36,Mumbai,Working Professional,Influencer,Free,2024-04-17,Yes,45
U09166,22,Mumbai,Student,Influencer,Free,2024-01-28,Yes,57
U09167,40,Mumbai,Family,Google Ads,Premium,2024-09-21,No,25
U09168,48,Pune,Working Professional,Instagram Ads,Free,2024-11-10,No,25
U09169,42,Delhi,Family,Organic,Free,2024-02-07,No,2
U09170,48,Mumbai,Working Professional,Instagram Ads,Free,2025-08-27,No,9
U09171,35,Hyderabad,Working Professional,Google Ads,Free,2024-06-01,No,19
U09172,37,Delhi,Working Professional,Influencer,Free,2024-11-23,Yes,105
U09173,29,Bangalore,Working Professional,Instagram Ads,Free,2024-02-17,No,12
U09174,40,Pune,Working Professional,Referral,Premium,2025-10-03,No,3
U09175,34,Chennai,Working Professional,Instagram Ads,Free,2024-01-06,Yes,89
U09176,30,Pune,Family,Influencer,Free,2025-02-17,Yes,93
U09177,19,Mumbai,Working Professional,Google Ads,Free,2024-03-01,No,4
U09178,42,Bangalore,Family,Instagram Ads,Premium,2025-03-10,Yes,65
U09179,30,Delhi,Family,Google Ads,Free,2024-12-04,Yes,76
U09180,43,Delhi,Working Professional,Organic,Free,2024-09-25,No,21
U09181,24,Delhi,Student,Referral,Premium,2024-01-08,No,4
U09182,45,Mumbai,Working Professional,Influencer,Free,2025-10-24,No,24
U09183,27,Pune,Working Professional,Influencer,Free,2025-04-29,No,2
U09184,40,Mumbai,Student,Google Ads,Premium,2025-12-12,No,8
U09185,23,Bangalore,Working Professional,Referral,Free,2024-11-24,No,16
U09186,20,Mumbai,Family,Influencer,Free,2025-02-03,Yes,101
U09187,43,Mumbai,Student,Instagram Ads,Free,2025-02-03,Yes,74
U09188,20,Chennai,Working Professional,Influencer,Free,2025-12-29,Yes,100
U09189,35,Mumbai,Family,Instagram Ads,Free,2025-01-29,Yes,31
U09190,28,Bangalore,Working Professional,Influencer,Free,2024-12-03,No,22
U09191,39,Mumbai,Working Professional,Instagram Ads,Premium,2025-02-22,No,7
U09192,37,Delhi,Working Professional,Organic,Free,2024-07-28,No,8
U09193,49,Mumbai,Working Professional,Google Ads,Free,2024-12-28,Yes,67
U09194,22,Pune,Student,Organic,Free,2024-06-19,No,11
U09195,36,Delhi,Family,Instagram Ads,Free,2024-04-10,No,11
U09196,39,Delhi,Working Professional,Google Ads,Free,2025-02-17,No,23
U09197,44,Delhi,Working Professional,Referral,Premium,2025-07-25,Yes,61
U09198,45,Hyderabad,Working Professional,Instagram Ads,Free,2024-11-18,No,7
U09199,36,Hyderabad,Student,Influencer,Free,2024-01-29,Yes,52
U09200,47,Bangalore,Family,Influencer,Free,2025-10-26,No,23
U09201,32,Mumbai,Working Professional,Referral,Free,2025-07-31,No,27
U09202,47,Pune,Student,Organic,Premium,2024-01-05,No,16
U09203,33,Hyderabad,Family,Instagram Ads,Free,2025-09-27,Yes,91
U09204,49,Pune,Working Professional,Influencer,Free,2025-08-29,No,14
U09205,41,Pune,Working Professional,Google Ads,Free,2025-05-31,No,20
U09206,26,Bangalore,Working Professional,Referral,Premium,2024-03-25,No,22
U09207,21,Mumbai,Student,Organic,Free,2024-08-27,No,18
U09208,32,Pune,Working Professional,Organic,Free,2024-02-18,No,20
U09209,42,Chennai,Student,Google Ads,Free,2024-01-26,Yes,45
U09210,29,Delhi,Working Professional,Google Ads,Free,2025-02-17,No,26
U09211,40,Delhi,Working Professional,Referral,Free,2024-04-07,Yes,75
U09212,20,Chennai,Family,Google Ads,Premium,2025-02-15,No,14
U09213,40,Delhi,Working Professional,Influencer,Free,2024-09-26,No,5
U09214,31,Pune,Student,Organic,Free,2024-09-30,No,6
U09215,34,Mumbai,Family,Google Ads,Free,2024-11-08,Yes,36
U09216,36,Delhi,Working Professional,Instagram Ads,Premium,2024-08-23,No,11
U09217,23,Delhi,Working Professional,Google Ads,Free,2024-07-27,No,22
U09218,21,Delhi,Student,Organic,Free,2024-01-25,No,25
U09219,24,Delhi,Family,Influencer,Premium,2025-10-06,No,12
U09220,47,Mumbai,Family,Google Ads,Premium,2024-06-29,No,20
U09221,36,Hyderabad,Working Professional,Influencer,Free,2025-08-19,No,11
U09222,34,Chennai,Family,Instagram Ads,Free,2024-09-02,No,7
U09223,42,Mumbai,Student,Organic,Free,2025-07-04,No,11
U09224,33,Bangalore,Family,Referral,Free,2025-03-16,Yes,97
U09225,32,Bangalore,Working Professional,Organic,Free,2025-09-17,No,24
U09226,39,Bangalore,Student,Referral,Free,2025-04-12,Yes,72
U09227,25,Bangalore,Working Professional,Referral,Premium,2025-09-05,No,1
U09228,36,Delhi,Working Professional,Organic,Premium,2024-08-14,No,25
U09229,25,Delhi,Student,Referral,Free,2024-10-07,No,9
U09230,35,Delhi,Student,Influencer,Free,2025-10-31,No,14
U09231,45,Delhi,Student,Instagram Ads,Free,2025-05-28,Yes,103
U09232,33,Hyderabad,Working Professional,Google Ads,Free,2024-07-30,No,4
U09233,37,Delhi,Student,Referral,Free,2024-02-05,Yes,94
U09234,36,Pune,Student,Referral,Premium,2025-07-02,No,27
U09235,27,Chennai,Working Professional,Organic,Free,2024-08-27,No,19
U09236,34,Chennai,Family,Influencer,Free,2024-12-29,Yes,47
U09237,48,Chennai,Working Professional,Google Ads,Free,2025-03-06,No,21
U09238,30,Delhi,Student,Referral,Free,2024-03-31,No,21
U09239,30,Bangalore,Family,Influencer,Free,2025-08-30,No,20
U09240,24,Delhi,Working Professional,Google Ads,Free,2024-07-05,Yes,64
U09241,44,Pune,Working Professional,Organic,Free,2024-09-16,No,3
U09242,27,Pune,Working Professional,Referral,Free,2024-12-15,Yes,71
U09243,19,Pune,Working Professional,Organic,Free,2025-12-07,No,24
U09244,21,Mumbai,Student,Organic,Free,2024-02-15,Yes,41
U09245,42,Hyderabad,Working Professional,Referral,Premium,2025-07-30,No,23
U09246,23,Delhi,Working Professional,Influencer,Free,2024-08-14,No,8
U09247,41,Delhi,Working Professional,Influencer,Free,2025-07-21,Yes,63
U09248,35,Hyderabad,Working Professional,Organic,Premium,2025-12-16,No,26
U09249,40,Mumbai,Working Professional,Organic,Free,2025-06-30,No,15
U09250,23,Chennai,Working Professional,Instagram Ads,Free,2024-04-28,Yes,105
U09251,46,Delhi,Working Professional,Google Ads,Free,2024-08-25,Yes,88
U09252,47,Pune,Family,Organic,Free,2024-04-10,No,6
U09253,42,Mumbai,Working Professional,Organic,Premium,2024-11-29,Yes,114
U09254,40,Pune,Family,Google Ads,Free,2025-05-21,No,21
U09255,34,Pune,Family,Referral,Premium,2025-07-09,No,4
U09256,31,Chennai,Working Professional,Influencer,Free,2024-01-01,Yes,62
U09257,41,Mumbai,Working Professional,Referral,Free,2025-12-28,No,16
U09258,28,Chennai,Student,Google Ads,Free,2024-05-19,No,4
U09259,43,Delhi,Family,Google Ads,Free,2024-10-02,Yes,117
U09260,48,Delhi,Student,Instagram Ads,Free,2025-01-01,No,23
U09261,36,Mumbai,Working Professional,Instagram Ads,Free,2025-09-15,No,26
U09262,47,Pune,Student,Influencer,Premium,2025-06-01,No,22
U09263,19,Mumbai,Working Professional,Organic,Premium,2024-10-03,No,16
U09264,45,Pune,Working Professional,Google Ads,Premium,2025-09-06,Yes,76
U09265,20,Hyderabad,Family,Instagram Ads,Free,2024-10-27,Yes,110
U09266,28,Delhi,Working Professional,Referral,Free,2024-03-10,Yes,36
U09267,23,Chennai,Family,Instagram Ads,Free,2025-03-03,No,13
U09268,46,Delhi,Working Professional,Referral,Free,2024-07-05,Yes,111
U09269,31,Pune,Student,Instagram Ads,Free,2024-06-06,Yes,113
U09270,36,Mumbai,Student,Referral,Free,2025-10-11,No,9
U09271,43,Bangalore,Working Professional,Instagram Ads,Free,2024-11-26,Yes,95
U09272,33,Mumbai,Student,Instagram Ads,Premium,2024-09-13,No,28
U09273,38,Delhi,Working Professional,Influencer,Free,2025-02-12,No,24
U09274,39,Mumbai,Student,Organic,Premium,2025-04-08,No,17
U09275,41,Delhi,Working Professional,Google Ads,Free,2024-03-23,No,13
U09276,24,Delhi,Working Professional,Organic,Free,2025-08-08,Yes,95
U09277,47,Delhi,Working Professional,Influencer,Free,2024-01-14,No,7
U09278,44,Mumbai,Student,Referral,Free,2024-05-10,Yes,95
U09279,25,Hyderabad,Student,Organic,Free,2024-07-14,No,14
U09280,36,Bangalore,Working Professional,Google Ads,Free,2025-11-10,No,1
U09281,37,Pune,Student,Google Ads,Free,2024-07-30,Yes,85
U09282,33,Bangalore,Working Professional,Referral,Premium,2024-07-25,No,13
U09283,49,Hyderabad,Working Professional,Google Ads,Free,2024-05-14,Yes,39
U09284,39,Bangalore,Student,Influencer,Free,2024-04-17,Yes,112
U09285,44,Mumbai,Working Professional,Organic,Free,2025-09-22,No,18
U09286,24,Hyderabad,Working Professional,Google Ads,Premium,2024-06-13,No,24
U09287,26,Delhi,Student,Organic,Premium,2024-06-02,No,22
U09288,30,Pune,Working Professional,Instagram Ads,Free,2024-12-12,Yes,41
U09289,18,Hyderabad,Student,Organic,Premium,2024-01-25,No,16
U09290,46,Delhi,Working Professional,Referral,Free,2025-07-08,No,15
U09291,48,Hyderabad,Working Professional,Influencer,Free,2025-09-18,No,19
U09292,25,Delhi,Student,Google Ads,Free,2024-12-15,Yes,66
U09293,41,Delhi,Working Professional,Influencer,Premium,2025-07-09,No,10
U09294,39,Delhi,Working Professional,Organic,Free,2025-12-24,No,9
U09295,21,Hyderabad,Student,Google Ads,Free,2025-03-30,No,12
U09296,20,Hyderabad,Working Professional,Influencer,Free,2024-08-05,No,8
U09297,44,Pune,Working Professional,Referral,Free,2024-09-02,Yes,101
U09298,20,Delhi,Working Professional,Instagram Ads,Free,2024-11-08,No,2
U09299,39,Bangalore,Working Professional,Instagram Ads,Free,2025-10-10,Yes,49
U09300,30,Hyderabad,Family,Referral,Free,2025-04-04,No,20
U09301,25,Delhi,Family,Instagram Ads,Premium,2025-08-04,No,16
U09302,24,Bangalore,Working Professional,Referral,Premium,2025-06-01,No,10
U09303,44,Delhi,Family,Organic,Free,2025-10-28,Yes,41
U09304,18,Delhi,Student,Referral,Premium,2024-09-12,No,11
U09305,44,Mumbai,Working Professional,Instagram Ads,Free,2025-09-25,No,25
U09306,33,Bangalore,Student,Organic,Free,2025-09-21,No,16
U09307,23,Delhi,Student,Referral,Free,2025-04-11,No,14
U09308,24,Delhi,Working Professional,Referral,Free,2025-05-20,Yes,65
U09309,29,Delhi,Working Professional,Organic,Free,2024-07-27,Yes,36
U09310,40,Delhi,Working Professional,Google Ads,Premium,2025-02-10,No,2
U09311,26,Delhi,Working Professional,Instagram Ads,Free,2024-03-21,Yes,101
U09312,44,Mumbai,Working Professional,Google Ads,Premium,2024-11-25,No,18
U09313,28,Bangalore,Working Professional,Organic,Free,2024-04-16,Yes,51
U09314,27,Mumbai,Student,Organic,Premium,2025-10-09,No,16
U09315,38,Hyderabad,Working Professional,Influencer,Free,2025-03-13,Yes,72
U09316,18,Hyderabad,Student,Influencer,Premium,2024-01-14,Yes,68
U09317,35,Delhi,Working Professional,Organic,Free,2025-06-26,No,6
U09318,48,Delhi,Student,Influencer,Free,2025-11-21,No,1
U09319,21,Pune,Student,Referral,Premium,2025-02-05,No,18
U09320,22,Delhi,Working Professional,Google Ads,Free,2025-05-24,Yes,50
U09321,26,Delhi,Working Professional,Organic,Free,2025-03-06,No,14
U09322,44,Delhi,Working Professional,Referral,Free,2024-04-03,Yes,67
U09323,48,Bangalore,Student,Instagram Ads,Free,2024-03-22,Yes,52
U09324,34,Bangalore,Working Professional,Instagram Ads,Free,2025-11-22,No,28
U09325,20,Chennai,Working Professional,Influencer,Premium,2024-09-05,No,24
U09326,33,Pune,Family,Influencer,Premium,2024-08-28,No,13
U09327,22,Mumbai,Working Professional,Referral,Free,2024-06-13,Yes,80
U09328,33,Mumbai,Student,Instagram Ads,Free,2025-04-17,No,10
U09329,49,Mumbai,Working Professional,Organic,Free,2024-10-12,No,26
U09330,20,Delhi,Student,Google Ads,Free,2024-01-30,Yes,100
U09331,37,Delhi,Student,Influencer,Free,2025-04-03,No,2
U09332,32,Delhi,Student,Referral,Free,2024-10-30,No,1
U09333,47,Delhi,Working Professional,Influencer,Premium,2025-11-09,No,28
U09334,20,Delhi,Working Professional,Referral,Premium,2025-12-14,Yes,89
U09335,37,Mumbai,Working Professional,Instagram Ads,Free,2025-08-28,Yes,61
U09336,31,Chennai,Working Professional,Influencer,Premium,2025-04-03,Yes,70
U09337,48,Bangalore,Student,Referral,Free,2024-01-15,No,27
U09338,33,Chennai,Working Professional,Referral,Free,2024-10-26,No,19
U09339,46,Mumbai,Working Professional,Influencer,Free,2025-02-10,Yes,97
U09340,46,Mumbai,Working Professional,Google Ads,Premium,2024-02-17,Yes,36
U09341,48,Mumbai,Working Professional,Organic,Free,2025-10-24,No,15
U09342,48,Delhi,Student,Instagram Ads,Free,2024-04-23,Yes,49
U09343,34,Delhi,Working Professional,Influencer,Free,2025-03-30,No,3
U09344,45,Chennai,Working Professional,Influencer,Free,2025-06-09,No,10
U09345,41,Chennai,Working Professional,Google Ads,Premium,2024-12-13,No,7
U09346,37,Delhi,Working Professional,Instagram Ads,Free,2024-06-19,Yes,88
U09347,40,Delhi,Family,Influencer,Free,2025-03-04,No,4
U09348,35,Mumbai,Student,Google Ads,Free,2025-02-09,Yes,63
U09349,35,Delhi,Working Professional,Organic,Premium,2025-01-14,No,12
U09350,39,Mumbai,Working Professional,Referral,Free,2024-03-01,Yes,110
U09351,31,Delhi,Student,Organic,Free,2025-06-13,No,7
U09352,35,Mumbai,Student,Organic,Free,2025-08-20,Yes,113
U09353,32,Delhi,Working Professional,Organic,Premium,2024-07-19,No,2
U09354,32,Mumbai,Student,Organic,Free,2025-10-19,Yes,90
U09355,23,Delhi,Student,Referral,Premium,2024-02-26,No,6
U09356,44,Mumbai,Family,Instagram Ads,Free,2024-03-25,Yes,41
U09357,32,Chennai,Working Professional,Instagram Ads,Free,2025-12-13,No,27
U09358,35,Mumbai,Student,Google Ads,Free,2024-04-15,No,6
U09359,21,Pune,Working Professional,Google Ads,Premium,2025-10-03,Yes,111
U09360,40,Pune,Working Professional,Influencer,Free,2024-01-14,Yes,107
U09361,25,Chennai,Family,Organic,Free,2025-06-16,Yes,117
U09362,32,Hyderabad,Working Professional,Organic,Free,2024-02-14,No,23
U09363,20,Bangalore,Family,Referral,Free,2025-06-29,No,15
U09364,47,Pune,Student,Organic,Free,2025-01-07,No,28
U09365,32,Delhi,Working Professional,Referral,Free,2024-03-11,No,10
U09366,30,Mumbai,Student,Influencer,Free,2024-08-18,No,8
U09367,26,Chennai,Student,Google Ads,Free,2025-06-07,Yes,53
U09368,19,Hyderabad,Working Professional,Google Ads,Premium,2024-05-02,Yes,55
U09369,41,Chennai,Student,Influencer,Premium,2024-03-09,Yes,90
U09370,25,Hyderabad,Working Professional,Influencer,Free,2024-04-20,Yes,97
U09371,49,Pune,Family,Organic,Premium,2024-09-02,No,12
U09372,46,Hyderabad,Working Professional,Google Ads,Free,2025-01-07,No,3
U09373,49,Hyderabad,Student,Instagram Ads,Free,2024-04-07,Yes,58
U09374,49,Bangalore,Working Professional,Influencer,Premium,2024-11-17,No,18
U09375,47,Chennai,Family,Google Ads,Premium,2025-12-13,No,23
U09376,37,Pune,Working Professional,Google Ads,Premium,2025-11-04,No,1
U09377,34,Pune,Working Professional,Referral,Premium,2025-05-23,No,15
U09378,30,Bangalore,Student,Google Ads,Free,2025-01-10,No,17
U09379,18,Mumbai,Student,Influencer,Free,2025-11-02,Yes,41
U09380,19,Delhi,Working Professional,Organic,Free,2024-05-19,No,13
U09381,47,Chennai,Student,Google Ads,Premium,2025-01-15,No,6
U09382,32,Bangalore,Family,Instagram Ads,Free,2025-02-06,Yes,55
U09383,29,Mumbai,Working Professional,Influencer,Premium,2024-10-29,No,19
U09384,31,Delhi,Working Professional,Organic,Free,2024-06-14,No,9
U09385,42,Pune,Working Professional,Organic,Premium,2024-09-22,Yes,103
U09386,46,Pune,Working Professional,Influencer,Free,2024-12-20,Yes,36
U09387,19,Pune,Working Professional,Organic,Premium,2025-07-06,No,21
U09388,35,Bangalore,Family,Instagram Ads,Free,2024-02-24,Yes,87
U09389,39,Mumbai,Family,Google Ads,Premium,2024-08-16,No,13
U09390,24,Mumbai,Family,Influencer,Premium,2024-08-11,No,7
U09391,46,Delhi,Family,Google Ads,Free,2024-07-17,Yes,85
U09392,40,Pune,Working Professional,Google Ads,Free,2025-09-18,No,4
U09393,48,Delhi,Working Professional,Organic,Free,2024-09-09,No,18
U09394,49,Bangalore,Student,Influencer,Free,2025-12-14,No,26
U09395,46,Bangalore,Student,Google Ads,Free,2025-07-08,Yes,117
U09396,42,Bangalore,Student,Referral,Free,2025-11-08,No,3
U09397,23,Chennai,Student,Instagram Ads,Free,2024-06-03,No,22
U09398,31,Delhi,Working Professional,Organic,Free,2025-09-18,No,7
U09399,25,Hyderabad,Student,Influencer,Premium,2025-11-18,No,18
U09400,44,Delhi,Family,Influencer,Free,2025-07-23,No,1
U09401,39,Delhi,Family,Organic,Free,2024-11-27,Yes,32
U09402,19,Mumbai,Student,Google Ads,Free,2025-02-11,Yes,76
U09403,34,Delhi,Student,Organic,Free,2025-05-18,No,9
U09404,22,Hyderabad,Family,Influencer,Free,2025-11-24,No,8
U09405,31,Bangalore,Family,Referral,Free,2025-09-17,No,17
U09406,42,Delhi,Family,Google Ads,Premium,2025-11-16,Yes,104
U09407,41,Delhi,Family,Organic,Premium,2025-03-17,No,4
U09408,47,Bangalore,Family,Influencer,Premium,2024-09-12,No,15
U09409,46,Pune,Working Professional,Influencer,Free,2025-02-19,Yes,60
U09410,37,Mumbai,Student,Influencer,Premium,2025-02-03,Yes,98
U09411,38,Bangalore,Working Professional,Referral,Free,2024-03-30,No,25
U09412,46,Hyderabad,Student,Google Ads,Premium,2024-05-20,No,7
U09413,38,Bangalore,Family,Organic,Premium,2024-01-06,No,24
U09414,39,Delhi,Working Professional,Google Ads,Premium,2024-12-05,Yes,49
U09415,20,Bangalore,Working Professional,Influencer,Premium,2024-08-06,No,20
U09416,22,Bangalore,Student,Referral,Free,2025-08-01,No,12
U09417,33,Hyderabad,Working Professional,Referral,Free,2025-10-25,Yes,33
U09418,35,Bangalore,Working Professional,Influencer,Free,2024-09-27,No,14
U09419,43,Chennai,Family,Google Ads,Free,2024-03-03,No,11
U09420,49,Delhi,Student,Google Ads,Free,2025-06-16,Yes,96
U09421,34,Chennai,Family,Referral,Free,2025-05-27,No,23
U09422,28,Bangalore,Family,Instagram Ads,Free,2024-09-11,No,14
U09423,34,Bangalore,Working Professional,Referral,Free,2024-05-05,No,28
U09424,33,Delhi,Working Professional,Referral,Premium,2025-03-26,No,11
U09425,43,Mumbai,Working Professional,Organic,Free,2025-02-09,No,20
U09426,40,Hyderabad,Student,Referral,Premium,2025-12-14,No,13
U09427,19,Hyderabad,Student,Instagram Ads,Free,2025-09-11,No,14
U09428,21,Delhi,Family,Referral,Free,2024-12-23,No,13
U09429,38,Bangalore,Working Professional,Google Ads,Free,2024-03-28,No,17
U09430,24,Delhi,Student,Organic,Free,2025-01-25,No,16
U09431,19,Chennai,Working Professional,Organic,Premium,2025-01-03,No,8
U09432,47,Pune,Working Professional,Referral,Free,2025-11-19,Yes,112
U09433,23,Delhi,Student,Organic,Free,2025-10-02,No,12
U09434,34,Pune,Working Professional,Organic,Premium,2025-03-22,No,28
U09435,24,Chennai,Student,Referral,Free,2024-11-15,Yes,88
U09436,42,Mumbai,Student,Instagram Ads,Free,2024-09-29,No,9
U09437,22,Hyderabad,Working Professional,Referral,Premium,2025-10-12,Yes,79
U09438,22,Mumbai,Working Professional,Google Ads,Premium,2025-09-28,Yes,90
U09439,37,Bangalore,Student,Influencer,Free,2025-06-05,No,28
U09440,49,Mumbai,Working Professional,Instagram Ads,Free,2025-07-31,No,1
U09441,33,Mumbai,Student,Referral,Premium,2024-01-16,No,17
U09442,36,Mumbai,Student,Instagram Ads,Free,2025-01-02,No,19
U09443,26,Delhi,Student,Influencer,Free,2024-09-07,No,13
U09444,22,Pune,Student,Organic,Free,2024-12-25,No,12
U09445,25,Mumbai,Student,Organic,Free,2024-08-18,No,23
U09446,26,Mumbai,Family,Influencer,Premium,2024-09-09,No,12
U09447,22,Pune,Working Professional,Organic,Free,2025-09-03,No,28
U09448,27,Mumbai,Student,Instagram Ads,Premium,2025-08-28,No,13
U09449,42,Bangalore,Student,Organic,Free,2025-01-27,No,6
U09450,19,Chennai,Student,Influencer,Free,2025-05-31,No,28
U09451,26,Pune,Working Professional,Influencer,Free,2025-06-02,No,13
U09452,28,Delhi,Working Professional,Influencer,Free,2025-04-28,Yes,77
U09453,21,Mumbai,Student,Google Ads,Free,2024-03-05,Yes,51
U09454,39,Chennai,Working Professional,Instagram Ads,Premium,2024-08-06,Yes,64
U09455,49,Mumbai,Working Professional,Influencer,Free,2024-07-26,No,21
U09456,39,Mumbai,Student,Instagram Ads,Premium,2024-06-24,No,21
U09457,39,Delhi,Working Professional,Google Ads,Free,2025-12-12,Yes,96
U09458,19,Delhi,Working Professional,Instagram Ads,Free,2025-02-28,No,12
U09459,40,Hyderabad,Student,Referral,Free,2024-01-10,Yes,67
U09460,46,Hyderabad,Working Professional,Google Ads,Free,2025-11-10,Yes,82
U09461,23,Chennai,Working Professional,Google Ads,Premium,2024-10-15,No,22
U09462,44,Hyderabad,Working Professional,Organic,Premium,2025-09-06,No,15
U09463,31,Delhi,Student,Influencer,Free,2024-01-16,Yes,43
U09464,18,Delhi,Working Professional,Google Ads,Free,2024-11-23,Yes,115
U09465,35,Chennai,Working Professional,Instagram Ads,Premium,2025-06-28,No,3
U09466,24,Mumbai,Working Professional,Referral,Premium,2025-06-30,No,7
U09467,18,Mumbai,Working Professional,Instagram Ads,Premium,2024-07-01,No,6
U09468,48,Chennai,Student,Instagram Ads,Free,2024-04-11,Yes,116
U09469,18,Bangalore,Working Professional,Referral,Free,2024-11-27,No,27
U09470,18,Delhi,Working Professional,Organic,Free,2024-03-19,No,23
U09471,41,Pune,Working Professional,Influencer,Free,2024-01-17,Yes,74
U09472,21,Chennai,Family,Google Ads,Free,2025-01-04,No,23
U09473,21,Delhi,Family,Influencer,Premium,2024-01-21,No,10
U09474,46,Pune,Student,Organic,Free,2025-02-08,No,17
U09475,35,Mumbai,Family,Referral,Free,2024-01-17,Yes,36
U09476,44,Bangalore,Working Professional,Influencer,Premium,2025-08-10,Yes,112
U09477,28,Chennai,Working Professional,Instagram Ads,Free,2025-03-07,Yes,76
U09478,44,Chennai,Family,Google Ads,Free,2025-07-09,Yes,62
U09479,49,Delhi,Working Professional,Google Ads,Free,2025-02-23,Yes,51
U09480,18,Delhi,Working Professional,Organic,Free,2024-01-28,Yes,96
U09481,45,Delhi,Family,Organic,Free,2024-01-25,No,26
U09482,27,Bangalore,Student,Referral,Free,2024-07-19,Yes,42
U09483,26,Delhi,Student,Organic,Free,2024-10-29,Yes,85
U09484,40,Mumbai,Working Professional,Influencer,Free,2025-09-04,Yes,106
U09485,21,Delhi,Family,Google Ads,Premium,2024-10-05,Yes,41
U09486,45,Mumbai,Family,Referral,Free,2024-03-15,Yes,34
U09487,23,Delhi,Student,Organic,Premium,2024-03-05,Yes,106
U09488,47,Pune,Family,Instagram Ads,Free,2024-09-11,Yes,84
U09489,33,Delhi,Student,Google Ads,Free,2024-09-28,Yes,105
U09490,19,Mumbai,Family,Referral,Premium,2025-09-27,Yes,103
U09491,40,Pune,Working Professional,Google Ads,Free,2025-07-15,No,28
U09492,35,Hyderabad,Student,Influencer,Free,2025-06-08,Yes,95
U09493,27,Delhi,Student,Organic,Free,2024-12-01,Yes,67
U09494,41,Delhi,Student,Organic,Free,2024-07-26,No,21
U09495,41,Hyderabad,Student,Organic,Free,2024-02-04,No,14
U09496,34,Mumbai,Working Professional,Instagram Ads,Free,2024-04-23,No,14
U09497,30,Hyderabad,Student,Influencer,Premium,2024-02-01,No,13
U09498,41,Mumbai,Family,Instagram Ads,Premium,2024-06-04,No,19
U09499,35,Mumbai,Working Professional,Influencer,Premium,2025-05-18,No,12
U09500,39,Mumbai,Working Professional,Influencer,Premium,2024-12-18,No,19
U09501,30,Hyderabad,Student,Influencer,Premium,2024-10-29,No,11
U09502,34,Chennai,Family,Organic,Free,2024-04-27,Yes,64
U09503,22,Delhi,Working Professional,Organic,Free,2024-02-04,No,6
U09504,28,Bangalore,Family,Organic,Free,2024-11-15,No,10
U09505,24,Delhi,Family,Instagram Ads,Free,2024-08-05,No,9
U09506,46,Mumbai,Student,Referral,Free,2024-09-24,No,6
U09507,27,Pune,Student,Influencer,Free,2025-11-23,No,13
U09508,34,Mumbai,Family,Instagram Ads,Free,2024-02-13,No,6
U09509,32,Chennai,Family,Organic,Free,2024-06-22,No,20
U09510,35,Bangalore,Working Professional,Organic,Free,2024-07-16,No,17
U09511,40,Chennai,Working Professional,Referral,Premium,2024-10-28,Yes,54
U09512,39,Hyderabad,Working Professional,Organic,Free,2024-04-08,Yes,37
U09513,36,Delhi,Student,Influencer,Free,2025-02-08,Yes,69
U09514,47,Delhi,Student,Google Ads,Free,2025-12-22,Yes,35
U09515,43,Mumbai,Working Professional,Organic,Free,2025-12-12,Yes,108
U09516,19,Delhi,Student,Referral,Free,2024-10-30,No,15
U09517,43,Mumbai,Working Professional,Google Ads,Free,2024-05-26,Yes,110
U09518,21,Mumbai,Family,Influencer,Free,2025-12-24,No,4
U09519,20,Chennai,Family,Influencer,Free,2025-01-22,No,8
U09520,24,Mumbai,Family,Influencer,Free,2025-06-27,No,19
U09521,41,Hyderabad,Family,Referral,Free,2024-12-11,No,20
U09522,35,Chennai,Working Professional,Google Ads,Premium,2024-06-04,No,24
U09523,27,Pune,Family,Influencer,Free,2025-08-10,Yes,63
U09524,24,Delhi,Family,Organic,Premium,2025-03-17,No,28
U09525,25,Mumbai,Family,Google Ads,Free,2024-07-20,No,7
U09526,23,Mumbai,Working Professional,Influencer,Free,2024-05-21,Yes,104
U09527,39,Mumbai,Student,Google Ads,Free,2024-04-13,Yes,104
U09528,43,Mumbai,Student,Organic,Free,2024-08-02,No,1
U09529,18,Pune,Student,Instagram Ads,Free,2024-11-04,Yes,90
U09530,21,Mumbai,Family,Influencer,Free,2024-04-17,Yes,88
U09531,31,Bangalore,Working Professional,Organic,Free,2025-04-04,No,25
U09532,34,Chennai,Family,Referral,Free,2025-06-20,Yes,40
U09533,37,Delhi,Working Professional,Influencer,Free,2024-08-16,Yes,42
U09534,35,Mumbai,Working Professional,Instagram Ads,Free,2025-09-18,Yes,91
U09535,28,Hyderabad,Student,Organic,Free,2024-07-26,Yes,100
U09536,46,Delhi,Student,Organic,Free,2025-12-02,No,13
U09537,38,Bangalore,Working Professional,Google Ads,Free,2025-12-27,Yes,67
U09538,43,Delhi,Working Professional,Influencer,Free,2025-06-04,Yes,43
U09539,31,Pune,Student,Instagram Ads,Free,2025-09-10,No,12
U09540,26,Mumbai,Working Professional,Referral,Free,2025-12-18,Yes,60
U09541,44,Mumbai,Working Professional,Google Ads,Premium,2025-02-08,No,23
U09542,32,Bangalore,Family,Influencer,Premium,2024-06-29,No,22
U09543,29,Delhi,Student,Instagram Ads,Free,2025-10-02,Yes,46
U09544,27,Mumbai,Working Professional,Google Ads,Free,2025-11-15,No,12
U09545,36,Mumbai,Student,Instagram Ads,Free,2024-06-04,No,25
U09546,41,Mumbai,Working Professional,Instagram Ads,Free,2025-01-21,No,4
U09547,36,Bangalore,Working Professional,Google Ads,Free,2024-04-11,Yes,87
U09548,23,Bangalore,Working Professional,Google Ads,Free,2024-04-25,Yes,119
U09549,49,Bangalore,Family,Influencer,Free,2025-04-15,No,14
U09550,37,Bangalore,Student,Google Ads,Free,2025-11-10,Yes,42
U09551,41,Mumbai,Student,Influencer,Free,2024-01-04,No,21
U09552,44,Delhi,Working Professional,Instagram Ads,Free,2024-07-16,Yes,94
U09553,23,Hyderabad,Working Professional,Google Ads,Premium,2024-07-22,No,17
U09554,25,Pune,Student,Influencer,Premium,2025-01-30,No,22
U09555,18,Delhi,Working Professional,Influencer,Free,2025-01-12,Yes,45
U09556,39,Mumbai,Student,Referral,Free,2025-07-27,No,2
U09557,34,Mumbai,Student,Influencer,Free,2025-08-05,Yes,32
U09558,34,Bangalore,Working Professional,Influencer,Free,2025-08-26,Yes,47
U09559,41,Bangalore,Family,Referral,Premium,2025-04-18,Yes,70
U09560,49,Delhi,Working Professional,Organic,Free,2025-11-18,Yes,107
U09561,32,Hyderabad,Working Professional,Google Ads,Free,2025-01-25,No,21
U09562,24,Delhi,Family,Referral,Free,2025-11-27,No,12
U09563,36,Mumbai,Student,Influencer,Premium,2025-07-21,No,28
U09564,39,Pune,Working Professional,Influencer,Free,2025-08-01,Yes,76
U09565,48,Mumbai,Family,Google Ads,Free,2025-03-11,Yes,101
U09566,42,Delhi,Student,Instagram Ads,Free,2024-03-03,Yes,97
U09567,40,Chennai,Working Professional,Referral,Free,2025-07-06,Yes,53
U09568,45,Pune,Family,Organic,Premium,2025-10-24,Yes,76
U09569,20,Hyderabad,Family,Google Ads,Free,2024-06-23,No,25
U09570,47,Mumbai,Student,Google Ads,Free,2025-08-31,No,18
U09571,47,Delhi,Student,Referral,Free,2024-02-05,Yes,105
U09572,46,Chennai,Student,Influencer,Free,2024-01-14,Yes,43
U09573,39,Bangalore,Working Professional,Influencer,Free,2024-06-13,No,8
U09574,28,Pune,Working Professional,Organic,Free,2024-06-29,No,15
U09575,37,Mumbai,Working Professional,Referral,Free,2025-02-15,No,14
U09576,47,Mumbai,Family,Google Ads,Free,2024-07-11,No,16
U09577,46,Chennai,Student,Referral,Free,2024-10-29,No,6
U09578,36,Bangalore,Family,Instagram Ads,Free,2025-12-11,No,23
U09579,26,Delhi,Student,Google Ads,Free,2024-09-02,Yes,87
U09580,27,Delhi,Student,Organic,Premium,2025-02-11,No,15
U09581,19,Mumbai,Working Professional,Organic,Free,2024-01-14,Yes,62
U09582,18,Delhi,Student,Google Ads,Free,2025-03-06,Yes,115
U09583,48,Mumbai,Working Professional,Influencer,Free,2024-03-19,No,3
U09584,47,Mumbai,Family,Google Ads,Free,2024-01-01,Yes,107
U09585,33,Hyderabad,Student,Google Ads,Free,2025-10-08,No,12
U09586,35,Mumbai,Working Professional,Instagram Ads,Free,2025-04-10,No,9
U09587,40,Chennai,Student,Google Ads,Free,2025-05-25,No,5
U09588,43,Delhi,Student,Referral,Free,2025-05-09,No,12
U09589,34,Bangalore,Working Professional,Referral,Premium,2024-04-24,No,1
U09590,23,Delhi,Family,Organic,Free,2025-07-29,No,1
U09591,31,Hyderabad,Working Professional,Influencer,Premium,2024-09-30,No,24
U09592,40,Chennai,Working Professional,Organic,Free,2025-03-22,Yes,78
U09593,42,Pune,Family,Instagram Ads,Free,2025-12-08,No,21
U09594,32,Bangalore,Working Professional,Google Ads,Premium,2024-11-01,Yes,59
U09595,31,Mumbai,Student,Organic,Premium,2024-11-19,No,2
U09596,41,Pune,Working Professional,Google Ads,Premium,2025-08-25,No,8
U09597,39,Chennai,Working Professional,Organic,Premium,2025-02-01,No,12
U09598,20,Chennai,Working Professional,Google Ads,Free,2025-08-12,No,22
U09599,41,Mumbai,Working Professional,Organic,Free,2025-01-25,Yes,71
U09600,40,Chennai,Student,Referral,Premium,2024-11-07,No,9
U09601,36,Delhi,Working Professional,Instagram Ads,Premium,2024-01-14,No,12
U09602,42,Delhi,Working Professional,Organic,Free,2024-06-18,No,6
U09603,29,Delhi,Working Professional,Referral,Premium,2024-04-18,No,3
U09604,19,Delhi,Family,Influencer,Free,2024-02-12,No,22
U09605,20,Hyderabad,Family,Organic,Premium,2024-12-23,No,4
U09606,35,Pune,Working Professional,Google Ads,Free,2025-04-19,No,9
U09607,46,Hyderabad,Working Professional,Instagram Ads,Free,2024-03-15,No,13
U09608,18,Bangalore,Working Professional,Referral,Premium,2024-11-02,No,24
U09609,37,Bangalore,Working Professional,Referral,Premium,2025-05-19,No,2
U09610,38,Hyderabad,Family,Instagram Ads,Free,2024-03-20,Yes,58
U09611,46,Mumbai,Working Professional,Organic,Free,2025-11-14,No,15
U09612,23,Pune,Student,Google Ads,Free,2025-05-08,No,24
U09613,22,Bangalore,Working Professional,Influencer,Premium,2024-09-15,Yes,37
U09614,18,Hyderabad,Working Professional,Organic,Free,2025-05-18,No,26
U09615,36,Bangalore,Working Professional,Instagram Ads,Free,2024-11-23,No,8
U09616,18,Pune,Working Professional,Organic,Free,2025-09-17,No,8
U09617,44,Delhi,Student,Organic,Premium,2024-04-20,No,21
U09618,38,Mumbai,Student,Instagram Ads,Free,2025-05-28,No,15
U09619,38,Hyderabad,Student,Instagram Ads,Free,2025-06-24,No,5
U09620,33,Mumbai,Working Professional,Influencer,Free,2024-09-03,No,8
U09621,29,Pune,Student,Instagram Ads,Free,2024-08-08,Yes,86
U09622,44,Mumbai,Family,Instagram Ads,Premium,2025-08-29,No,7
U09623,46,Mumbai,Student,Instagram Ads,Premium,2024-11-10,No,14
U09624,39,Pune,Family,Referral,Premium,2025-01-29,No,28
U09625,25,Mumbai,Student,Instagram Ads,Premium,2025-04-24,No,8
U09626,43,Bangalore,Student,Instagram Ads,Premium,2024-01-24,Yes,102
U09627,33,Mumbai,Working Professional,Instagram Ads,Premium,2025-11-02,No,27
U09628,45,Delhi,Student,Influencer,Premium,2025-11-24,No,23
U09629,18,Bangalore,Family,Organic,Premium,2024-08-28,No,7
U09630,21,Delhi,Student,Instagram Ads,Free,2025-11-26,Yes,85
U09631,27,Pune,Working Professional,Instagram Ads,Premium,2024-12-17,No,13
U09632,49,Hyderabad,Family,Influencer,Premium,2024-12-18,No,25
U09633,28,Delhi,Working Professional,Organic,Free,2024-12-15,No,12
U09634,34,Hyderabad,Student,Influencer,Premium,2024-04-03,No,15
U09635,42,Bangalore,Student,Google Ads,Premium,2024-11-22,No,13
U09636,44,Delhi,Working Professional,Google Ads,Premium,2025-12-20,No,28
U09637,40,Delhi,Student,Google Ads,Free,2024-02-22,Yes,40
U09638,24,Mumbai,Working Professional,Instagram Ads,Free,2025-01-04,No,15
U09639,29,Hyderabad,Family,Influencer,Premium,2024-04-03,No,6
U09640,38,Bangalore,Family,Instagram Ads,Free,2025-09-01,Yes,89
U09641,24,Bangalore,Student,Google Ads,Free,2025-03-20,No,14
U09642,29,Hyderabad,Student,Organic,Free,2025-09-21,Yes,95
U09643,32,Hyderabad,Student,Organic,Free,2024-10-16,Yes,117
U09644,19,Bangalore,Working Professional,Influencer,Free,2024-12-23,No,7
U09645,31,Hyderabad,Working Professional,Organic,Premium,2024-03-01,No,19
U09646,30,Mumbai,Family,Google Ads,Free,2025-04-23,No,2
U09647,21,Pune,Working Professional,Influencer,Free,2024-09-08,Yes,119
U09648,31,Bangalore,Student,Influencer,Free,2025-07-19,Yes,41
U09649,31,Pune,Working Professional,Google Ads,Free,2024-06-29,No,12
U09650,33,Bangalore,Student,Google Ads,Premium,2024-05-27,No,13
U09651,24,Delhi,Student,Google Ads,Premium,2024-02-15,Yes,56
U09652,49,Bangalore,Student,Google Ads,Free,2024-04-27,No,13
U09653,36,Mumbai,Student,Influencer,Free,2024-04-02,Yes,116
U09654,19,Hyderabad,Working Professional,Organic,Free,2025-06-26,No,21
U09655,27,Mumbai,Working Professional,Google Ads,Free,2024-07-31,No,15
U09656,35,Pune,Student,Referral,Premium,2024-06-02,No,23
U09657,46,Bangalore,Family,Influencer,Free,2025-04-23,Yes,74
U09658,34,Hyderabad,Working Professional,Instagram Ads,Free,2025-03-22,No,3
U09659,22,Delhi,Student,Organic,Free,2024-10-04,No,22
U09660,29,Chennai,Student,Influencer,Free,2024-11-08,Yes,35
U09661,23,Pune,Working Professional,Google Ads,Free,2025-03-16,Yes,107
U09662,39,Hyderabad,Family,Referral,Premium,2025-09-07,Yes,35
U09663,49,Mumbai,Working Professional,Instagram Ads,Premium,2024-06-02,No,12
U09664,26,Bangalore,Family,Organic,Premium,2024-06-03,No,18
U09665,37,Delhi,Working Professional,Google Ads,Free,2025-07-21,No,20
U09666,18,Bangalore,Working Professional,Influencer,Free,2025-06-20,No,1
U09667,39,Delhi,Working Professional,Influencer,Premium,2025-12-22,No,7
U09668,32,Bangalore,Working Professional,Organic,Free,2025-09-28,Yes,40
U09669,38,Bangalore,Working Professional,Referral,Premium,2025-11-15,Yes,95
U09670,43,Mumbai,Family,Google Ads,Premium,2025-09-21,Yes,63
U09671,23,Mumbai,Student,Organic,Free,2025-02-04,Yes,45
U09672,36,Pune,Working Professional,Organic,Free,2024-11-09,No,19
U09673,35,Delhi,Working Professional,Influencer,Free,2025-08-17,Yes,66
U09674,23,Hyderabad,Working Professional,Organic,Free,2025-08-16,Yes,51
U09675,30,Delhi,Student,Instagram Ads,Free,2024-01-23,No,7
U09676,18,Delhi,Working Professional,Instagram Ads,Free,2025-10-09,Yes,64
U09677,40,Delhi,Working Professional,Google Ads,Free,2024-11-01,Yes,36
U09678,40,Hyderabad,Working Professional,Organic,Free,2025-02-03,No,27
U09679,43,Mumbai,Working Professional,Influencer,Free,2025-08-23,Yes,44
U09680,30,Pune,Working Professional,Google Ads,Free,2024-12-17,No,16
U09681,24,Bangalore,Student,Referral,Free,2024-07-29,No,9
U09682,32,Delhi,Family,Influencer,Premium,2025-08-16,Yes,42
U09683,29,Hyderabad,Family,Referral,Premium,2024-04-05,No,4
U09684,44,Delhi,Student,Google Ads,Free,2025-07-11,Yes,79
U09685,43,Hyderabad,Student,Instagram Ads,Free,2025-03-08,No,10
U09686,18,Delhi,Student,Influencer,Free,2024-12-25,Yes,30
U09687,32,Mumbai,Working Professional,Influencer,Free,2024-02-18,Yes,63
U09688,21,Hyderabad,Family,Google Ads,Free,2025-10-22,No,21
U09689,30,Chennai,Working Professional,Influencer,Free,2025-08-09,No,9
U09690,40,Mumbai,Family,Influencer,Free,2024-08-08,No,5
U09691,49,Pune,Student,Google Ads,Premium,2024-01-06,No,3
U09692,44,Delhi,Working Professional,Organic,Free,2024-02-24,No,13
U09693,42,Pune,Student,Google Ads,Free,2024-01-15,No,16
U09694,22,Bangalore,Student,Influencer,Free,2025-06-06,No,9
U09695,46,Delhi,Working Professional,Google Ads,Premium,2025-01-17,No,8
U09696,19,Mumbai,Student,Influencer,Premium,2024-06-15,No,28
U09697,40,Delhi,Working Professional,Referral,Free,2025-01-10,Yes,105
U09698,43,Mumbai,Working Professional,Referral,Premium,2024-03-14,No,6
U09699,18,Delhi,Family,Instagram Ads,Free,2025-11-07,No,2
U09700,33,Bangalore,Student,Google Ads,Free,2024-07-03,No,6
U09701,40,Chennai,Working Professional,Google Ads,Premium,2024-03-28,Yes,68
U09702,23,Delhi,Family,Referral,Free,2024-12-21,Yes,30
U09703,40,Bangalore,Family,Referral,Free,2024-03-05,No,6
U09704,33,Bangalore,Working Professional,Referral,Free,2024-09-29,Yes,106
U09705,31,Chennai,Working Professional,Instagram Ads,Free,2024-07-09,No,7
U09706,46,Bangalore,Working Professional,Instagram Ads,Free,2025-10-15,No,20
U09707,43,Bangalore,Working Professional,Organic,Free,2024-02-07,No,24
U09708,20,Mumbai,Working Professional,Google Ads,Free,2025-01-08,No,24
U09709,32,Delhi,Working Professional,Instagram Ads,Free,2025-10-26,No,23
U09710,20,Delhi,Working Professional,Influencer,Premium,2025-01-14,No,27
U09711,40,Mumbai,Working Professional,Google Ads,Free,2024-02-06,No,2
U09712,46,Delhi,Student,Organic,Free,2024-09-08,Yes,109
U09713,19,Bangalore,Working Professional,Referral,Free,2024-05-14,No,16
U09714,18,Mumbai,Student,Organic,Free,2024-01-11,No,3
U09715,26,Bangalore,Working Professional,Google Ads,Free,2024-07-20,No,7
U09716,26,Delhi,Student,Referral,Premium,2024-11-29,No,28
U09717,40,Chennai,Working Professional,Organic,Free,2025-02-22,No,3
U09718,24,Pune,Family,Organic,Premium,2024-08-25,No,7
U09719,20,Delhi,Working Professional,Google Ads,Free,2025-02-23,No,11
U09720,43,Mumbai,Student,Instagram Ads,Free,2025-03-29,No,16
U09721,49,Bangalore,Working Professional,Influencer,Free,2024-11-03,Yes,117
U09722,48,Delhi,Student,Organic,Free,2025-08-03,Yes,99
U09723,35,Mumbai,Working Professional,Influencer,Free,2024-06-18,Yes,112
U09724,28,Delhi,Working Professional,Google Ads,Free,2025-08-05,Yes,115
U09725,24,Chennai,Family,Google Ads,Free,2024-05-28,Yes,32
U09726,26,Pune,Student,Instagram Ads,Free,2025-05-15,No,7
U09727,18,Bangalore,Working Professional,Referral,Free,2025-08-16,No,25
U09728,46,Bangalore,Family,Influencer,Free,2025-05-27,Yes,40
U09729,31,Chennai,Family,Organic,Free,2025-03-27,Yes,59
U09730,37,Chennai,Student,Referral,Premium,2025-06-05,No,9
U09731,49,Chennai,Working Professional,Influencer,Premium,2025-03-15,Yes,96
U09732,23,Delhi,Student,Influencer,Free,2024-05-26,Yes,77
U09733,24,Delhi,Working Professional,Referral,Free,2024-10-24,No,11
U09734,27,Bangalore,Student,Referral,Free,2025-08-28,Yes,45
U09735,24,Bangalore,Family,Instagram Ads,Free,2025-01-04,Yes,61
U09736,43,Delhi,Student,Organic,Free,2024-08-20,No,10
U09737,19,Delhi,Working Professional,Organic,Premium,2025-10-21,No,14
U09738,47,Pune,Working Professional,Organic,Free,2024-05-03,Yes,105
U09739,21,Pune,Family,Referral,Free,2025-02-14,No,9
U09740,38,Mumbai,Working Professional,Instagram Ads,Premium,2024-09-04,No,27
U09741,47,Pune,Student,Google Ads,Free,2025-04-06,Yes,100
U09742,45,Bangalore,Student,Instagram Ads,Free,2025-01-16,No,9
U09743,34,Pune,Student,Referral,Free,2024-04-07,No,21
U09744,18,Mumbai,Working Professional,Instagram Ads,Free,2024-04-15,No,17
U09745,27,Delhi,Working Professional,Referral,Free,2025-11-08,No,5
U09746,36,Mumbai,Working Professional,Influencer,Free,2025-03-25,Yes,38
U09747,48,Mumbai,Student,Influencer,Free,2024-04-22,Yes,48
U09748,32,Bangalore,Working Professional,Google Ads,Free,2025-07-23,No,24
U09749,27,Delhi,Working Professional,Influencer,Premium,2025-04-24,No,19
U09750,36,Chennai,Family,Google Ads,Free,2025-04-13,No,9
U09751,49,Delhi,Working Professional,Organic,Free,2024-12-31,Yes,83
U09752,29,Delhi,Student,Referral,Free,2024-12-04,Yes,96
U09753,41,Bangalore,Working Professional,Organic,Free,2024-06-24,No,26
U09754,33,Bangalore,Student,Organic,Free,2024-10-22,Yes,41
U09755,26,Mumbai,Working Professional,Google Ads,Premium,2025-09-17,No,4
U09756,49,Hyderabad,Working Professional,Referral,Free,2024-04-03,Yes,35
U09757,32,Bangalore,Student,Google Ads,Free,2024-12-20,No,3
U09758,47,Bangalore,Student,Instagram Ads,Free,2024-03-08,Yes,116
U09759,44,Hyderabad,Student,Organic,Free,2024-05-28,Yes,67
U09760,45,Delhi,Family,Referral,Free,2024-01-05,No,28
U09761,34,Bangalore,Student,Organic,Premium,2024-09-02,No,27
U09762,49,Pune,Student,Instagram Ads,Premium,2025-11-06,No,14
U09763,31,Delhi,Student,Instagram Ads,Free,2025-10-08,No,12
U09764,44,Mumbai,Working Professional,Referral,Premium,2025-03-19,Yes,89
U09765,35,Chennai,Working Professional,Referral,Free,2024-07-02,No,6
U09766,43,Mumbai,Family,Instagram Ads,Free,2024-10-13,Yes,96
U09767,19,Mumbai,Student,Organic,Free,2024-07-30,No,10
U09768,48,Chennai,Working Professional,Influencer,Free,2025-06-20,No,14
U09769,21,Delhi,Working Professional,Organic,Free,2025-11-26,No,21
U09770,35,Delhi,Family,Influencer,Premium,2024-08-04,No,18
U09771,24,Pune,Student,Google Ads,Free,2025-04-29,Yes,54
U09772,30,Pune,Student,Referral,Free,2024-11-30,No,16
U09773,32,Mumbai,Working Professional,Instagram Ads,Free,2025-11-04,Yes,59
U09774,42,Bangalore,Student,Google Ads,Premium,2024-06-20,No,13
U09775,40,Pune,Student,Organic,Free,2025-06-02,Yes,89
U09776,45,Hyderabad,Working Professional,Influencer,Free,2025-09-06,Yes,74
U09777,39,Delhi,Working Professional,Referral,Premium,2024-11-02,No,15
U09778,49,Delhi,Working Professional,Influencer,Free,2024-06-01,Yes,79
U09779,48,Mumbai,Working Professional,Organic,Free,2025-05-01,No,2
U09780,43,Pune,Working Professional,Organic,Free,2025-11-12,Yes,111
U09781,18,Pune,Working Professional,Instagram Ads,Free,2025-02-14,Yes,71
U09782,28,Chennai,Working Professional,Google Ads,Free,2025-02-24,Yes,79
U09783,27,Pune,Working Professional,Referral,Free,2024-11-06,No,23
U09784,42,Bangalore,Student,Instagram Ads,Free,2025-05-01,No,18
U09785,22,Mumbai,Student,Influencer,Free,2025-05-14,Yes,83
U09786,33,Hyderabad,Working Professional,Google Ads,Premium,2025-07-21,No,3
U09787,28,Hyderabad,Working Professional,Referral,Premium,2024-04-01,No,14
U09788,38,Bangalore,Working Professional,Influencer,Premium,2025-11-04,No,26
U09789,23,Delhi,Working Professional,Referral,Premium,2025-10-30,No,1
U09790,26,Chennai,Student,Referral,Free,2025-05-07,No,12
U09791,30,Mumbai,Student,Google Ads,Premium,2025-11-18,No,5
U09792,41,Mumbai,Student,Influencer,Free,2024-03-12,No,28
U09793,25,Bangalore,Working Professional,Instagram Ads,Free,2024-03-17,Yes,78
U09794,31,Bangalore,Working Professional,Instagram Ads,Free,2024-02-15,No,20
U09795,41,Delhi,Working Professional,Instagram Ads,Free,2025-05-29,Yes,32
U09796,18,Pune,Working Professional,Referral,Free,2024-11-29,No,23
U09797,34,Mumbai,Family,Organic,Free,2024-08-02,No,7
U09798,41,Delhi,Family,Google Ads,Free,2024-03-17,Yes,88
U09799,22,Mumbai,Working Professional,Instagram Ads,Free,2025-05-03,No,7
U09800,42,Hyderabad,Family,Google Ads,Free,2024-08-18,No,15
U09801,19,Chennai,Working Professional,Referral,Free,2024-02-19,No,25
U09802,49,Pune,Family,Google Ads,Free,2025-10-22,No,28
U09803,42,Chennai,Family,Instagram Ads,Free,2024-04-16,No,11
U09804,45,Delhi,Family,Instagram Ads,Premium,2025-03-07,No,28
U09805,47,Delhi,Working Professional,Referral,Free,2025-11-28,No,26
U09806,41,Bangalore,Working Professional,Referral,Free,2025-05-12,Yes,63
U09807,26,Mumbai,Working Professional,Influencer,Free,2024-01-07,No,10
U09808,21,Pune,Student,Referral,Free,2024-10-18,No,1
U09809,34,Bangalore,Working Professional,Organic,Free,2024-12-07,No,9
U09810,34,Chennai,Family,Organic,Free,2024-10-06,Yes,118
U09811,38,Delhi,Student,Instagram Ads,Premium,2025-06-19,Yes,32
U09812,35,Mumbai,Working Professional,Referral,Free,2024-11-07,Yes,85
U09813,33,Bangalore,Working Professional,Organic,Premium,2025-12-25,No,4
U09814,47,Delhi,Working Professional,Organic,Premium,2025-12-01,No,19
U09815,25,Bangalore,Family,Influencer,Free,2025-05-05,No,6
U09816,43,Mumbai,Family,Referral,Premium,2024-03-17,Yes,113
U09817,28,Mumbai,Working Professional,Influencer,Free,2024-05-03,Yes,44
U09818,38,Mumbai,Student,Google Ads,Free,2024-10-10,No,1
U09819,38,Delhi,Working Professional,Influencer,Free,2025-11-02,No,17
U09820,35,Bangalore,Working Professional,Google Ads,Free,2025-04-26,No,4
U09821,40,Mumbai,Working Professional,Google Ads,Premium,2024-08-11,No,21
U09822,46,Delhi,Student,Referral,Free,2024-03-18,Yes,93
U09823,41,Mumbai,Working Professional,Google Ads,Free,2025-08-30,No,7
U09824,27,Delhi,Student,Google Ads,Free,2025-07-10,Yes,92
U09825,30,Mumbai,Working Professional,Influencer,Premium,2024-03-09,No,3
U09826,34,Delhi,Student,Referral,Free,2024-04-08,No,12
U09827,35,Bangalore,Working Professional,Referral,Premium,2024-03-08,No,19
U09828,27,Hyderabad,Student,Google Ads,Free,2024-03-18,No,10
U09829,33,Bangalore,Family,Influencer,Free,2024-05-25,No,20
U09830,37,Pune,Working Professional,Influencer,Free,2024-03-15,Yes,105
U09831,22,Mumbai,Student,Influencer,Free,2025-05-28,Yes,35
U09832,30,Bangalore,Working Professional,Influencer,Premium,2025-10-30,No,28
U09833,35,Pune,Family,Instagram Ads,Free,2024-03-27,No,6
U09834,34,Mumbai,Working Professional,Google Ads,Free,2024-02-17,No,27
U09835,26,Hyderabad,Working Professional,Google Ads,Premium,2025-07-30,No,22
U09836,31,Mumbai,Student,Google Ads,Free,2024-02-11,Yes,97
U09837,34,Mumbai,Working Professional,Referral,Free,2024-05-13,Yes,85
U09838,46,Hyderabad,Working Professional,Referral,Free,2025-08-15,No,28
U09839,48,Delhi,Working Professional,Influencer,Free,2024-01-19,No,27
U09840,21,Mumbai,Family,Referral,Free,2025-11-22,No,11
U09841,35,Delhi,Student,Organic,Free,2024-04-29,Yes,33
U09842,44,Mumbai,Student,Google Ads,Premium,2024-11-30,No,9
U09843,37,Delhi,Family,Google Ads,Premium,2025-06-14,No,3
U09844,41,Bangalore,Working Professional,Instagram Ads,Free,2024-03-10,No,23
U09845,41,Hyderabad,Student,Instagram Ads,Premium,2025-03-09,No,19
U09846,32,Hyderabad,Working Professional,Organic,Free,2024-07-07,Yes,93
U09847,28,Mumbai,Family,Instagram Ads,Free,2025-02-06,No,18
U09848,29,Chennai,Student,Influencer,Free,2025-08-28,No,15
U09849,26,Bangalore,Student,Influencer,Free,2025-10-23,Yes,89
U09850,30,Mumbai,Student,Google Ads,Free,2025-01-21,No,28
U09851,32,Pune,Family,Influencer,Premium,2025-09-27,No,24
U09852,44,Hyderabad,Family,Instagram Ads,Free,2024-05-12,No,5
U09853,32,Hyderabad,Working Professional,Organic,Free,2024-08-09,No,8
U09854,45,Delhi,Working Professional,Influencer,Premium,2024-03-07,No,22
U09855,22,Mumbai,Student,Google Ads,Free,2024-08-18,Yes,88
U09856,40,Pune,Student,Google Ads,Premium,2025-10-29,Yes,49
U09857,36,Bangalore,Family,Instagram Ads,Free,2024-05-29,No,19
U09858,43,Hyderabad,Student,Influencer,Free,2024-04-18,No,24
U09859,37,Bangalore,Working Professional,Instagram Ads,Free,2025-03-04,No,14
U09860,43,Pune,Working Professional,Google Ads,Premium,2025-05-09,No,16
U09861,42,Mumbai,Student,Organic,Premium,2025-09-06,No,15
U09862,43,Bangalore,Working Professional,Influencer,Free,2024-03-21,Yes,88
U09863,43,Delhi,Working Professional,Organic,Free,2025-09-09,Yes,50
U09864,31,Hyderabad,Working Professional,Influencer,Free,2025-06-23,No,8
U09865,45,Hyderabad,Student,Google Ads,Free,2025-05-02,No,5
U09866,34,Delhi,Student,Influencer,Free,2024-01-08,No,17
U09867,35,Bangalore,Working Professional,Google Ads,Free,2025-04-19,Yes,30
U09868,49,Mumbai,Family,Referral,Free,2024-09-10,No,13
U09869,38,Delhi,Student,Google Ads,Premium,2025-07-06,No,9
U09870,20,Mumbai,Family,Google Ads,Premium,2025-05-07,No,24
U09871,19,Delhi,Working Professional,Influencer,Premium,2025-10-26,No,14
U09872,18,Mumbai,Family,Organic,Free,2025-07-24,No,17
U09873,27,Mumbai,Student,Google Ads,Premium,2024-07-23,No,22
U09874,36,Hyderabad,Student,Influencer,Premium,2024-06-15,No,6
U09875,34,Hyderabad,Student,Google Ads,Free,2024-11-22,No,7
U09876,29,Bangalore,Working Professional,Instagram Ads,Free,2025-12-26,No,1
U09877,18,Delhi,Family,Instagram Ads,Free,2024-08-12,No,24
U09878,29,Chennai,Student,Instagram Ads,Free,2025-03-05,Yes,90
U09879,34,Hyderabad,Working Professional,Instagram Ads,Free,2025-04-23,Yes,41
U09880,41,Delhi,Student,Organic,Free,2024-04-18,Yes,45
U09881,48,Pune,Working Professional,Google Ads,Free,2025-02-20,No,11
U09882,20,Delhi,Student,Instagram Ads,Free,2025-01-07,No,10
U09883,28,Bangalore,Student,Influencer,Premium,2024-10-04,No,13
U09884,34,Mumbai,Student,Instagram Ads,Free,2025-02-14,Yes,79
U09885,40,Mumbai,Working Professional,Referral,Free,2024-07-09,No,22
U09886,43,Pune,Student,Referral,Free,2025-10-28,No,13
U09887,20,Mumbai,Student,Organic,Free,2024-01-21,No,22
U09888,25,Delhi,Student,Referral,Premium,2025-11-05,No,6
U09889,37,Chennai,Family,Influencer,Free,2024-09-06,No,18
U09890,21,Chennai,Working Professional,Instagram Ads,Premium,2025-07-12,No,21
U09891,38,Hyderabad,Working Professional,Referral,Free,2025-07-15,Yes,74
U09892,39,Mumbai,Working Professional,Referral,Free,2025-01-09,No,12
U09893,24,Delhi,Student,Organic,Free,2025-10-11,No,2
U09894,31,Hyderabad,Working Professional,Referral,Free,2025-09-14,No,6
U09895,31,Delhi,Student,Instagram Ads,Premium,2024-10-10,No,7
U09896,21,Delhi,Working Professional,Google Ads,Free,2025-11-11,No,22
U09897,33,Bangalore,Working Professional,Instagram Ads,Free,2025-12-01,Yes,33
U09898,41,Delhi,Working Professional,Referral,Free,2025-07-16,Yes,89
U09899,46,Delhi,Student,Referral,Free,2025-06-03,No,26
U09900,39,Mumbai,Student,Referral,Premium,2025-03-17,No,26
U09901,47,Delhi,Working Professional,Organic,Free,2025-03-20,Yes,63
U09902,18,Delhi,Working Professional,Influencer,Free,2025-02-20,Yes,102
U09903,34,Delhi,Student,Instagram Ads,Free,2025-06-14,Yes,54
U09904,42,Delhi,Student,Referral,Premium,2025-06-25,No,11
U09905,27,Hyderabad,Family,Google Ads,Free,2025-04-06,No,6
U09906,39,Pune,Working Professional,Organic,Free,2024-05-21,No,19
U09907,33,Mumbai,Family,Influencer,Premium,2024-04-25,No,15
U09908,33,Bangalore,Student,Referral,Premium,2024-04-16,Yes,54
U09909,43,Delhi,Working Professional,Instagram Ads,Premium,2025-06-29,No,27
U09910,25,Delhi,Student,Google Ads,Free,2024-06-26,No,14
U09911,46,Delhi,Working Professional,Organic,Free,2024-02-01,No,12
U09912,24,Bangalore,Student,Instagram Ads,Premium,2024-10-24,No,13
U09913,45,Hyderabad,Student,Instagram Ads,Free,2024-06-09,No,5
U09914,23,Bangalore,Student,Organic,Premium,2025-02-15,No,12
U09915,33,Mumbai,Working Professional,Instagram Ads,Free,2025-09-17,Yes,63
U09916,37,Delhi,Working Professional,Google Ads,Free,2025-02-26,No,26
U09917,33,Hyderabad,Working Professional,Google Ads,Free,2024-04-03,Yes,51
U09918,24,Mumbai,Family,Instagram Ads,Free,2025-06-26,Yes,90
U09919,26,Hyderabad,Working Professional,Referral,Premium,2024-05-31,No,18
U09920,31,Bangalore,Working Professional,Instagram Ads,Premium,2025-04-06,No,18
U09921,28,Hyderabad,Family,Referral,Free,2024-12-21,No,9
U09922,43,Chennai,Working Professional,Instagram Ads,Premium,2025-06-19,No,3
U09923,43,Chennai,Student,Influencer,Free,2024-08-05,No,26
U09924,31,Bangalore,Family,Google Ads,Free,2024-12-19,No,11
U09925,24,Bangalore,Student,Instagram Ads,Free,2025-07-30,Yes,94
U09926,18,Delhi,Working Professional,Google Ads,Premium,2025-12-27,No,16
U09927,43,Chennai,Student,Organic,Free,2025-02-04,Yes,68
U09928,42,Mumbai,Working Professional,Influencer,Free,2024-04-09,Yes,55
U09929,30,Delhi,Working Professional,Referral,Free,2025-02-24,No,26
U09930,37,Mumbai,Student,Organic,Free,2024-11-01,Yes,101
U09931,48,Delhi,Working Professional,Influencer,Free,2024-09-06,No,1
U09932,20,Bangalore,Working Professional,Organic,Free,2025-03-04,Yes,75
U09933,37,Bangalore,Student,Google Ads,Free,2024-10-02,No,19
U09934,21,Mumbai,Working Professional,Influencer,Free,2024-11-10,Yes,67
U09935,46,Delhi,Student,Organic,Free,2024-11-10,No,22
U09936,43,Chennai,Family,Referral,Premium,2024-03-30,No,9
U09937,28,Hyderabad,Working Professional,Influencer,Premium,2025-01-29,No,27
U09938,19,Pune,Family,Influencer,Premium,2025-03-14,Yes,109
U09939,31,Mumbai,Student,Organic,Premium,2024-09-07,No,5
U09940,29,Hyderabad,Student,Instagram Ads,Free,2025-07-30,Yes,118
U09941,47,Mumbai,Student,Referral,Free,2024-08-23,No,6
U09942,34,Delhi,Student,Referral,Free,2024-03-17,No,21
U09943,29,Delhi,Working Professional,Organic,Free,2025-07-23,No,24
U09944,43,Mumbai,Family,Google Ads,Free,2024-04-09,Yes,30
U09945,29,Delhi,Working Professional,Google Ads,Free,2025-04-05,No,28
U09946,18,Chennai,Family,Instagram Ads,Free,2025-02-01,No,7
U09947,30,Delhi,Student,Instagram Ads,Free,2024-09-01,Yes,78
U09948,31,Mumbai,Family,Organic,Free,2025-01-15,Yes,64
U09949,41,Mumbai,Student,Google Ads,Free,2024-02-21,No,10
U09950,47,Mumbai,Family,Referral,Free,2024-06-10,No,16
U09951,19,Bangalore,Student,Google Ads,Free,2024-07-09,No,17
U09952,29,Delhi,Family,Organic,Free,2024-05-01,Yes,102
U09953,43,Hyderabad,Student,Google Ads,Free,2025-02-14,No,5
U09954,38,Mumbai,Student,Influencer,Free,2024-10-20,No,14
U09955,45,Bangalore,Working Professional,Organic,Premium,2024-09-02,No,9
U09956,33,Hyderabad,Working Professional,Influencer,Premium,2024-07-02,No,14
U09957,21,Pune,Working Professional,Organic,Premium,2025-03-24,No,8
U09958,25,Pune,Family,Referral,Premium,2024-12-11,No,20
U09959,19,Bangalore,Working Professional,Organic,Free,2024-06-16,Yes,38
U09960,27,Mumbai,Working Professional,Organic,Premium,2025-09-07,Yes,98
U09961,26,Bangalore,Student,Organic,Free,2025-02-08,No,22
U09962,40,Hyderabad,Working Professional,Organic,Premium,2025-02-19,No,7
U09963,32,Pune,Working Professional,Instagram Ads,Free,2025-08-23,No,10
U09964,30,Delhi,Family,Influencer,Premium,2025-06-07,No,10
U09965,40,Mumbai,Working Professional,Organic,Free,2025-08-23,Yes,54
U09966,34,Hyderabad,Working Professional,Organic,Free,2025-10-27,No,8
U09967,47,Mumbai,Student,Instagram Ads,Free,2024-02-05,No,17
U09968,33,Mumbai,Student,Google Ads,Free,2024-01-16,Yes,88
U09969,45,Mumbai,Working Professional,Instagram Ads,Premium,2024-07-24,No,6
U09970,19,Bangalore,Student,Instagram Ads,Free,2025-05-08,Yes,116
U09971,37,Chennai,Student,Instagram Ads,Free,2025-11-04,No,19
U09972,37,Mumbai,Student,Organic,Free,2025-12-12,No,13
U09973,44,Delhi,Family,Instagram Ads,Premium,2025-02-26,No,5
U09974,31,Delhi,Student,Instagram Ads,Premium,2024-07-23,No,4
U09975,20,Delhi,Family,Instagram Ads,Free,2024-06-05,No,21
U09976,40,Bangalore,Student,Organic,Free,2025-02-18,No,12
U09977,29,Bangalore,Student,Referral,Premium,2024-10-25,No,15
U09978,25,Delhi,Working Professional,Referral,Free,2024-01-19,No,2
U09979,19,Hyderabad,Working Professional,Google Ads,Premium,2025-05-13,No,15
U09980,49,Hyderabad,Working Professional,Organic,Premium,2024-05-17,No,19
U09981,21,Delhi,Working Professional,Instagram Ads,Free,2025-07-21,Yes,100
U09982,31,Mumbai,Student,Instagram Ads,Free,2025-11-30,No,15
U09983,33,Chennai,Working Professional,Instagram Ads,Free,2024-02-12,Yes,63
U09984,36,Mumbai,Working Professional,Referral,Free,2024-10-30,No,10
U09985,19,Hyderabad,Student,Instagram Ads,Free,2024-10-22,Yes,94
U09986,29,Mumbai,Family,Instagram Ads,Free,2024-10-16,No,24
U09987,46,Hyderabad,Working Professional,Referral,Premium,2024-12-31,Yes,80
U09988,31,Hyderabad,Working Professional,Instagram Ads,Free,2025-09-16,No,1
U09989,23,Bangalore,Family,Google Ads,Free,2025-01-03,Yes,30
U09990,30,Pune,Family,Influencer,Premium,2024-05-08,No,18
U09991,49,Chennai,Working Professional,Google Ads,Free,2024-10-01,No,19
U09992,21,Bangalore,Student,Organic,Free,2024-09-13,No,18
U09993,39,Delhi,Family,Google Ads,Free,2025-01-10,No,19
U09994,35,Mumbai,Student,Google Ads,Free,2024-03-28,No,7
U09995,29,Hyderabad,Student,Referral,Premium,2024-08-03,No,5
U09996,37,Bangalore,Student,Organic,Premium,2024-12-24,No,14
U09997,44,Delhi,Working Professional,Google Ads,Free,2025-04-25,No,27
U09998,39,Delhi,Family,Influencer,Premium,2024-10-10,No,11
U09999,47,Hyderabad,Working Professional,Google Ads,Premium,2024-04-16,Yes,34
U10000,38,Delhi,Family,Instagram Ads,Premium,2025-04-27,No,11